{
    "train": {
        "accuracy": 0.7789855072463768,
        "balanced_accuracy": 0.7751630530583465,
        "precision": 0.6454545454545455,
        "recall": 0.7634408602150538,
        "roc_auc": 0.8028967624419767
    },
    "test": {
        "accuracy": 0.75,
        "balanced_accuracy": 0.7059199621122425,
        "precision": 0.6413043478260869,
        "recall": 0.5728155339805825,
        "roc_auc": 0.7392611887283922
    },
    "hyperparameters": {
        "regularization": 0.01941069798712276,
        "depth_budget": 3,
        "time_limit": 60,
        "diagnostics": true,
        "objective": "bacc",
        "theta": null,
        "w": null
    }
}