{
    "train": {
        "accuracy": 0.7644927536231884,
        "balanced_accuracy": 0.7594021770431377,
        "precision": 0.6428571428571429,
        "recall": 0.7422680412371134,
        "roc_auc": 0.789149340551748
    },
    "test": {
        "accuracy": 0.724025974025974,
        "balanced_accuracy": 0.6888231115320862,
        "precision": 0.5882352941176471,
        "recall": 0.5825242718446602,
        "roc_auc": 0.720483068908359
    },
    "hyperparameters": {
        "regularization": 0.010808721929314712,
        "depth_budget": 3,
        "time_limit": 60,
        "diagnostics": true,
        "objective": "bacc",
        "theta": null,
        "w": null
    }
}