{
    "train": {
        "accuracy": 0.6729857819905213,
        "balanced_accuracy": 0.6640575829484017,
        "precision": 0.7361344537815127,
        "recall": 0.48558758314855877,
        "roc_auc": 0.7205318839000371
    },
    "test": {
        "accuracy": 0.6557765151515151,
        "balanced_accuracy": 0.642160688541294,
        "precision": 0.6724386724386724,
        "recall": 0.4824016563146998,
        "roc_auc": 0.6902521688544908
    },
    "hyperparameters": {
        "min_samples_split": 10,
        "min_samples_leaf": 2,
        "max_depth": 3
    }
}