{
    "train": {
        "accuracy": 0.6819378620326487,
        "balanced_accuracy": 0.6748280622043603,
        "precision": 0.7393364928909952,
        "recall": 0.515986769570011,
        "roc_auc": 0.7329629316783441
    },
    "test": {
        "accuracy": 0.6676136363636364,
        "balanced_accuracy": 0.655994926994244,
        "precision": 0.6783783783783783,
        "recall": 0.5196687370600414,
        "roc_auc": 0.6927805419155294
    },
    "hyperparameters": {
        "min_samples_split": 9,
        "min_samples_leaf": 15,
        "max_depth": 3
    }
}