{
    "train": {
        "accuracy": 0.6692996313849394,
        "balanced_accuracy": 0.6625915153946444,
        "precision": 0.6734143049932524,
        "recall": 0.5638418079096045,
        "roc_auc": 0.7233070348454964
    },
    "test": {
        "accuracy": 0.6472537878787878,
        "balanced_accuracy": 0.6399168590723336,
        "precision": 0.6301531213191991,
        "recall": 0.5538302277432712,
        "roc_auc": 0.695448476833635
    },
    "hyperparameters": {
        "min_samples_split": 5,
        "min_samples_leaf": 10,
        "max_depth": 3
    }
}