{
    "train": {
        "accuracy": 0.688783570300158,
        "balanced_accuracy": 0.6865570232409425,
        "precision": 0.706766917293233,
        "recall": 0.6123778501628665,
        "roc_auc": 0.735940417746337
    },
    "test": {
        "accuracy": 0.6647727272727273,
        "balanced_accuracy": 0.6604500666644987,
        "precision": 0.6402173913043478,
        "recall": 0.6097308488612836,
        "roc_auc": 0.6999754298866523
    },
    "hyperparameters": {
        "min_samples_split": 14,
        "min_samples_leaf": 14,
        "max_depth": 3
    }
}