{
    "train": {
        "accuracy": 0.660347551342812,
        "balanced_accuracy": 0.6600730077599861,
        "precision": 0.7447495961227787,
        "recall": 0.48628691983122363,
        "roc_auc": 0.7222410786780071
    },
    "test": {
        "accuracy": 0.6642992424242424,
        "balanced_accuracy": 0.6513961605584642,
        "precision": 0.6812411847672779,
        "recall": 0.5,
        "roc_auc": 0.6927561524647798
    },
    "hyperparameters": {
        "min_samples_split": 10,
        "min_samples_leaf": 3,
        "max_depth": 3
    }
}