{
    "train": {
        "accuracy": 0.9282868525896414,
        "balanced_accuracy": 0.9285613040396882,
        "precision": 0.8681318681318682,
        "recall": 0.9294117647058824,
        "roc_auc": 0.9285613040396881
    },
    "test": {
        "accuracy": 0.9214285714285714,
        "balanced_accuracy": 0.9322222222222223,
        "precision": 0.8362068965517241,
        "recall": 0.97,
        "roc_auc": 0.9322222222222223
    },
    "hyperparameters": {
        "regularization": 0.04280502969369712,
        "depth_budget": 3,
        "time_limit": 60,
        "diagnostics": true,
        "objective": "bacc",
        "theta": null,
        "w": null
    }
}