{
    "train": {
        "accuracy": 0.9840637450199203,
        "balanced_accuracy": 0.9851312551271534,
        "precision": 0.9680851063829787,
        "recall": 0.9891304347826086,
        "roc_auc": 0.9869086683073557
    },
    "test": {
        "accuracy": 0.9357142857142857,
        "balanced_accuracy": 0.9366666666666666,
        "precision": 0.8867924528301887,
        "recall": 0.94,
        "roc_auc": 0.9158333333333333
    },
    "hyperparameters": {
        "regularization": 0.005195913543079728,
        "depth_budget": 3,
        "time_limit": 60,
        "diagnostics": true,
        "objective": "bacc",
        "theta": null,
        "w": null
    }
}