{
    "train": {
        "accuracy": 0.9175257731958762,
        "balanced_accuracy": 0.9151747655583973,
        "precision": 0.9523809523809523,
        "recall": 0.8695652173913043,
        "roc_auc": 0.9509803921568627
    },
    "test": {
        "accuracy": 0.7037037037037037,
        "balanced_accuracy": 0.6998597475455821,
        "precision": 0.6458333333333334,
        "recall": 0.6739130434782609,
        "roc_auc": 0.7096774193548386
    },
    "hyperparameters": {
        "min_sup": 9,
        "max_depth": 3,
        "time_limit": 60
    },
    "training_time": 1.8682327270507812
}