{
    "train": {
        "accuracy": 0.9278350515463918,
        "balanced_accuracy": 0.9274122807017544,
        "precision": 0.9024390243902439,
        "recall": 0.925,
        "roc_auc": 0.9467105263157894
    },
    "test": {
        "accuracy": 0.6851851851851852,
        "balanced_accuracy": 0.6697054698457223,
        "precision": 0.65,
        "recall": 0.5652173913043478,
        "roc_auc": 0.7613955119214587
    },
    "hyperparameters": {
        "min_sup": 5,
        "max_depth": 3,
        "time_limit": 60
    },
    "training_time": 2.631453037261963
}