{
    "train": {
        "accuracy": 0.8762886597938144,
        "balanced_accuracy": 0.8768085106382979,
        "precision": 0.8571428571428571,
        "recall": 0.8936170212765957,
        "roc_auc": 0.9323404255319149
    },
    "test": {
        "accuracy": 0.7314814814814815,
        "balanced_accuracy": 0.7240532959326789,
        "precision": 0.6888888888888889,
        "recall": 0.6739130434782609,
        "roc_auc": 0.7671809256661991
    },
    "hyperparameters": {
        "min_sup": 8,
        "max_depth": 3,
        "time_limit": 60
    },
    "training_time": 2.3489091396331787
}