{
    "train": {
        "accuracy": 0.9484536082474226,
        "balanced_accuracy": 0.9493617021276596,
        "precision": 0.9787234042553191,
        "recall": 0.92,
        "roc_auc": 0.9670212765957447
    },
    "test": {
        "accuracy": 0.6759259259259259,
        "balanced_accuracy": 0.6644460028050492,
        "precision": 0.627906976744186,
        "recall": 0.5869565217391305,
        "roc_auc": 0.663218793828892
    },
    "hyperparameters": {
        "min_sup": 1,
        "max_depth": 3,
        "time_limit": 60
    },
    "training_time": 3.3165059089660645
}