{
    "train": {
        "accuracy": 0.9587628865979382,
        "balanced_accuracy": 0.9580851063829787,
        "precision": 0.9777777777777777,
        "recall": 0.9361702127659575,
        "roc_auc": 0.9714893617021276
    },
    "test": {
        "accuracy": 0.6944444444444444,
        "balanced_accuracy": 0.6805750350631137,
        "precision": 0.6585365853658537,
        "recall": 0.5869565217391305,
        "roc_auc": 0.66882889200561
    },
    "hyperparameters": {
        "min_sup": 3,
        "max_depth": 3,
        "time_limit": 60
    },
    "training_time": 2.5809824466705322
}