{
    "train": {
        "accuracy": 0.4742268041237113,
        "balanced_accuracy": 0.5,
        "precision": 0.4742268041237113,
        "recall": 1.0,
        "roc_auc": 0.36295822676896844
    },
    "test": {
        "accuracy": 0.42592592592592593,
        "balanced_accuracy": 0.5,
        "precision": 0.42592592592592593,
        "recall": 1.0,
        "roc_auc": 0.5284011220196353
    },
    "hyperparameters": {
        "regularization": 0.023041589092116906,
        "depth_budget": 3,
        "time_limit": 60,
        "diagnostics": true,
        "objective": "bacc",
        "theta": null,
        "w": null
    }
}