{
    "train": {
        "accuracy": 0.7628865979381443,
        "balanced_accuracy": 0.7636170212765958,
        "precision": 0.74,
        "recall": 0.7872340425531915,
        "roc_auc": 0.7636170212765957
    },
    "test": {
        "accuracy": 0.7037037037037037,
        "balanced_accuracy": 0.7054698457223001,
        "precision": 0.6346153846153846,
        "recall": 0.717391304347826,
        "roc_auc": 0.7054698457223002
    },
    "hyperparameters": {
        "regularization": 0.056183827285179594,
        "depth_budget": 3,
        "time_limit": 60,
        "diagnostics": true,
        "objective": "bacc",
        "theta": null,
        "w": null
    }
}