{
    "train": {
        "accuracy": 0.8556701030927835,
        "balanced_accuracy": 0.8399122807017544,
        "precision": 0.8823529411764706,
        "recall": 0.75,
        "roc_auc": 0.8464912280701755
    },
    "test": {
        "accuracy": 0.6851851851851852,
        "balanced_accuracy": 0.6697054698457223,
        "precision": 0.65,
        "recall": 0.5652173913043478,
        "roc_auc": 0.6826788218793828
    },
    "hyperparameters": {
        "regularization": 0.0494655379536398,
        "depth_budget": 3,
        "time_limit": 60,
        "diagnostics": true,
        "objective": "bacc",
        "theta": null,
        "w": null
    }
}