{
    "train": {
        "accuracy": 0.845360824742268,
        "balanced_accuracy": 0.8442553191489361,
        "precision": 0.8301886792452831,
        "recall": 0.88,
        "roc_auc": 0.833404255319149
    },
    "test": {
        "accuracy": 0.6574074074074074,
        "balanced_accuracy": 0.676367461430575,
        "precision": 0.5692307692307692,
        "recall": 0.8043478260869565,
        "roc_auc": 0.63937587657784
    },
    "hyperparameters": {
        "regularization": 0.016910067768791993,
        "depth_budget": 3,
        "time_limit": 60,
        "diagnostics": true,
        "objective": "bacc",
        "theta": null,
        "w": null
    }
}