{
    "train": {
        "accuracy": 0.8144329896907216,
        "balanced_accuracy": 0.8148936170212766,
        "precision": 0.7959183673469388,
        "recall": 0.8297872340425532,
        "roc_auc": 0.8148936170212766
    },
    "test": {
        "accuracy": 0.7037037037037037,
        "balanced_accuracy": 0.7054698457223001,
        "precision": 0.6346153846153846,
        "recall": 0.717391304347826,
        "roc_auc": 0.7054698457223002
    },
    "hyperparameters": {
        "regularization": 0.16138398785239888,
        "depth_budget": 3,
        "time_limit": 60,
        "diagnostics": true,
        "objective": "bacc",
        "theta": null,
        "w": null
    }
}