{
    "train": {
        "accuracy": 0.7161664033701949,
        "balanced_accuracy": 0.7145973634952671,
        "precision": 0.7279236276849642,
        "recall": 0.6623235613463626,
        "roc_auc": 0.747223387933006
    },
    "test": {
        "accuracy": 0.6647727272727273,
        "balanced_accuracy": 0.6621573282169686,
        "precision": 0.6340956340956341,
        "recall": 0.6314699792960663,
        "roc_auc": 0.6798726509345677
    },
    "hyperparameters": {
        "min_sup": 1,
        "max_depth": 4,
        "time_limit": 60
    },
    "training_time": 60.01391410827637
}