{
    "train": {
        "accuracy": 0.7024749868351764,
        "balanced_accuracy": 0.702471748592421,
        "precision": 0.7026455026455026,
        "recall": 0.70042194092827,
        "roc_auc": 0.7278336816231638
    },
    "test": {
        "accuracy": 0.6553030303030303,
        "balanced_accuracy": 0.6566832514931764,
        "precision": 0.6120527306967984,
        "recall": 0.6728778467908902,
        "roc_auc": 0.6801296434804288
    },
    "hyperparameters": {
        "min_sup": 2,
        "max_depth": 4,
        "time_limit": 60
    },
    "training_time": 60.024564266204834
}