{
    "train": {
        "accuracy": 0.7109004739336493,
        "balanced_accuracy": 0.7084070580076111,
        "precision": 0.7167070217917676,
        "recall": 0.6527012127894156,
        "roc_auc": 0.7353436088487392
    },
    "test": {
        "accuracy": 0.6695075757575758,
        "balanced_accuracy": 0.6668455226388301,
        "precision": 0.6395833333333333,
        "recall": 0.6356107660455487,
        "roc_auc": 0.7009117138015385
    },
    "hyperparameters": {
        "min_sup": 2,
        "max_depth": 4,
        "time_limit": 60
    },
    "training_time": 60.01485848426819
}