{
    "train": {
        "accuracy": 0.7024749868351764,
        "balanced_accuracy": 0.6999062597993537,
        "precision": 0.7022809123649459,
        "recall": 0.6485587583148559,
        "roc_auc": 0.7234002450811414
    },
    "test": {
        "accuracy": 0.665719696969697,
        "balanced_accuracy": 0.6635990157501652,
        "precision": 0.63347022587269,
        "recall": 0.6387163561076604,
        "roc_auc": 0.6867518310154321
    },
    "hyperparameters": {
        "min_sup": 1,
        "max_depth": 4,
        "time_limit": 60
    },
    "training_time": 60.01819109916687
}