{
    "train": {
        "accuracy": 0.7040547656661401,
        "balanced_accuracy": 0.7041202821515729,
        "precision": 0.6745945945945946,
        "recall": 0.7050847457627119,
        "roc_auc": 0.7237215703317399
    },
    "test": {
        "accuracy": 0.6576704545454546,
        "balanced_accuracy": 0.658214367012455,
        "precision": 0.6167146974063401,
        "recall": 0.6645962732919255,
        "roc_auc": 0.6747400265212694
    },
    "hyperparameters": {
        "min_sup": 3,
        "max_depth": 4,
        "time_limit": 60
    },
    "training_time": 60.01157569885254
}