{
    "train": {
        "mse": 0.6358084752808585,
        "mae": 0.5930617661223886
    },
    "test": {
        "mse": 0.9402271619620796,
        "mae": 0.6670165079282298
    },
    "hyperparameters": {
        "min_samples_split": 14,
        "min_samples_leaf": 11,
        "criterion": "squared_error",
        "splitter": "best",
        "max_depth": 3
    },
    "parsed_tree": {
        "OCCUPATION": {
            "<= 3.5000": {
                "UNION": {
                    "<= 0.5000": {
                        "AGE": {
                            "<= 26.5000": {
                                "value": "-0.7510"
                            },
                            "> 26.5000": {
                                "value": "-0.2610"
                            }
                        }
                    },
                    "> 0.5000": {
                        "EXPERIENCE": {
                            "<= 21.5000": {
                                "value": "0.6018"
                            },
                            "> 21.5000": {
                                "value": "-0.1094"
                            }
                        }
                    }
                }
            },
            "> 3.5000": {
                "SEX": {
                    "<= 0.5000": {
                        "EDUCATION": {
                            "<= 15.5000": {
                                "value": "0.0274"
                            },
                            "> 15.5000": {
                                "value": "0.6121"
                            }
                        }
                    },
                    "> 0.5000": {
                        "EXPERIENCE": {
                            "<= 13.5000": {
                                "value": "0.5852"
                            },
                            "> 13.5000": {
                                "value": "1.4670"
                            }
                        }
                    }
                }
            }
        }
    },
    "native_representation": "|--- OCCUPATION <= 3.50\n|   |--- UNION <= 0.50\n|   |   |--- AGE <= 26.50\n|   |   |   |--- value: [-0.75]\n|   |   |--- AGE >  26.50\n|   |   |   |--- value: [-0.26]\n|   |--- UNION >  0.50\n|   |   |--- EXPERIENCE <= 21.50\n|   |   |   |--- value: [0.60]\n|   |   |--- EXPERIENCE >  21.50\n|   |   |   |--- value: [-0.11]\n|--- OCCUPATION >  3.50\n|   |--- SEX <= 0.50\n|   |   |--- EDUCATION <= 15.50\n|   |   |   |--- value: [0.03]\n|   |   |--- EDUCATION >  15.50\n|   |   |   |--- value: [0.61]\n|   |--- SEX >  0.50\n|   |   |--- EXPERIENCE <= 13.50\n|   |   |   |--- value: [0.59]\n|   |   |--- EXPERIENCE >  13.50\n|   |   |   |--- value: [1.47]\n"
}