{
    "train": {
        "mse": 0.6364024354408642,
        "mae": 0.5954313177320677
    },
    "test": {
        "mse": 0.9227294272275267,
        "mae": 0.6570427443108311
    },
    "hyperparameters": {
        "min_samples_split": 10,
        "min_samples_leaf": 14,
        "criterion": "squared_error",
        "splitter": "best",
        "max_depth": 3
    },
    "parsed_tree": {
        "OCCUPATION": {
            "<= 3.5000": {
                "EXPERIENCE": {
                    "<= 6.5000": {
                        "value": "-0.8033"
                    },
                    "> 6.5000": {
                        "UNION": {
                            "<= 0.5000": {
                                "value": "-0.3044"
                            },
                            "> 0.5000": {
                                "value": "0.3361"
                            }
                        }
                    }
                }
            },
            "> 3.5000": {
                "SEX": {
                    "<= 0.5000": {
                        "value": "0.1586"
                    },
                    "> 0.5000": {
                        "AGE": {
                            "<= 32.5000": {
                                "value": "0.4725"
                            },
                            "> 32.5000": {
                                "value": "1.3390"
                            }
                        }
                    }
                }
            }
        }
    },
    "native_representation": "|--- OCCUPATION <= 3.50\n|   |--- EXPERIENCE <= 6.50\n|   |   |--- value: [-0.80]\n|   |--- EXPERIENCE >  6.50\n|   |   |--- UNION <= 0.50\n|   |   |   |--- value: [-0.30]\n|   |   |--- UNION >  0.50\n|   |   |   |--- value: [0.34]\n|--- OCCUPATION >  3.50\n|   |--- SEX <= 0.50\n|   |   |--- value: [0.16]\n|   |--- SEX >  0.50\n|   |   |--- AGE <= 32.50\n|   |   |   |--- value: [0.47]\n|   |   |--- AGE >  32.50\n|   |   |   |--- value: [1.34]\n"
}