{
    "train": {
        "mse": 0.6806684691145849,
        "mae": 0.6218022185489867
    },
    "test": {
        "mse": 0.9332196386648602,
        "mae": 0.6821456081316857
    },
    "hyperparameters": {
        "min_samples_split": 9,
        "min_samples_leaf": 11,
        "criterion": "squared_error",
        "splitter": "best",
        "max_depth": 3
    },
    "parsed_tree": {
        "OCCUPATION": {
            "<= 3.5000": {
                "UNION": {
                    "<= 0.5000": {
                        "OCCUPATION": {
                            "<= 1.5000": {
                                "value": "-0.7140"
                            },
                            "> 1.5000": {
                                "value": "-0.3021"
                            }
                        }
                    },
                    "> 0.5000": {
                        "AGE": {
                            "<= 36.0000": {
                                "value": "0.2354"
                            },
                            "> 36.0000": {
                                "value": "0.3808"
                            }
                        }
                    }
                }
            },
            "> 3.5000": {
                "EDUCATION": {
                    "<= 13.5000": {
                        "value": "-0.0748"
                    },
                    "> 13.5000": {
                        "AGE": {
                            "<= 39.5000": {
                                "value": "0.5531"
                            },
                            "> 39.5000": {
                                "value": "1.3392"
                            }
                        }
                    }
                }
            }
        }
    },
    "native_representation": "|--- OCCUPATION <= 3.50\n|   |--- UNION <= 0.50\n|   |   |--- OCCUPATION <= 1.50\n|   |   |   |--- value: [-0.71]\n|   |   |--- OCCUPATION >  1.50\n|   |   |   |--- value: [-0.30]\n|   |--- UNION >  0.50\n|   |   |--- AGE <= 36.00\n|   |   |   |--- value: [0.24]\n|   |   |--- AGE >  36.00\n|   |   |   |--- value: [0.38]\n|--- OCCUPATION >  3.50\n|   |--- EDUCATION <= 13.50\n|   |   |--- value: [-0.07]\n|   |--- EDUCATION >  13.50\n|   |   |--- AGE <= 39.50\n|   |   |   |--- value: [0.55]\n|   |   |--- AGE >  39.50\n|   |   |   |--- value: [1.34]\n"
}