{
    "train": {
        "mse": 0.623109245069598,
        "mae": 0.5922561840978734
    },
    "test": {
        "mse": 1.1545179312369993,
        "mae": 0.7444107155587433
    },
    "hyperparameters": {
        "min_samples_split": 14,
        "min_samples_leaf": 1,
        "criterion": "squared_error",
        "splitter": "best",
        "max_depth": 3
    },
    "parsed_tree": {
        "OCCUPATION": {
            "<= 3.5000": {
                "UNION": {
                    "<= 0.5000": {
                        "AGE": {
                            "<= 33.5000": {
                                "value": "-0.6361"
                            },
                            "> 33.5000": {
                                "value": "-0.2076"
                            }
                        }
                    },
                    "> 0.5000": {
                        "EDUCATION": {
                            "<= 11.5000": {
                                "value": "-0.2198"
                            },
                            "> 11.5000": {
                                "value": "0.5006"
                            }
                        }
                    }
                }
            },
            "> 3.5000": {
                "EXPERIENCE": {
                    "<= 27.5000": {
                        "EDUCATION": {
                            "<= 13.5000": {
                                "value": "-0.1847"
                            },
                            "> 13.5000": {
                                "value": "0.5617"
                            }
                        }
                    },
                    "> 27.5000": {
                        "value": "2.1217"
                    }
                }
            }
        }
    },
    "native_representation": "|--- OCCUPATION <= 3.50\n|   |--- UNION <= 0.50\n|   |   |--- AGE <= 33.50\n|   |   |   |--- value: [-0.64]\n|   |   |--- AGE >  33.50\n|   |   |   |--- value: [-0.21]\n|   |--- UNION >  0.50\n|   |   |--- EDUCATION <= 11.50\n|   |   |   |--- value: [-0.22]\n|   |   |--- EDUCATION >  11.50\n|   |   |   |--- value: [0.50]\n|--- OCCUPATION >  3.50\n|   |--- EXPERIENCE <= 27.50\n|   |   |--- EDUCATION <= 13.50\n|   |   |   |--- value: [-0.18]\n|   |   |--- EDUCATION >  13.50\n|   |   |   |--- value: [0.56]\n|   |--- EXPERIENCE >  27.50\n|   |   |--- value: [2.12]\n"
}