{
    "train": {
        "mse": 0.6088744427987763,
        "mae": 0.5874622939701831
    },
    "test": {
        "mse": 1.2314406972635656,
        "mae": 0.7730098660525814
    },
    "hyperparameters": {
        "min_samples_split": 2,
        "min_samples_leaf": 8,
        "criterion": "squared_error",
        "splitter": "best",
        "max_depth": 3
    },
    "parsed_tree": {
        "OCCUPATION": {
            "<= 3.5000": {
                "UNION": {
                    "<= 0.5000": {
                        "EXPERIENCE": {
                            "<= 22.5000": {
                                "value": "-0.5308"
                            },
                            "> 22.5000": {
                                "value": "-0.0825"
                            }
                        }
                    },
                    "> 0.5000": {
                        "MARR": {
                            "<= 0.5000": {
                                "value": "-0.2148"
                            },
                            "> 0.5000": {
                                "value": "0.5780"
                            }
                        }
                    }
                }
            },
            "> 3.5000": {
                "SEX": {
                    "<= 0.5000": {
                        "EDUCATION": {
                            "<= 12.5000": {
                                "value": "-0.3918"
                            },
                            "> 12.5000": {
                                "value": "0.4859"
                            }
                        }
                    },
                    "> 0.5000": {
                        "EXPERIENCE": {
                            "<= 17.5000": {
                                "value": "0.5387"
                            },
                            "> 17.5000": {
                                "value": "1.9325"
                            }
                        }
                    }
                }
            }
        }
    },
    "native_representation": "|--- OCCUPATION <= 3.50\n|   |--- UNION <= 0.50\n|   |   |--- EXPERIENCE <= 22.50\n|   |   |   |--- value: [-0.53]\n|   |   |--- EXPERIENCE >  22.50\n|   |   |   |--- value: [-0.08]\n|   |--- UNION >  0.50\n|   |   |--- MARR <= 0.50\n|   |   |   |--- value: [-0.21]\n|   |   |--- MARR >  0.50\n|   |   |   |--- value: [0.58]\n|--- OCCUPATION >  3.50\n|   |--- SEX <= 0.50\n|   |   |--- EDUCATION <= 12.50\n|   |   |   |--- value: [-0.39]\n|   |   |--- EDUCATION >  12.50\n|   |   |   |--- value: [0.49]\n|   |--- SEX >  0.50\n|   |   |--- EXPERIENCE <= 17.50\n|   |   |   |--- value: [0.54]\n|   |   |--- EXPERIENCE >  17.50\n|   |   |   |--- value: [1.93]\n"
}