{
    "train": {
        "mse": 0.5319334780719597,
        "mae": 0.5116442414677467
    },
    "test": {
        "mse": 1.0263865363600089,
        "mae": 0.704125443314492
    },
    "hyperparameters": {
        "min_samples_split": 2,
        "min_samples_leaf": 1,
        "criterion": "squared_error",
        "splitter": "best",
        "max_depth": 4
    },
    "parsed_tree": {
        "OCCUPATION": {
            "<= 3.5000": {
                "UNION": {
                    "<= 0.5000": {
                        "OCCUPATION": {
                            "<= 1.5000": {
                                "SEX": {
                                    "<= 0.5000": {
                                        "value": "-0.8273"
                                    },
                                    "> 0.5000": {
                                        "value": "-0.4645"
                                    }
                                }
                            },
                            "> 1.5000": {
                                "AGE": {
                                    "<= 31.5000": {
                                        "value": "-0.5427"
                                    },
                                    "> 31.5000": {
                                        "value": "-0.0804"
                                    }
                                }
                            }
                        }
                    },
                    "> 0.5000": {
                        "EDUCATION": {
                            "<= 11.5000": {
                                "MARR": {
                                    "<= 0.5000": {
                                        "value": "-0.5720"
                                    },
                                    "> 0.5000": {
                                        "value": "0.0059"
                                    }
                                }
                            },
                            "> 11.5000": {
                                "EXPERIENCE": {
                                    "<= 9.0000": {
                                        "value": "-0.3424"
                                    },
                                    "> 9.0000": {
                                        "value": "0.7844"
                                    }
                                }
                            }
                        }
                    }
                }
            },
            "> 3.5000": {
                "EDUCATION": {
                    "<= 12.5000": {
                        "EXPERIENCE": {
                            "<= 32.0000": {
                                "EXPERIENCE": {
                                    "<= 25.5000": {
                                        "value": "-0.6804"
                                    },
                                    "> 25.5000": {
                                        "value": "0.5142"
                                    }
                                }
                            },
                            "> 32.0000": {
                                "OCCUPATION": {
                                    "<= 4.5000": {
                                        "value": "-0.6110"
                                    },
                                    "> 4.5000": {
                                        "value": "-1.0332"
                                    }
                                }
                            }
                        }
                    },
                    "> 12.5000": {
                        "EXPERIENCE": {
                            "<= 17.5000": {
                                "SECTOR": {
                                    "<= 1.0000": {
                                        "value": "0.4250"
                                    },
                                    "> 1.0000": {
                                        "value": "1.2566"
                                    }
                                }
                            },
                            "> 17.5000": {
                                "OCCUPATION": {
                                    "<= 4.5000": {
                                        "value": "0.6103"
                                    },
                                    "> 4.5000": {
                                        "value": "2.0771"
                                    }
                                }
                            }
                        }
                    }
                }
            }
        }
    },
    "native_representation": "|--- OCCUPATION <= 3.50\n|   |--- UNION <= 0.50\n|   |   |--- OCCUPATION <= 1.50\n|   |   |   |--- SEX <= 0.50\n|   |   |   |   |--- value: [-0.83]\n|   |   |   |--- SEX >  0.50\n|   |   |   |   |--- value: [-0.46]\n|   |   |--- OCCUPATION >  1.50\n|   |   |   |--- AGE <= 31.50\n|   |   |   |   |--- value: [-0.54]\n|   |   |   |--- AGE >  31.50\n|   |   |   |   |--- value: [-0.08]\n|   |--- UNION >  0.50\n|   |   |--- EDUCATION <= 11.50\n|   |   |   |--- MARR <= 0.50\n|   |   |   |   |--- value: [-0.57]\n|   |   |   |--- MARR >  0.50\n|   |   |   |   |--- value: [0.01]\n|   |   |--- EDUCATION >  11.50\n|   |   |   |--- EXPERIENCE <= 9.00\n|   |   |   |   |--- value: [-0.34]\n|   |   |   |--- EXPERIENCE >  9.00\n|   |   |   |   |--- value: [0.78]\n|--- OCCUPATION >  3.50\n|   |--- EDUCATION <= 12.50\n|   |   |--- EXPERIENCE <= 32.00\n|   |   |   |--- EXPERIENCE <= 25.50\n|   |   |   |   |--- value: [-0.68]\n|   |   |   |--- EXPERIENCE >  25.50\n|   |   |   |   |--- value: [0.51]\n|   |   |--- EXPERIENCE >  32.00\n|   |   |   |--- OCCUPATION <= 4.50\n|   |   |   |   |--- value: [-0.61]\n|   |   |   |--- OCCUPATION >  4.50\n|   |   |   |   |--- value: [-1.03]\n|   |--- EDUCATION >  12.50\n|   |   |--- EXPERIENCE <= 17.50\n|   |   |   |--- SECTOR <= 1.00\n|   |   |   |   |--- value: [0.43]\n|   |   |   |--- SECTOR >  1.00\n|   |   |   |   |--- value: [1.26]\n|   |   |--- EXPERIENCE >  17.50\n|   |   |   |--- OCCUPATION <= 4.50\n|   |   |   |   |--- value: [0.61]\n|   |   |   |--- OCCUPATION >  4.50\n|   |   |   |   |--- value: [2.08]\n"
}