{
    "train": {
        "mse": 0.4397070235583492,
        "mae": 0.5141105081350904
    },
    "test": {
        "mse": 1.3992724833554684,
        "mae": 0.8091198480207297
    },
    "hyperparameters": {
        "min_samples_split": 8,
        "min_samples_leaf": 1,
        "criterion": "squared_error",
        "splitter": "best",
        "max_depth": 4
    },
    "parsed_tree": {
        "OCCUPATION": {
            "<= 3.5000": {
                "UNION": {
                    "<= 0.5000": {
                        "EXPERIENCE": {
                            "<= 22.5000": {
                                "AGE": {
                                    "<= 26.5000": {
                                        "value": "-0.7270"
                                    },
                                    "> 26.5000": {
                                        "value": "-0.3952"
                                    }
                                }
                            },
                            "> 22.5000": {
                                "EDUCATION": {
                                    "<= 11.5000": {
                                        "value": "-0.5233"
                                    },
                                    "> 11.5000": {
                                        "value": "0.1378"
                                    }
                                }
                            }
                        }
                    },
                    "> 0.5000": {
                        "MARR": {
                            "<= 0.5000": {
                                "AGE": {
                                    "<= 26.0000": {
                                        "value": "-0.6646"
                                    },
                                    "> 26.0000": {
                                        "value": "-0.0461"
                                    }
                                }
                            },
                            "> 0.5000": {
                                "EDUCATION": {
                                    "<= 13.5000": {
                                        "value": "0.3777"
                                    },
                                    "> 13.5000": {
                                        "value": "3.7835"
                                    }
                                }
                            }
                        }
                    }
                }
            },
            "> 3.5000": {
                "SEX": {
                    "<= 0.5000": {
                        "EDUCATION": {
                            "<= 12.5000": {
                                "RACE": {
                                    "<= 0.5000": {
                                        "value": "0.6011"
                                    },
                                    "> 0.5000": {
                                        "value": "-0.5159"
                                    }
                                }
                            },
                            "> 12.5000": {
                                "SOUTH": {
                                    "<= 0.5000": {
                                        "value": "1.9474"
                                    },
                                    "> 0.5000": {
                                        "value": "0.3467"
                                    }
                                }
                            }
                        }
                    },
                    "> 0.5000": {
                        "AGE": {
                            "<= 37.5000": {
                                "SECTOR": {
                                    "<= 1.5000": {
                                        "value": "0.3536"
                                    },
                                    "> 1.5000": {
                                        "value": "2.5752"
                                    }
                                }
                            },
                            "> 37.5000": {
                                "OCCUPATION": {
                                    "<= 4.5000": {
                                        "value": "0.8809"
                                    },
                                    "> 4.5000": {
                                        "value": "2.3832"
                                    }
                                }
                            }
                        }
                    }
                }
            }
        }
    },
    "native_representation": "|--- OCCUPATION <= 3.50\n|   |--- UNION <= 0.50\n|   |   |--- EXPERIENCE <= 22.50\n|   |   |   |--- AGE <= 26.50\n|   |   |   |   |--- value: [-0.73]\n|   |   |   |--- AGE >  26.50\n|   |   |   |   |--- value: [-0.40]\n|   |   |--- EXPERIENCE >  22.50\n|   |   |   |--- EDUCATION <= 11.50\n|   |   |   |   |--- value: [-0.52]\n|   |   |   |--- EDUCATION >  11.50\n|   |   |   |   |--- value: [0.14]\n|   |--- UNION >  0.50\n|   |   |--- MARR <= 0.50\n|   |   |   |--- AGE <= 26.00\n|   |   |   |   |--- value: [-0.66]\n|   |   |   |--- AGE >  26.00\n|   |   |   |   |--- value: [-0.05]\n|   |   |--- MARR >  0.50\n|   |   |   |--- EDUCATION <= 13.50\n|   |   |   |   |--- value: [0.38]\n|   |   |   |--- EDUCATION >  13.50\n|   |   |   |   |--- value: [3.78]\n|--- OCCUPATION >  3.50\n|   |--- SEX <= 0.50\n|   |   |--- EDUCATION <= 12.50\n|   |   |   |--- RACE <= 0.50\n|   |   |   |   |--- value: [0.60]\n|   |   |   |--- RACE >  0.50\n|   |   |   |   |--- value: [-0.52]\n|   |   |--- EDUCATION >  12.50\n|   |   |   |--- SOUTH <= 0.50\n|   |   |   |   |--- value: [1.95]\n|   |   |   |--- SOUTH >  0.50\n|   |   |   |   |--- value: [0.35]\n|   |--- SEX >  0.50\n|   |   |--- AGE <= 37.50\n|   |   |   |--- SECTOR <= 1.50\n|   |   |   |   |--- value: [0.35]\n|   |   |   |--- SECTOR >  1.50\n|   |   |   |   |--- value: [2.58]\n|   |   |--- AGE >  37.50\n|   |   |   |--- OCCUPATION <= 4.50\n|   |   |   |   |--- value: [0.88]\n|   |   |   |--- OCCUPATION >  4.50\n|   |   |   |   |--- value: [2.38]\n"
}