{
    "train": {
        "mse": 0.571617261968968,
        "mae": 0.5657098758380092
    },
    "test": {
        "mse": 1.1615504901177252,
        "mae": 0.755334407366192
    },
    "hyperparameters": {
        "min_samples_split": 8,
        "min_samples_leaf": 4,
        "criterion": "squared_error",
        "splitter": "best",
        "max_depth": 4
    },
    "parsed_tree": {
        "OCCUPATION": {
            "<= 3.5000": {
                "UNION": {
                    "<= 0.5000": {
                        "AGE": {
                            "<= 33.5000": {
                                "SEX": {
                                    "<= 0.5000": {
                                        "value": "-0.8209"
                                    },
                                    "> 0.5000": {
                                        "value": "-0.4661"
                                    }
                                }
                            },
                            "> 33.5000": {
                                "SEX": {
                                    "<= 0.5000": {
                                        "value": "-0.3515"
                                    },
                                    "> 0.5000": {
                                        "value": "0.0877"
                                    }
                                }
                            }
                        }
                    },
                    "> 0.5000": {
                        "EDUCATION": {
                            "<= 11.5000": {
                                "EDUCATION": {
                                    "<= 9.5000": {
                                        "value": "-0.0274"
                                    },
                                    "> 9.5000": {
                                        "value": "-0.3737"
                                    }
                                }
                            },
                            "> 11.5000": {
                                "SEX": {
                                    "<= 0.5000": {
                                        "value": "-0.0827"
                                    },
                                    "> 0.5000": {
                                        "value": "0.6626"
                                    }
                                }
                            }
                        }
                    }
                }
            },
            "> 3.5000": {
                "EXPERIENCE": {
                    "<= 27.5000": {
                        "EDUCATION": {
                            "<= 13.5000": {
                                "SOUTH": {
                                    "<= 0.5000": {
                                        "value": "0.3049"
                                    },
                                    "> 0.5000": {
                                        "value": "-0.4645"
                                    }
                                }
                            },
                            "> 13.5000": {
                                "MARR": {
                                    "<= 0.5000": {
                                        "value": "0.9142"
                                    },
                                    "> 0.5000": {
                                        "value": "0.4066"
                                    }
                                }
                            }
                        }
                    },
                    "> 27.5000": {
                        "value": "2.1217"
                    }
                }
            }
        }
    },
    "native_representation": "|--- OCCUPATION <= 3.50\n|   |--- UNION <= 0.50\n|   |   |--- AGE <= 33.50\n|   |   |   |--- SEX <= 0.50\n|   |   |   |   |--- value: [-0.82]\n|   |   |   |--- SEX >  0.50\n|   |   |   |   |--- value: [-0.47]\n|   |   |--- AGE >  33.50\n|   |   |   |--- SEX <= 0.50\n|   |   |   |   |--- value: [-0.35]\n|   |   |   |--- SEX >  0.50\n|   |   |   |   |--- value: [0.09]\n|   |--- UNION >  0.50\n|   |   |--- EDUCATION <= 11.50\n|   |   |   |--- EDUCATION <= 9.50\n|   |   |   |   |--- value: [-0.03]\n|   |   |   |--- EDUCATION >  9.50\n|   |   |   |   |--- value: [-0.37]\n|   |   |--- EDUCATION >  11.50\n|   |   |   |--- SEX <= 0.50\n|   |   |   |   |--- value: [-0.08]\n|   |   |   |--- SEX >  0.50\n|   |   |   |   |--- value: [0.66]\n|--- OCCUPATION >  3.50\n|   |--- EXPERIENCE <= 27.50\n|   |   |--- EDUCATION <= 13.50\n|   |   |   |--- SOUTH <= 0.50\n|   |   |   |   |--- value: [0.30]\n|   |   |   |--- SOUTH >  0.50\n|   |   |   |   |--- value: [-0.46]\n|   |   |--- EDUCATION >  13.50\n|   |   |   |--- MARR <= 0.50\n|   |   |   |   |--- value: [0.91]\n|   |   |   |--- MARR >  0.50\n|   |   |   |   |--- value: [0.41]\n|   |--- EXPERIENCE >  27.50\n|   |   |--- value: [2.12]\n"
}