{
    "train": {
        "mse": 0.4399669430043738,
        "mae": 0.47217830918849507
    },
    "test": {
        "mse": 1.3644223823557713,
        "mae": 0.787474037714955
    },
    "hyperparameters": {
        "min_samples_split": 2,
        "min_samples_leaf": 1,
        "criterion": "squared_error",
        "splitter": "best",
        "max_depth": 4
    },
    "parsed_tree": {
        "OCCUPATION": {
            "<= 3.5000": {
                "UNION": {
                    "<= 0.5000": {
                        "AGE": {
                            "<= 26.5000": {
                                "SECTOR": {
                                    "<= 1.5000": {
                                        "value": "-0.7898"
                                    },
                                    "> 1.5000": {
                                        "value": "0.4496"
                                    }
                                }
                            },
                            "> 26.5000": {
                                "EDUCATION": {
                                    "<= 11.5000": {
                                        "value": "-0.7141"
                                    },
                                    "> 11.5000": {
                                        "value": "-0.1100"
                                    }
                                }
                            }
                        }
                    },
                    "> 0.5000": {
                        "EDUCATION": {
                            "<= 13.5000": {
                                "EXPERIENCE": {
                                    "<= 39.0000": {
                                        "value": "0.2160"
                                    },
                                    "> 39.0000": {
                                        "value": "-0.4077"
                                    }
                                }
                            },
                            "> 13.5000": {
                                "AGE": {
                                    "<= 40.0000": {
                                        "value": "0.4591"
                                    },
                                    "> 40.0000": {
                                        "value": "3.3120"
                                    }
                                }
                            }
                        }
                    }
                }
            },
            "> 3.5000": {
                "SEX": {
                    "<= 0.5000": {
                        "EDUCATION": {
                            "<= 15.5000": {
                                "EXPERIENCE": {
                                    "<= 33.5000": {
                                        "value": "0.1528"
                                    },
                                    "> 33.5000": {
                                        "value": "-0.6623"
                                    }
                                }
                            },
                            "> 15.5000": {
                                "AGE": {
                                    "<= 27.5000": {
                                        "value": "3.1116"
                                    },
                                    "> 27.5000": {
                                        "value": "0.4454"
                                    }
                                }
                            }
                        }
                    },
                    "> 0.5000": {
                        "EXPERIENCE": {
                            "<= 7.5000": {
                                "EXPERIENCE": {
                                    "<= 5.0000": {
                                        "value": "-0.6702"
                                    },
                                    "> 5.0000": {
                                        "value": "-0.0409"
                                    }
                                }
                            },
                            "> 7.5000": {
                                "AGE": {
                                    "<= 53.5000": {
                                        "value": "1.1564"
                                    },
                                    "> 53.5000": {
                                        "value": "3.2403"
                                    }
                                }
                            }
                        }
                    }
                }
            }
        }
    },
    "native_representation": "|--- OCCUPATION <= 3.50\n|   |--- UNION <= 0.50\n|   |   |--- AGE <= 26.50\n|   |   |   |--- SECTOR <= 1.50\n|   |   |   |   |--- value: [-0.79]\n|   |   |   |--- SECTOR >  1.50\n|   |   |   |   |--- value: [0.45]\n|   |   |--- AGE >  26.50\n|   |   |   |--- EDUCATION <= 11.50\n|   |   |   |   |--- value: [-0.71]\n|   |   |   |--- EDUCATION >  11.50\n|   |   |   |   |--- value: [-0.11]\n|   |--- UNION >  0.50\n|   |   |--- EDUCATION <= 13.50\n|   |   |   |--- EXPERIENCE <= 39.00\n|   |   |   |   |--- value: [0.22]\n|   |   |   |--- EXPERIENCE >  39.00\n|   |   |   |   |--- value: [-0.41]\n|   |   |--- EDUCATION >  13.50\n|   |   |   |--- AGE <= 40.00\n|   |   |   |   |--- value: [0.46]\n|   |   |   |--- AGE >  40.00\n|   |   |   |   |--- value: [3.31]\n|--- OCCUPATION >  3.50\n|   |--- SEX <= 0.50\n|   |   |--- EDUCATION <= 15.50\n|   |   |   |--- EXPERIENCE <= 33.50\n|   |   |   |   |--- value: [0.15]\n|   |   |   |--- EXPERIENCE >  33.50\n|   |   |   |   |--- value: [-0.66]\n|   |   |--- EDUCATION >  15.50\n|   |   |   |--- AGE <= 27.50\n|   |   |   |   |--- value: [3.11]\n|   |   |   |--- AGE >  27.50\n|   |   |   |   |--- value: [0.45]\n|   |--- SEX >  0.50\n|   |   |--- EXPERIENCE <= 7.50\n|   |   |   |--- EXPERIENCE <= 5.00\n|   |   |   |   |--- value: [-0.67]\n|   |   |   |--- EXPERIENCE >  5.00\n|   |   |   |   |--- value: [-0.04]\n|   |   |--- EXPERIENCE >  7.50\n|   |   |   |--- AGE <= 53.50\n|   |   |   |   |--- value: [1.16]\n|   |   |   |--- AGE >  53.50\n|   |   |   |   |--- value: [3.24]\n"
}