{
    "train": {
        "mse": 0.5091046455312113,
        "mae": 0.5056798957596256
    },
    "test": {
        "mse": 0.9727182194705676,
        "mae": 0.6511250290862781
    },
    "hyperparameters": {
        "min_samples_split": 16,
        "min_samples_leaf": 3,
        "criterion": "squared_error",
        "splitter": "best",
        "max_depth": 4
    },
    "parsed_tree": {
        "OCCUPATION": {
            "<= 3.5000": {
                "EXPERIENCE": {
                    "<= 6.5000": {
                        "EXPERIENCE": {
                            "<= 0.5000": {
                                "value": "-1.0306"
                            },
                            "> 0.5000": {
                                "OCCUPATION": {
                                    "<= 2.5000": {
                                        "value": "-0.8431"
                                    },
                                    "> 2.5000": {
                                        "value": "-0.6328"
                                    }
                                }
                            }
                        }
                    },
                    "> 6.5000": {
                        "UNION": {
                            "<= 0.5000": {
                                "SOUTH": {
                                    "<= 0.5000": {
                                        "value": "-0.6309"
                                    },
                                    "> 0.5000": {
                                        "value": "-0.1356"
                                    }
                                }
                            },
                            "> 0.5000": {
                                "SEX": {
                                    "<= 0.5000": {
                                        "value": "-0.2892"
                                    },
                                    "> 0.5000": {
                                        "value": "0.6772"
                                    }
                                }
                            }
                        }
                    }
                }
            },
            "> 3.5000": {
                "SEX": {
                    "<= 0.5000": {
                        "EDUCATION": {
                            "<= 15.0000": {
                                "value": "-0.3259"
                            },
                            "> 15.0000": {
                                "SOUTH": {
                                    "<= 0.5000": {
                                        "value": "1.5862"
                                    },
                                    "> 0.5000": {
                                        "value": "0.2391"
                                    }
                                }
                            }
                        }
                    },
                    "> 0.5000": {
                        "AGE": {
                            "<= 25.5000": {
                                "value": "-0.5509"
                            },
                            "> 25.5000": {
                                "AGE": {
                                    "<= 49.0000": {
                                        "value": "0.9191"
                                    },
                                    "> 49.0000": {
                                        "value": "1.8435"
                                    }
                                }
                            }
                        }
                    }
                }
            }
        }
    },
    "native_representation": "|--- OCCUPATION <= 3.50\n|   |--- EXPERIENCE <= 6.50\n|   |   |--- EXPERIENCE <= 0.50\n|   |   |   |--- value: [-1.03]\n|   |   |--- EXPERIENCE >  0.50\n|   |   |   |--- OCCUPATION <= 2.50\n|   |   |   |   |--- value: [-0.84]\n|   |   |   |--- OCCUPATION >  2.50\n|   |   |   |   |--- value: [-0.63]\n|   |--- EXPERIENCE >  6.50\n|   |   |--- UNION <= 0.50\n|   |   |   |--- SOUTH <= 0.50\n|   |   |   |   |--- value: [-0.63]\n|   |   |   |--- SOUTH >  0.50\n|   |   |   |   |--- value: [-0.14]\n|   |   |--- UNION >  0.50\n|   |   |   |--- SEX <= 0.50\n|   |   |   |   |--- value: [-0.29]\n|   |   |   |--- SEX >  0.50\n|   |   |   |   |--- value: [0.68]\n|--- OCCUPATION >  3.50\n|   |--- SEX <= 0.50\n|   |   |--- EDUCATION <= 15.00\n|   |   |   |--- value: [-0.33]\n|   |   |--- EDUCATION >  15.00\n|   |   |   |--- SOUTH <= 0.50\n|   |   |   |   |--- value: [1.59]\n|   |   |   |--- SOUTH >  0.50\n|   |   |   |   |--- value: [0.24]\n|   |--- SEX >  0.50\n|   |   |--- AGE <= 25.50\n|   |   |   |--- value: [-0.55]\n|   |   |--- AGE >  25.50\n|   |   |   |--- AGE <= 49.00\n|   |   |   |   |--- value: [0.92]\n|   |   |   |--- AGE >  49.00\n|   |   |   |   |--- value: [1.84]\n"
}