{
    "train": {
        "accuracy": 0.7703349282296651,
        "balanced_accuracy": 0.7577401129943502,
        "precision": 0.5733333333333334,
        "recall": 0.7288135593220338,
        "roc_auc": 0.8457627118644068
    },
    "test": {
        "accuracy": 0.5897435897435898,
        "balanced_accuracy": 0.547233890428099,
        "precision": 0.33707865168539325,
        "recall": 0.44776119402985076,
        "roc_auc": 0.6114487443024399
    },
    "hyperparameters": {
        "min_samples_split": 9,
        "min_samples_leaf": 10,
        "criterion": "gini",
        "splitter": "best",
        "max_depth": 4,
        "class_weight": "balanced"
    },
    "parsed_tree": {
        "sgot_aspartate_aminotransferase": {
            "<= 48.5000": {
                "alkphos_alkaline_phosphatase": {
                    "<= 212.0000": {
                        "age": {
                            "<= 48.5000": {
                                "age": {
                                    "<= 30.5000": {
                                        "value": 1
                                    },
                                    "> 30.5000": {
                                        "value": 0
                                    }
                                }
                            },
                            "> 48.5000": {
                                "alkphos_alkaline_phosphatase": {
                                    "<= 183.5000": {
                                        "value": 1
                                    },
                                    "> 183.5000": {
                                        "value": 1
                                    }
                                }
                            }
                        }
                    },
                    "> 212.0000": {
                        "albumin_globulin_ratio": {
                            "<= 0.7750": {
                                "value": 1
                            },
                            "> 0.7750": {
                                "albumin": {
                                    "<= 3.9500": {
                                        "value": 0
                                    },
                                    "> 3.9500": {
                                        "value": 1
                                    }
                                }
                            }
                        }
                    }
                }
            },
            "> 48.5000": {
                "direct_bilirubin": {
                    "<= 0.2500": {
                        "sgpt_alanine_aminotransferase": {
                            "<= 48.5000": {
                                "value": 1
                            },
                            "> 48.5000": {
                                "value": 0
                            }
                        }
                    },
                    "> 0.2500": {
                        "alkphos_alkaline_phosphatase": {
                            "<= 350.0000": {
                                "total_proteins": {
                                    "<= 7.2500": {
                                        "value": 0
                                    },
                                    "> 7.2500": {
                                        "value": 0
                                    }
                                }
                            },
                            "> 350.0000": {
                                "total_proteins": {
                                    "<= 6.5500": {
                                        "value": 0
                                    },
                                    "> 6.5500": {
                                        "value": 0
                                    }
                                }
                            }
                        }
                    }
                }
            }
        }
    },
    "native_representation": "|--- sgot_aspartate_aminotransferase <= 48.50\n|   |--- alkphos_alkaline_phosphatase <= 212.00\n|   |   |--- age <= 48.50\n|   |   |   |--- age <= 30.50\n|   |   |   |   |--- class: 1\n|   |   |   |--- age >  30.50\n|   |   |   |   |--- class: 0\n|   |   |--- age >  48.50\n|   |   |   |--- alkphos_alkaline_phosphatase <= 183.50\n|   |   |   |   |--- class: 1\n|   |   |   |--- alkphos_alkaline_phosphatase >  183.50\n|   |   |   |   |--- class: 1\n|   |--- alkphos_alkaline_phosphatase >  212.00\n|   |   |--- albumin_globulin_ratio <= 0.78\n|   |   |   |--- class: 1\n|   |   |--- albumin_globulin_ratio >  0.78\n|   |   |   |--- albumin <= 3.95\n|   |   |   |   |--- class: 0\n|   |   |   |--- albumin >  3.95\n|   |   |   |   |--- class: 1\n|--- sgot_aspartate_aminotransferase >  48.50\n|   |--- direct_bilirubin <= 0.25\n|   |   |--- sgpt_alanine_aminotransferase <= 48.50\n|   |   |   |--- class: 1\n|   |   |--- sgpt_alanine_aminotransferase >  48.50\n|   |   |   |--- class: 0\n|   |--- direct_bilirubin >  0.25\n|   |   |--- alkphos_alkaline_phosphatase <= 350.00\n|   |   |   |--- total_proteins <= 7.25\n|   |   |   |   |--- class: 0\n|   |   |   |--- total_proteins >  7.25\n|   |   |   |   |--- class: 0\n|   |   |--- alkphos_alkaline_phosphatase >  350.00\n|   |   |   |--- total_proteins <= 6.55\n|   |   |   |   |--- class: 0\n|   |   |   |--- total_proteins >  6.55\n|   |   |   |   |--- class: 0\n"
}