{
    "train": {
        "accuracy": 0.7607655502392344,
        "balanced_accuracy": 0.7916666666666667,
        "precision": 0.5384615384615384,
        "recall": 0.8596491228070176,
        "roc_auc": 0.8621306555863342
    },
    "test": {
        "accuracy": 0.6111111111111112,
        "balanced_accuracy": 0.5845473232639199,
        "precision": 0.3723404255319149,
        "recall": 0.5223880597014925,
        "roc_auc": 0.6197604790419162
    },
    "hyperparameters": {
        "min_samples_split": 4,
        "min_samples_leaf": 12,
        "criterion": "gini",
        "splitter": "best",
        "max_depth": 4,
        "class_weight": "balanced"
    },
    "parsed_tree": {
        "alkphos_alkaline_phosphatase": {
            "<= 195.5000": {
                "albumin_globulin_ratio": {
                    "<= 0.7750": {
                        "value": 0
                    },
                    "> 0.7750": {
                        "gender": {
                            "<= 0.5000": {
                                "value": 1
                            },
                            "> 0.5000": {
                                "sgpt_alanine_aminotransferase": {
                                    "<= 32.5000": {
                                        "value": 1
                                    },
                                    "> 32.5000": {
                                        "value": 1
                                    }
                                }
                            }
                        }
                    }
                }
            },
            "> 195.5000": {
                "sgot_aspartate_aminotransferase": {
                    "<= 51.5000": {
                        "direct_bilirubin": {
                            "<= 0.5500": {
                                "albumin": {
                                    "<= 3.1500": {
                                        "value": 1
                                    },
                                    "> 3.1500": {
                                        "value": 0
                                    }
                                }
                            },
                            "> 0.5500": {
                                "value": 0
                            }
                        }
                    },
                    "> 51.5000": {
                        "albumin": {
                            "<= 3.8000": {
                                "sgpt_alanine_aminotransferase": {
                                    "<= 163.5000": {
                                        "value": 0
                                    },
                                    "> 163.5000": {
                                        "value": 0
                                    }
                                }
                            },
                            "> 3.8000": {
                                "value": 0
                            }
                        }
                    }
                }
            }
        }
    },
    "native_representation": "|--- alkphos_alkaline_phosphatase <= 195.50\n|   |--- albumin_globulin_ratio <= 0.78\n|   |   |--- class: 0\n|   |--- albumin_globulin_ratio >  0.78\n|   |   |--- gender <= 0.50\n|   |   |   |--- class: 1\n|   |   |--- gender >  0.50\n|   |   |   |--- sgpt_alanine_aminotransferase <= 32.50\n|   |   |   |   |--- class: 1\n|   |   |   |--- sgpt_alanine_aminotransferase >  32.50\n|   |   |   |   |--- class: 1\n|--- alkphos_alkaline_phosphatase >  195.50\n|   |--- sgot_aspartate_aminotransferase <= 51.50\n|   |   |--- direct_bilirubin <= 0.55\n|   |   |   |--- albumin <= 3.15\n|   |   |   |   |--- class: 1\n|   |   |   |--- albumin >  3.15\n|   |   |   |   |--- class: 0\n|   |   |--- direct_bilirubin >  0.55\n|   |   |   |--- class: 0\n|   |--- sgot_aspartate_aminotransferase >  51.50\n|   |   |--- albumin <= 3.80\n|   |   |   |--- sgpt_alanine_aminotransferase <= 163.50\n|   |   |   |   |--- class: 0\n|   |   |   |--- sgpt_alanine_aminotransferase >  163.50\n|   |   |   |   |--- class: 0\n|   |   |--- albumin >  3.80\n|   |   |   |--- class: 0\n"
}