{
    "train": {
        "accuracy": 0.6985645933014354,
        "balanced_accuracy": 0.725592520113068,
        "precision": 0.5,
        "recall": 0.7936507936507936,
        "roc_auc": 0.7783213742117852
    },
    "test": {
        "accuracy": 0.6709401709401709,
        "balanced_accuracy": 0.6800875860219859,
        "precision": 0.4519230769230769,
        "recall": 0.7014925373134329,
        "roc_auc": 0.6985878988292072
    },
    "hyperparameters": {
        "min_samples_split": 10,
        "min_samples_leaf": 16,
        "criterion": "gini",
        "splitter": "best",
        "max_depth": 4,
        "class_weight": "balanced"
    },
    "parsed_tree": {
        "sgot_aspartate_aminotransferase": {
            "<= 64.5000": {
                "age": {
                    "<= 24.5000": {
                        "value": 1
                    },
                    "> 24.5000": {
                        "sgot_aspartate_aminotransferase": {
                            "<= 47.5000": {
                                "alkphos_alkaline_phosphatase": {
                                    "<= 217.0000": {
                                        "value": 1
                                    },
                                    "> 217.0000": {
                                        "value": 0
                                    }
                                }
                            },
                            "> 47.5000": {
                                "value": 0
                            }
                        }
                    }
                }
            },
            "> 64.5000": {
                "albumin_globulin_ratio": {
                    "<= 1.0600": {
                        "sgpt_alanine_aminotransferase": {
                            "<= 69.5000": {
                                "value": 0
                            },
                            "> 69.5000": {
                                "value": 0
                            }
                        }
                    },
                    "> 1.0600": {
                        "value": 0
                    }
                }
            }
        }
    },
    "native_representation": "|--- sgot_aspartate_aminotransferase <= 64.50\n|   |--- age <= 24.50\n|   |   |--- class: 1\n|   |--- age >  24.50\n|   |   |--- sgot_aspartate_aminotransferase <= 47.50\n|   |   |   |--- alkphos_alkaline_phosphatase <= 217.00\n|   |   |   |   |--- class: 1\n|   |   |   |--- alkphos_alkaline_phosphatase >  217.00\n|   |   |   |   |--- class: 0\n|   |   |--- sgot_aspartate_aminotransferase >  47.50\n|   |   |   |--- class: 0\n|--- sgot_aspartate_aminotransferase >  64.50\n|   |--- albumin_globulin_ratio <= 1.06\n|   |   |--- sgpt_alanine_aminotransferase <= 69.50\n|   |   |   |--- class: 0\n|   |   |--- sgpt_alanine_aminotransferase >  69.50\n|   |   |   |--- class: 0\n|   |--- albumin_globulin_ratio >  1.06\n|   |   |--- class: 0\n"
}