{
    "train": {
        "accuracy": 0.7894736842105263,
        "balanced_accuracy": 0.8004385964912281,
        "precision": 0.5802469135802469,
        "recall": 0.8245614035087719,
        "roc_auc": 0.8827908587257618
    },
    "test": {
        "accuracy": 0.688034188034188,
        "balanced_accuracy": 0.6563142371972472,
        "precision": 0.4642857142857143,
        "recall": 0.582089552238806,
        "roc_auc": 0.7154348020377157
    },
    "hyperparameters": {
        "min_samples_split": 5,
        "min_samples_leaf": 1,
        "criterion": "gini",
        "splitter": "best",
        "max_depth": 4,
        "class_weight": "balanced"
    },
    "parsed_tree": {
        "sgot_aspartate_aminotransferase": {
            "<= 64.5000": {
                "age": {
                    "<= 25.5000": {
                        "total_proteins": {
                            "<= 8.4500": {
                                "sgpt_alanine_aminotransferase": {
                                    "<= 58.0000": {
                                        "value": 1
                                    },
                                    "> 58.0000": {
                                        "value": 0
                                    }
                                }
                            },
                            "> 8.4500": {
                                "value": 0
                            }
                        }
                    },
                    "> 25.5000": {
                        "age": {
                            "<= 65.5000": {
                                "alkphos_alkaline_phosphatase": {
                                    "<= 196.5000": {
                                        "value": 1
                                    },
                                    "> 196.5000": {
                                        "value": 0
                                    }
                                }
                            },
                            "> 65.5000": {
                                "age": {
                                    "<= 80.0000": {
                                        "value": 0
                                    },
                                    "> 80.0000": {
                                        "value": 1
                                    }
                                }
                            }
                        }
                    }
                }
            },
            "> 64.5000": {
                "albumin_globulin_ratio": {
                    "<= 0.9750": {
                        "sgpt_alanine_aminotransferase": {
                            "<= 177.0000": {
                                "value": 0
                            },
                            "> 177.0000": {
                                "sgpt_alanine_aminotransferase": {
                                    "<= 206.5000": {
                                        "value": 1
                                    },
                                    "> 206.5000": {
                                        "value": 0
                                    }
                                }
                            }
                        }
                    },
                    "> 0.9750": {
                        "sgot_aspartate_aminotransferase": {
                            "<= 134.0000": {
                                "total_proteins": {
                                    "<= 5.5500": {
                                        "value": 1
                                    },
                                    "> 5.5500": {
                                        "value": 0
                                    }
                                }
                            },
                            "> 134.0000": {
                                "value": 0
                            }
                        }
                    }
                }
            }
        }
    },
    "native_representation": "|--- sgot_aspartate_aminotransferase <= 64.50\n|   |--- age <= 25.50\n|   |   |--- total_proteins <= 8.45\n|   |   |   |--- sgpt_alanine_aminotransferase <= 58.00\n|   |   |   |   |--- class: 1\n|   |   |   |--- sgpt_alanine_aminotransferase >  58.00\n|   |   |   |   |--- class: 0\n|   |   |--- total_proteins >  8.45\n|   |   |   |--- class: 0\n|   |--- age >  25.50\n|   |   |--- age <= 65.50\n|   |   |   |--- alkphos_alkaline_phosphatase <= 196.50\n|   |   |   |   |--- class: 1\n|   |   |   |--- alkphos_alkaline_phosphatase >  196.50\n|   |   |   |   |--- class: 0\n|   |   |--- age >  65.50\n|   |   |   |--- age <= 80.00\n|   |   |   |   |--- class: 0\n|   |   |   |--- age >  80.00\n|   |   |   |   |--- class: 1\n|--- sgot_aspartate_aminotransferase >  64.50\n|   |--- albumin_globulin_ratio <= 0.97\n|   |   |--- sgpt_alanine_aminotransferase <= 177.00\n|   |   |   |--- class: 0\n|   |   |--- sgpt_alanine_aminotransferase >  177.00\n|   |   |   |--- sgpt_alanine_aminotransferase <= 206.50\n|   |   |   |   |--- class: 1\n|   |   |   |--- sgpt_alanine_aminotransferase >  206.50\n|   |   |   |   |--- class: 0\n|   |--- albumin_globulin_ratio >  0.97\n|   |   |--- sgot_aspartate_aminotransferase <= 134.00\n|   |   |   |--- total_proteins <= 5.55\n|   |   |   |   |--- class: 1\n|   |   |   |--- total_proteins >  5.55\n|   |   |   |   |--- class: 0\n|   |   |--- sgot_aspartate_aminotransferase >  134.00\n|   |   |   |--- class: 0\n"
}