{
    "train": {
        "accuracy": 0.6411483253588517,
        "balanced_accuracy": 0.7004414546983393,
        "precision": 0.46774193548387094,
        "recall": 0.8656716417910447,
        "roc_auc": 0.7953542148412865
    },
    "test": {
        "accuracy": 0.6282051282051282,
        "balanced_accuracy": 0.6903655375815533,
        "precision": 0.42424242424242425,
        "recall": 0.835820895522388,
        "roc_auc": 0.6841987666458129
    },
    "hyperparameters": {
        "min_samples_split": 15,
        "min_samples_leaf": 4,
        "criterion": "gini",
        "splitter": "best",
        "max_depth": 4,
        "class_weight": "balanced"
    },
    "parsed_tree": {
        "sgot_aspartate_aminotransferase": {
            "<= 96.5000": {
                "age": {
                    "<= 25.5000": {
                        "sgot_aspartate_aminotransferase": {
                            "<= 61.0000": {
                                "total_proteins": {
                                    "<= 7.8000": {
                                        "value": 1
                                    },
                                    "> 7.8000": {
                                        "value": 1
                                    }
                                }
                            },
                            "> 61.0000": {
                                "value": 0
                            }
                        }
                    },
                    "> 25.5000": {
                        "total_bilirubin": {
                            "<= 1.6500": {
                                "albumin_globulin_ratio": {
                                    "<= 1.3600": {
                                        "value": 1
                                    },
                                    "> 1.3600": {
                                        "value": 1
                                    }
                                }
                            },
                            "> 1.6500": {
                                "total_proteins": {
                                    "<= 6.1500": {
                                        "value": 0
                                    },
                                    "> 6.1500": {
                                        "value": 0
                                    }
                                }
                            }
                        }
                    }
                }
            },
            "> 96.5000": {
                "age": {
                    "<= 49.5000": {
                        "value": 0
                    },
                    "> 49.5000": {
                        "value": 0
                    }
                }
            }
        }
    },
    "native_representation": "|--- sgot_aspartate_aminotransferase <= 96.50\n|   |--- age <= 25.50\n|   |   |--- sgot_aspartate_aminotransferase <= 61.00\n|   |   |   |--- total_proteins <= 7.80\n|   |   |   |   |--- class: 1\n|   |   |   |--- total_proteins >  7.80\n|   |   |   |   |--- class: 1\n|   |   |--- sgot_aspartate_aminotransferase >  61.00\n|   |   |   |--- class: 0\n|   |--- age >  25.50\n|   |   |--- total_bilirubin <= 1.65\n|   |   |   |--- albumin_globulin_ratio <= 1.36\n|   |   |   |   |--- class: 1\n|   |   |   |--- albumin_globulin_ratio >  1.36\n|   |   |   |   |--- class: 1\n|   |   |--- total_bilirubin >  1.65\n|   |   |   |--- total_proteins <= 6.15\n|   |   |   |   |--- class: 0\n|   |   |   |--- total_proteins >  6.15\n|   |   |   |   |--- class: 0\n|--- sgot_aspartate_aminotransferase >  96.50\n|   |--- age <= 49.50\n|   |   |--- class: 0\n|   |--- age >  49.50\n|   |   |--- class: 0\n"
}