{
    "train": {
        "accuracy": 0.6305555555555555,
        "balanced_accuracy": 0.6707570491920748,
        "precision": 0.8475609756097561,
        "recall": 0.562753036437247,
        "roc_auc": 0.6707570491920747
    },
    "test": {
        "accuracy": 0.64,
        "balanced_accuracy": 0.6812124071234815,
        "precision": 0.8602150537634409,
        "recall": 0.5755395683453237,
        "roc_auc": 0.6812124071234815
    },
    "hyperparameters": {
        "regularization": 0.060020444148948957,
        "depth_budget": 3,
        "time_limit": 60,
        "diagnostics": true,
        "objective": "bacc",
        "theta": null,
        "w": null
    }
}