{
    "train": {
        "accuracy": 0.6444444444444445,
        "balanced_accuracy": 0.6904761904761905,
        "precision": 0.8734939759036144,
        "recall": 0.5753968253968254,
        "roc_auc": 0.6904761904761905
    },
    "test": {
        "accuracy": 0.64,
        "balanced_accuracy": 0.6812124071234815,
        "precision": 0.8602150537634409,
        "recall": 0.5755395683453237,
        "roc_auc": 0.6812124071234815
    },
    "hyperparameters": {
        "regularization": 0.039220577112259014,
        "depth_budget": 3,
        "time_limit": 60,
        "diagnostics": true,
        "objective": "bacc",
        "theta": null,
        "w": null
    }
}