{
    "train": {
        "accuracy": 0.6444444444444445,
        "balanced_accuracy": 0.6986177884615384,
        "precision": 0.8902439024390244,
        "recall": 0.5703125,
        "roc_auc": 0.6986177884615384
    },
    "test": {
        "accuracy": 0.64,
        "balanced_accuracy": 0.6812124071234815,
        "precision": 0.8602150537634409,
        "recall": 0.5755395683453237,
        "roc_auc": 0.6812124071234815
    },
    "hyperparameters": {
        "regularization": 0.06988177097190632,
        "depth_budget": 3,
        "time_limit": 60,
        "diagnostics": true,
        "objective": "bacc",
        "theta": null,
        "w": null
    }
}