{
    "train": {
        "accuracy": 0.6444444444444445,
        "balanced_accuracy": 0.6957983193277311,
        "precision": 0.8848484848484849,
        "recall": 0.5725490196078431,
        "roc_auc": 0.6957983193277311
    },
    "test": {
        "accuracy": 0.64,
        "balanced_accuracy": 0.6812124071234815,
        "precision": 0.8602150537634409,
        "recall": 0.5755395683453237,
        "roc_auc": 0.6812124071234815
    },
    "hyperparameters": {
        "regularization": 0.01941069798712276,
        "depth_budget": 3,
        "time_limit": 60,
        "diagnostics": true,
        "objective": "bacc",
        "theta": null,
        "w": null
    }
}