{
    "train": {
        "accuracy": 0.9703947368421053,
        "balanced_accuracy": 0.9795454545454545,
        "precision": 0.9032258064516129,
        "recall": 1.0,
        "roc_auc": 0.981737012987013
    },
    "test": {
        "accuracy": 0.9203539823008849,
        "balanced_accuracy": 0.9308626743854986,
        "precision": 0.7722772277227723,
        "recall": 0.9512195121951219,
        "roc_auc": 0.9307677707127266
    },
    "hyperparameters": {
        "min_samples_split": 6,
        "min_samples_leaf": 1,
        "criterion": "gini",
        "splitter": "best",
        "max_depth": 4,
        "class_weight": "balanced"
    },
    "parsed_tree": {
        "MAX.LENGTH ASPECT RATIO": {
            "<= 7.5000": {
                "ELONGATEDNESS": {
                    "<= 46.5000": {
                        "SKEWNESS ABOUT_MINOR": {
                            "<= 11.5000": {
                                "SKEWNESS ABOUT_MAJOR": {
                                    "<= 64.5000": {
                                        "value": 0
                                    },
                                    "> 64.5000": {
                                        "value": 1
                                    }
                                }
                            },
                            "> 11.5000": {
                                "SCALED VARIANCE_MINOR": {
                                    "<= 419.5000": {
                                        "value": 0
                                    },
                                    "> 419.5000": {
                                        "value": 1
                                    }
                                }
                            }
                        }
                    },
                    "> 46.5000": {
                        "value": 0
                    }
                }
            },
            "> 7.5000": {
                "HOLLOWS RATIO": {
                    "<= 190.0000": {
                        "MAX.LENGTH RECTANGULARITY": {
                            "<= 135.0000": {
                                "value": 0
                            },
                            "> 135.0000": {
                                "value": 1
                            }
                        }
                    },
                    "> 190.0000": {
                        "value": 0
                    }
                }
            }
        }
    },
    "native_representation": "|--- MAX.LENGTH ASPECT RATIO <= 7.50\n|   |--- ELONGATEDNESS <= 46.50\n|   |   |--- SKEWNESS ABOUT_MINOR <= 11.50\n|   |   |   |--- SKEWNESS ABOUT_MAJOR <= 64.50\n|   |   |   |   |--- class: 0\n|   |   |   |--- SKEWNESS ABOUT_MAJOR >  64.50\n|   |   |   |   |--- class: 1\n|   |   |--- SKEWNESS ABOUT_MINOR >  11.50\n|   |   |   |--- SCALED VARIANCE_MINOR <= 419.50\n|   |   |   |   |--- class: 0\n|   |   |   |--- SCALED VARIANCE_MINOR >  419.50\n|   |   |   |   |--- class: 1\n|   |--- ELONGATEDNESS >  46.50\n|   |   |--- class: 0\n|--- MAX.LENGTH ASPECT RATIO >  7.50\n|   |--- HOLLOWS RATIO <= 190.00\n|   |   |--- MAX.LENGTH RECTANGULARITY <= 135.00\n|   |   |   |--- class: 0\n|   |   |--- MAX.LENGTH RECTANGULARITY >  135.00\n|   |   |   |--- class: 1\n|   |--- HOLLOWS RATIO >  190.00\n|   |   |--- class: 0\n"
}