{
    "train": {
        "accuracy": 0.9243421052631579,
        "balanced_accuracy": 0.9443528894748408,
        "precision": 0.7864077669902912,
        "recall": 0.9878048780487805,
        "roc_auc": 0.972313777191826
    },
    "test": {
        "accuracy": 0.8731563421828908,
        "balanced_accuracy": 0.8955822340324571,
        "precision": 0.6695652173913044,
        "recall": 0.9390243902439024,
        "roc_auc": 0.932428584986239
    },
    "hyperparameters": {
        "min_samples_split": 11,
        "min_samples_leaf": 1,
        "criterion": "gini",
        "splitter": "best",
        "max_depth": 4,
        "class_weight": "balanced"
    },
    "parsed_tree": {
        "MAX.LENGTH ASPECT RATIO": {
            "<= 8.5000": {
                "SCATTER RATIO": {
                    "<= 142.5000": {
                        "value": 0
                    },
                    "> 142.5000": {
                        "SKEWNESS ABOUT_MAJOR": {
                            "<= 67.5000": {
                                "PR.AXIS ASPECT RATIO": {
                                    "<= 65.5000": {
                                        "value": 0
                                    },
                                    "> 65.5000": {
                                        "value": 1
                                    }
                                }
                            },
                            "> 67.5000": {
                                "MAX.LENGTH RECTANGULARITY": {
                                    "<= 135.5000": {
                                        "value": 1
                                    },
                                    "> 135.5000": {
                                        "value": 1
                                    }
                                }
                            }
                        }
                    }
                }
            },
            "> 8.5000": {
                "HOLLOWS RATIO": {
                    "<= 189.5000": {
                        "value": 1
                    },
                    "> 189.5000": {
                        "value": 0
                    }
                }
            }
        }
    },
    "native_representation": "|--- MAX.LENGTH ASPECT RATIO <= 8.50\n|   |--- SCATTER RATIO <= 142.50\n|   |   |--- class: 0\n|   |--- SCATTER RATIO >  142.50\n|   |   |--- SKEWNESS ABOUT_MAJOR <= 67.50\n|   |   |   |--- PR.AXIS ASPECT RATIO <= 65.50\n|   |   |   |   |--- class: 0\n|   |   |   |--- PR.AXIS ASPECT RATIO >  65.50\n|   |   |   |   |--- class: 1\n|   |   |--- SKEWNESS ABOUT_MAJOR >  67.50\n|   |   |   |--- MAX.LENGTH RECTANGULARITY <= 135.50\n|   |   |   |   |--- class: 1\n|   |   |   |--- MAX.LENGTH RECTANGULARITY >  135.50\n|   |   |   |   |--- class: 1\n|--- MAX.LENGTH ASPECT RATIO >  8.50\n|   |--- HOLLOWS RATIO <= 189.50\n|   |   |--- class: 1\n|   |--- HOLLOWS RATIO >  189.50\n|   |   |--- class: 0\n"
}