{
    "train": {
        "accuracy": 0.9506578947368421,
        "balanced_accuracy": 0.9536427732079906,
        "precision": 0.8554216867469879,
        "recall": 0.9594594594594594,
        "roc_auc": 0.9862808460634547
    },
    "test": {
        "accuracy": 0.9262536873156342,
        "balanced_accuracy": 0.9389057606529372,
        "precision": 0.7821782178217822,
        "recall": 0.9634146341463414,
        "roc_auc": 0.9646721078105722
    },
    "hyperparameters": {
        "min_samples_split": 8,
        "min_samples_leaf": 1,
        "criterion": "gini",
        "splitter": "best",
        "max_depth": 4,
        "class_weight": "balanced"
    },
    "parsed_tree": {
        "MAX.LENGTH ASPECT RATIO": {
            "<= 8.5000": {
                "SCALED VARIANCE_MINOR": {
                    "<= 306.0000": {
                        "value": 0
                    },
                    "> 306.0000": {
                        "PR.AXIS ASPECT RATIO": {
                            "<= 63.5000": {
                                "SKEWNESS ABOUT_MAJOR": {
                                    "<= 73.5000": {
                                        "value": 0
                                    },
                                    "> 73.5000": {
                                        "value": 1
                                    }
                                }
                            },
                            "> 63.5000": {
                                "MAX.LENGTH ASPECT RATIO": {
                                    "<= 7.5000": {
                                        "value": 1
                                    },
                                    "> 7.5000": {
                                        "value": 1
                                    }
                                }
                            }
                        }
                    }
                }
            },
            "> 8.5000": {
                "HOLLOWS RATIO": {
                    "<= 187.0000": {
                        "value": 1
                    },
                    "> 187.0000": {
                        "value": 0
                    }
                }
            }
        }
    },
    "native_representation": "|--- MAX.LENGTH ASPECT RATIO <= 8.50\n|   |--- SCALED VARIANCE_MINOR <= 306.00\n|   |   |--- class: 0\n|   |--- SCALED VARIANCE_MINOR >  306.00\n|   |   |--- PR.AXIS ASPECT RATIO <= 63.50\n|   |   |   |--- SKEWNESS ABOUT_MAJOR <= 73.50\n|   |   |   |   |--- class: 0\n|   |   |   |--- SKEWNESS ABOUT_MAJOR >  73.50\n|   |   |   |   |--- class: 1\n|   |   |--- PR.AXIS ASPECT RATIO >  63.50\n|   |   |   |--- MAX.LENGTH ASPECT RATIO <= 7.50\n|   |   |   |   |--- class: 1\n|   |   |   |--- MAX.LENGTH ASPECT RATIO >  7.50\n|   |   |   |   |--- class: 1\n|--- MAX.LENGTH ASPECT RATIO >  8.50\n|   |--- HOLLOWS RATIO <= 187.00\n|   |   |--- class: 1\n|   |--- HOLLOWS RATIO >  187.00\n|   |   |--- class: 0\n"
}