{
    "train": {
        "accuracy": 0.9802631578947368,
        "balanced_accuracy": 0.982641177763129,
        "precision": 0.9418604651162791,
        "recall": 0.9878048780487805,
        "roc_auc": 0.990551527136893
    },
    "test": {
        "accuracy": 0.9410029498525073,
        "balanced_accuracy": 0.9444813514283003,
        "precision": 0.8297872340425532,
        "recall": 0.9512195121951219,
        "roc_auc": 0.9429628926639462
    },
    "hyperparameters": {
        "min_samples_split": 2,
        "min_samples_leaf": 1,
        "criterion": "gini",
        "splitter": "best",
        "max_depth": 4,
        "class_weight": "balanced"
    },
    "parsed_tree": {
        "MAX.LENGTH ASPECT RATIO": {
            "<= 7.5000": {
                "ELONGATEDNESS": {
                    "<= 46.5000": {
                        "MAX.LENGTH RECTANGULARITY": {
                            "<= 134.5000": {
                                "PR.AXIS ASPECT RATIO": {
                                    "<= 65.0000": {
                                        "value": 0
                                    },
                                    "> 65.0000": {
                                        "value": 1
                                    }
                                }
                            },
                            "> 134.5000": {
                                "SKEWNESS ABOUT_MINOR": {
                                    "<= 14.0000": {
                                        "value": 1
                                    },
                                    "> 14.0000": {
                                        "value": 0
                                    }
                                }
                            }
                        }
                    },
                    "> 46.5000": {
                        "KURTOSIS ABOUT_MINOR": {
                            "<= 176.5000": {
                                "value": 0
                            },
                            "> 176.5000": {
                                "value": 0
                            }
                        }
                    }
                }
            },
            "> 7.5000": {
                "HOLLOWS RATIO": {
                    "<= 188.5000": {
                        "PR.AXIS ASPECT RATIO": {
                            "<= 54.5000": {
                                "value": 0
                            },
                            "> 54.5000": {
                                "value": 1
                            }
                        }
                    },
                    "> 188.5000": {
                        "DISTANCE CIRCULARITY": {
                            "<= 70.5000": {
                                "SCATTER RATIO": {
                                    "<= 141.5000": {
                                        "value": 0
                                    },
                                    "> 141.5000": {
                                        "value": 1
                                    }
                                }
                            },
                            "> 70.5000": {
                                "PR.AXIS ASPECT RATIO": {
                                    "<= 71.5000": {
                                        "value": 0
                                    },
                                    "> 71.5000": {
                                        "value": 0
                                    }
                                }
                            }
                        }
                    }
                }
            }
        }
    },
    "native_representation": "|--- MAX.LENGTH ASPECT RATIO <= 7.50\n|   |--- ELONGATEDNESS <= 46.50\n|   |   |--- MAX.LENGTH RECTANGULARITY <= 134.50\n|   |   |   |--- PR.AXIS ASPECT RATIO <= 65.00\n|   |   |   |   |--- class: 0\n|   |   |   |--- PR.AXIS ASPECT RATIO >  65.00\n|   |   |   |   |--- class: 1\n|   |   |--- MAX.LENGTH RECTANGULARITY >  134.50\n|   |   |   |--- SKEWNESS ABOUT_MINOR <= 14.00\n|   |   |   |   |--- class: 1\n|   |   |   |--- SKEWNESS ABOUT_MINOR >  14.00\n|   |   |   |   |--- class: 0\n|   |--- ELONGATEDNESS >  46.50\n|   |   |--- KURTOSIS ABOUT_MINOR <= 176.50\n|   |   |   |--- class: 0\n|   |   |--- KURTOSIS ABOUT_MINOR >  176.50\n|   |   |   |--- class: 0\n|--- MAX.LENGTH ASPECT RATIO >  7.50\n|   |--- HOLLOWS RATIO <= 188.50\n|   |   |--- PR.AXIS ASPECT RATIO <= 54.50\n|   |   |   |--- class: 0\n|   |   |--- PR.AXIS ASPECT RATIO >  54.50\n|   |   |   |--- class: 1\n|   |--- HOLLOWS RATIO >  188.50\n|   |   |--- DISTANCE CIRCULARITY <= 70.50\n|   |   |   |--- SCATTER RATIO <= 141.50\n|   |   |   |   |--- class: 0\n|   |   |   |--- SCATTER RATIO >  141.50\n|   |   |   |   |--- class: 1\n|   |   |--- DISTANCE CIRCULARITY >  70.50\n|   |   |   |--- PR.AXIS ASPECT RATIO <= 71.50\n|   |   |   |   |--- class: 0\n|   |   |   |--- PR.AXIS ASPECT RATIO >  71.50\n|   |   |   |   |--- class: 0\n"
}