{
    "train": {
        "accuracy": 0.9442231075697212,
        "balanced_accuracy": 0.9168119099491648,
        "precision": 0.9855072463768116,
        "recall": 0.8395061728395061,
        "roc_auc": 0.9907044299201162
    },
    "test": {
        "accuracy": 0.9285714285714286,
        "balanced_accuracy": 0.9199999999999999,
        "precision": 0.9081632653061225,
        "recall": 0.89,
        "roc_auc": 0.9693888888888889
    },
    "hyperparameters": {
        "min_samples_split": 10,
        "min_samples_leaf": 13,
        "max_depth": 3
    }
}