{
    "train": {
        "accuracy": 0.9721115537848606,
        "balanced_accuracy": 0.9703047484053863,
        "precision": 0.9534883720930233,
        "recall": 0.9647058823529412,
        "roc_auc": 0.9911055988660524
    },
    "test": {
        "accuracy": 0.95,
        "balanced_accuracy": 0.95,
        "precision": 0.9134615384615384,
        "recall": 0.95,
        "roc_auc": 0.95775
    },
    "hyperparameters": {
        "min_samples_split": 3,
        "min_samples_leaf": 1,
        "max_depth": 3
    }
}