{
    "train": {
        "accuracy": 0.9721115537848606,
        "balanced_accuracy": 0.9759601906363891,
        "precision": 0.9347826086956522,
        "recall": 0.9885057471264368,
        "roc_auc": 0.9914493972525932
    },
    "test": {
        "accuracy": 0.9392857142857143,
        "balanced_accuracy": 0.9461111111111111,
        "precision": 0.8738738738738738,
        "recall": 0.97,
        "roc_auc": 0.9561111111111111
    },
    "hyperparameters": {
        "min_samples_split": 6,
        "min_samples_leaf": 8,
        "max_depth": 3
    }
}