{
    "train": {
        "accuracy": 0.9760956175298805,
        "balanced_accuracy": 0.9673913043478262,
        "precision": 1.0,
        "recall": 0.9347826086956522,
        "roc_auc": 0.9973338802296965
    },
    "test": {
        "accuracy": 0.9357142857142857,
        "balanced_accuracy": 0.9322222222222223,
        "precision": 0.9019607843137255,
        "recall": 0.92,
        "roc_auc": 0.9577222222222223
    },
    "hyperparameters": {
        "min_samples_split": 11,
        "min_samples_leaf": 7,
        "max_depth": 3
    }
}