{
    "train": {
        "accuracy": 0.7008952080042128,
        "balanced_accuracy": 0.6990118103155412,
        "precision": 0.7155067155067155,
        "recall": 0.6362649294245385,
        "roc_auc": 0.7558141213094152
    },
    "test": {
        "accuracy": 0.6723484848484849,
        "balanced_accuracy": 0.668569043825133,
        "precision": 0.6469957081545065,
        "recall": 0.6242236024844721,
        "roc_auc": 0.7017554081348755
    },
    "hyperparameters": {
        "min_samples_split": 5,
        "min_samples_leaf": 11,
        "criterion": "gini",
        "splitter": "best",
        "max_depth": 4,
        "class_weight": "balanced"
    },
    "parsed_tree": {
        "priors_count": {
            "<= 1.5000": {
                "age": {
                    "<= 34.5000": {
                        "age": {
                            "<= 22.5000": {
                                "sex": {
                                    "<= 0.5000": {
                                        "value": 0
                                    },
                                    "> 0.5000": {
                                        "value": 1
                                    }
                                }
                            },
                            "> 22.5000": {
                                "priors_count": {
                                    "<= 0.5000": {
                                        "value": 0
                                    },
                                    "> 0.5000": {
                                        "value": 0
                                    }
                                }
                            }
                        }
                    },
                    "> 34.5000": {
                        "priors_count": {
                            "<= 0.5000": {
                                "age": {
                                    "<= 35.5000": {
                                        "value": 0
                                    },
                                    "> 35.5000": {
                                        "value": 0
                                    }
                                }
                            },
                            "> 0.5000": {
                                "age": {
                                    "<= 46.5000": {
                                        "value": 0
                                    },
                                    "> 46.5000": {
                                        "value": 0
                                    }
                                }
                            }
                        }
                    }
                }
            },
            "> 1.5000": {
                "priors_count": {
                    "<= 6.5000": {
                        "age": {
                            "<= 33.5000": {
                                "age": {
                                    "<= 27.5000": {
                                        "value": 1
                                    },
                                    "> 27.5000": {
                                        "value": 1
                                    }
                                }
                            },
                            "> 33.5000": {
                                "age": {
                                    "<= 39.5000": {
                                        "value": 0
                                    },
                                    "> 39.5000": {
                                        "value": 0
                                    }
                                }
                            }
                        }
                    },
                    "> 6.5000": {
                        "age": {
                            "<= 49.5000": {
                                "age": {
                                    "<= 27.5000": {
                                        "value": 1
                                    },
                                    "> 27.5000": {
                                        "value": 1
                                    }
                                }
                            },
                            "> 49.5000": {
                                "priors_count": {
                                    "<= 14.5000": {
                                        "value": 0
                                    },
                                    "> 14.5000": {
                                        "value": 1
                                    }
                                }
                            }
                        }
                    }
                }
            }
        }
    },
    "native_representation": "|--- priors_count <= 1.50\n|   |--- age <= 34.50\n|   |   |--- age <= 22.50\n|   |   |   |--- sex <= 0.50\n|   |   |   |   |--- class: 0\n|   |   |   |--- sex >  0.50\n|   |   |   |   |--- class: 1\n|   |   |--- age >  22.50\n|   |   |   |--- priors_count <= 0.50\n|   |   |   |   |--- class: 0\n|   |   |   |--- priors_count >  0.50\n|   |   |   |   |--- class: 0\n|   |--- age >  34.50\n|   |   |--- priors_count <= 0.50\n|   |   |   |--- age <= 35.50\n|   |   |   |   |--- class: 0\n|   |   |   |--- age >  35.50\n|   |   |   |   |--- class: 0\n|   |   |--- priors_count >  0.50\n|   |   |   |--- age <= 46.50\n|   |   |   |   |--- class: 0\n|   |   |   |--- age >  46.50\n|   |   |   |   |--- class: 0\n|--- priors_count >  1.50\n|   |--- priors_count <= 6.50\n|   |   |--- age <= 33.50\n|   |   |   |--- age <= 27.50\n|   |   |   |   |--- class: 1\n|   |   |   |--- age >  27.50\n|   |   |   |   |--- class: 1\n|   |   |--- age >  33.50\n|   |   |   |--- age <= 39.50\n|   |   |   |   |--- class: 0\n|   |   |   |--- age >  39.50\n|   |   |   |   |--- class: 0\n|   |--- priors_count >  6.50\n|   |   |--- age <= 49.50\n|   |   |   |--- age <= 27.50\n|   |   |   |   |--- class: 1\n|   |   |   |--- age >  27.50\n|   |   |   |   |--- class: 1\n|   |   |--- age >  49.50\n|   |   |   |--- priors_count <= 14.50\n|   |   |   |   |--- class: 0\n|   |   |   |--- priors_count >  14.50\n|   |   |   |   |--- class: 1\n"
}