{
    "train": {
        "accuracy": 0.6835176408636124,
        "balanced_accuracy": 0.6843346002530875,
        "precision": 0.656282450674974,
        "recall": 0.7006651884700665,
        "roc_auc": 0.7420081753019591
    },
    "test": {
        "accuracy": 0.6633522727272727,
        "balanced_accuracy": 0.6658076160124874,
        "precision": 0.6172953081876725,
        "recall": 0.6946169772256728,
        "roc_auc": 0.699054050636113
    },
    "hyperparameters": {
        "min_samples_split": 14,
        "min_samples_leaf": 12,
        "criterion": "gini",
        "splitter": "best",
        "max_depth": 4,
        "class_weight": "balanced"
    },
    "parsed_tree": {
        "priors_count": {
            "<= 2.5000": {
                "age": {
                    "<= 32.5000": {
                        "priors_count": {
                            "<= 1.5000": {
                                "age": {
                                    "<= 22.5000": {
                                        "value": 1
                                    },
                                    "> 22.5000": {
                                        "value": 0
                                    }
                                }
                            },
                            "> 1.5000": {
                                "age": {
                                    "<= 23.5000": {
                                        "value": 1
                                    },
                                    "> 23.5000": {
                                        "value": 1
                                    }
                                }
                            }
                        }
                    },
                    "> 32.5000": {
                        "age": {
                            "<= 63.5000": {
                                "age": {
                                    "<= 52.5000": {
                                        "value": 0
                                    },
                                    "> 52.5000": {
                                        "value": 0
                                    }
                                }
                            },
                            "> 63.5000": {
                                "value": 0
                            }
                        }
                    }
                }
            },
            "> 2.5000": {
                "priors_count": {
                    "<= 6.5000": {
                        "age": {
                            "<= 27.5000": {
                                "age_cat_25-45": {
                                    "<= 0.5000": {
                                        "value": 1
                                    },
                                    "> 0.5000": {
                                        "value": 1
                                    }
                                }
                            },
                            "> 27.5000": {
                                "age": {
                                    "<= 43.5000": {
                                        "value": 1
                                    },
                                    "> 43.5000": {
                                        "value": 0
                                    }
                                }
                            }
                        }
                    },
                    "> 6.5000": {
                        "age": {
                            "<= 41.5000": {
                                "age": {
                                    "<= 27.5000": {
                                        "value": 1
                                    },
                                    "> 27.5000": {
                                        "value": 1
                                    }
                                }
                            },
                            "> 41.5000": {
                                "priors_count": {
                                    "<= 16.5000": {
                                        "value": 1
                                    },
                                    "> 16.5000": {
                                        "value": 1
                                    }
                                }
                            }
                        }
                    }
                }
            }
        }
    },
    "native_representation": "|--- priors_count <= 2.50\n|   |--- age <= 32.50\n|   |   |--- priors_count <= 1.50\n|   |   |   |--- age <= 22.50\n|   |   |   |   |--- class: 1\n|   |   |   |--- age >  22.50\n|   |   |   |   |--- class: 0\n|   |   |--- priors_count >  1.50\n|   |   |   |--- age <= 23.50\n|   |   |   |   |--- class: 1\n|   |   |   |--- age >  23.50\n|   |   |   |   |--- class: 1\n|   |--- age >  32.50\n|   |   |--- age <= 63.50\n|   |   |   |--- age <= 52.50\n|   |   |   |   |--- class: 0\n|   |   |   |--- age >  52.50\n|   |   |   |   |--- class: 0\n|   |   |--- age >  63.50\n|   |   |   |--- class: 0\n|--- priors_count >  2.50\n|   |--- priors_count <= 6.50\n|   |   |--- age <= 27.50\n|   |   |   |--- age_cat_25-45 <= 0.50\n|   |   |   |   |--- class: 1\n|   |   |   |--- age_cat_25-45 >  0.50\n|   |   |   |   |--- class: 1\n|   |   |--- age >  27.50\n|   |   |   |--- age <= 43.50\n|   |   |   |   |--- class: 1\n|   |   |   |--- age >  43.50\n|   |   |   |   |--- class: 0\n|   |--- priors_count >  6.50\n|   |   |--- age <= 41.50\n|   |   |   |--- age <= 27.50\n|   |   |   |   |--- class: 1\n|   |   |   |--- age >  27.50\n|   |   |   |   |--- class: 1\n|   |   |--- age >  41.50\n|   |   |   |--- priors_count <= 16.50\n|   |   |   |   |--- class: 1\n|   |   |   |--- priors_count >  16.50\n|   |   |   |   |--- class: 1\n"
}