{
    "train": {
        "accuracy": 0.6908899420747762,
        "balanced_accuracy": 0.6896789531244443,
        "precision": 0.68140589569161,
        "recall": 0.6626240352811467,
        "roc_auc": 0.7502773010989793
    },
    "test": {
        "accuracy": 0.6699810606060606,
        "balanced_accuracy": 0.6685825935199939,
        "precision": 0.6357214934409687,
        "recall": 0.6521739130434783,
        "roc_auc": 0.7026271051709249
    },
    "hyperparameters": {
        "min_samples_split": 9,
        "min_samples_leaf": 13,
        "criterion": "gini",
        "splitter": "best",
        "max_depth": 4,
        "class_weight": "balanced"
    },
    "parsed_tree": {
        "priors_count": {
            "<= 5.5000": {
                "age": {
                    "<= 32.5000": {
                        "priors_count": {
                            "<= 1.5000": {
                                "age": {
                                    "<= 22.5000": {
                                        "value": 1
                                    },
                                    "> 22.5000": {
                                        "value": 0
                                    }
                                }
                            },
                            "> 1.5000": {
                                "age": {
                                    "<= 23.5000": {
                                        "value": 1
                                    },
                                    "> 23.5000": {
                                        "value": 1
                                    }
                                }
                            }
                        }
                    },
                    "> 32.5000": {
                        "priors_count": {
                            "<= 1.5000": {
                                "c_charge_degree_F": {
                                    "<= 0.5000": {
                                        "value": 0
                                    },
                                    "> 0.5000": {
                                        "value": 0
                                    }
                                }
                            },
                            "> 1.5000": {
                                "age": {
                                    "<= 39.5000": {
                                        "value": 0
                                    },
                                    "> 39.5000": {
                                        "value": 0
                                    }
                                }
                            }
                        }
                    }
                }
            },
            "> 5.5000": {
                "age": {
                    "<= 36.5000": {
                        "sex": {
                            "<= 0.5000": {
                                "priors_count": {
                                    "<= 8.0000": {
                                        "value": 1
                                    },
                                    "> 8.0000": {
                                        "value": 1
                                    }
                                }
                            },
                            "> 0.5000": {
                                "priors_count": {
                                    "<= 6.5000": {
                                        "value": 1
                                    },
                                    "> 6.5000": {
                                        "value": 1
                                    }
                                }
                            }
                        }
                    },
                    "> 36.5000": {
                        "priors_count": {
                            "<= 9.5000": {
                                "age": {
                                    "<= 53.5000": {
                                        "value": 1
                                    },
                                    "> 53.5000": {
                                        "value": 0
                                    }
                                }
                            },
                            "> 9.5000": {
                                "priors_count": {
                                    "<= 20.5000": {
                                        "value": 1
                                    },
                                    "> 20.5000": {
                                        "value": 1
                                    }
                                }
                            }
                        }
                    }
                }
            }
        }
    },
    "native_representation": "|--- priors_count <= 5.50\n|   |--- age <= 32.50\n|   |   |--- priors_count <= 1.50\n|   |   |   |--- age <= 22.50\n|   |   |   |   |--- class: 1\n|   |   |   |--- age >  22.50\n|   |   |   |   |--- class: 0\n|   |   |--- priors_count >  1.50\n|   |   |   |--- age <= 23.50\n|   |   |   |   |--- class: 1\n|   |   |   |--- age >  23.50\n|   |   |   |   |--- class: 1\n|   |--- age >  32.50\n|   |   |--- priors_count <= 1.50\n|   |   |   |--- c_charge_degree_F <= 0.50\n|   |   |   |   |--- class: 0\n|   |   |   |--- c_charge_degree_F >  0.50\n|   |   |   |   |--- class: 0\n|   |   |--- priors_count >  1.50\n|   |   |   |--- age <= 39.50\n|   |   |   |   |--- class: 0\n|   |   |   |--- age >  39.50\n|   |   |   |   |--- class: 0\n|--- priors_count >  5.50\n|   |--- age <= 36.50\n|   |   |--- sex <= 0.50\n|   |   |   |--- priors_count <= 8.00\n|   |   |   |   |--- class: 1\n|   |   |   |--- priors_count >  8.00\n|   |   |   |   |--- class: 1\n|   |   |--- sex >  0.50\n|   |   |   |--- priors_count <= 6.50\n|   |   |   |   |--- class: 1\n|   |   |   |--- priors_count >  6.50\n|   |   |   |   |--- class: 1\n|   |--- age >  36.50\n|   |   |--- priors_count <= 9.50\n|   |   |   |--- age <= 53.50\n|   |   |   |   |--- class: 1\n|   |   |   |--- age >  53.50\n|   |   |   |   |--- class: 0\n|   |   |--- priors_count >  9.50\n|   |   |   |--- priors_count <= 20.50\n|   |   |   |   |--- class: 1\n|   |   |   |--- priors_count >  20.50\n|   |   |   |   |--- class: 1\n"
}