{
    "train": {
        "accuracy": 0.6714060031595577,
        "balanced_accuracy": 0.6787232975629325,
        "precision": 0.6153846153846154,
        "recall": 0.7864406779661017,
        "roc_auc": 0.7442633637548891
    },
    "test": {
        "accuracy": 0.6415719696969697,
        "balanced_accuracy": 0.6512660834877999,
        "precision": 0.582348305752561,
        "recall": 0.7650103519668737,
        "roc_auc": 0.7045096094435953
    },
    "hyperparameters": {
        "min_samples_split": 15,
        "min_samples_leaf": 9,
        "criterion": "gini",
        "splitter": "best",
        "max_depth": 4,
        "class_weight": "balanced"
    },
    "parsed_tree": {
        "priors_count": {
            "<= 2.5000": {
                "age": {
                    "<= 23.5000": {
                        "juv_other_count": {
                            "<= 0.5000": {
                                "age": {
                                    "<= 19.5000": {
                                        "value": 1
                                    },
                                    "> 19.5000": {
                                        "value": 1
                                    }
                                }
                            },
                            "> 0.5000": {
                                "race_Caucasian": {
                                    "<= 0.5000": {
                                        "value": 1
                                    },
                                    "> 0.5000": {
                                        "value": 1
                                    }
                                }
                            }
                        }
                    },
                    "> 23.5000": {
                        "priors_count": {
                            "<= 0.5000": {
                                "age": {
                                    "<= 36.5000": {
                                        "value": 0
                                    },
                                    "> 36.5000": {
                                        "value": 0
                                    }
                                }
                            },
                            "> 0.5000": {
                                "age": {
                                    "<= 32.5000": {
                                        "value": 1
                                    },
                                    "> 32.5000": {
                                        "value": 0
                                    }
                                }
                            }
                        }
                    }
                }
            },
            "> 2.5000": {
                "priors_count": {
                    "<= 6.5000": {
                        "age": {
                            "<= 43.5000": {
                                "age": {
                                    "<= 27.5000": {
                                        "value": 1
                                    },
                                    "> 27.5000": {
                                        "value": 1
                                    }
                                }
                            },
                            "> 43.5000": {
                                "sex": {
                                    "<= 0.5000": {
                                        "value": 0
                                    },
                                    "> 0.5000": {
                                        "value": 0
                                    }
                                }
                            }
                        }
                    },
                    "> 6.5000": {
                        "age": {
                            "<= 33.5000": {
                                "age": {
                                    "<= 27.5000": {
                                        "value": 1
                                    },
                                    "> 27.5000": {
                                        "value": 1
                                    }
                                }
                            },
                            "> 33.5000": {
                                "c_charge_degree_M": {
                                    "<= 0.5000": {
                                        "value": 1
                                    },
                                    "> 0.5000": {
                                        "value": 1
                                    }
                                }
                            }
                        }
                    }
                }
            }
        }
    },
    "native_representation": "|--- priors_count <= 2.50\n|   |--- age <= 23.50\n|   |   |--- juv_other_count <= 0.50\n|   |   |   |--- age <= 19.50\n|   |   |   |   |--- class: 1\n|   |   |   |--- age >  19.50\n|   |   |   |   |--- class: 1\n|   |   |--- juv_other_count >  0.50\n|   |   |   |--- race_Caucasian <= 0.50\n|   |   |   |   |--- class: 1\n|   |   |   |--- race_Caucasian >  0.50\n|   |   |   |   |--- class: 1\n|   |--- age >  23.50\n|   |   |--- priors_count <= 0.50\n|   |   |   |--- age <= 36.50\n|   |   |   |   |--- class: 0\n|   |   |   |--- age >  36.50\n|   |   |   |   |--- class: 0\n|   |   |--- priors_count >  0.50\n|   |   |   |--- age <= 32.50\n|   |   |   |   |--- class: 1\n|   |   |   |--- age >  32.50\n|   |   |   |   |--- class: 0\n|--- priors_count >  2.50\n|   |--- priors_count <= 6.50\n|   |   |--- age <= 43.50\n|   |   |   |--- age <= 27.50\n|   |   |   |   |--- class: 1\n|   |   |   |--- age >  27.50\n|   |   |   |   |--- class: 1\n|   |   |--- age >  43.50\n|   |   |   |--- sex <= 0.50\n|   |   |   |   |--- class: 0\n|   |   |   |--- sex >  0.50\n|   |   |   |   |--- class: 0\n|   |--- priors_count >  6.50\n|   |   |--- age <= 33.50\n|   |   |   |--- age <= 27.50\n|   |   |   |   |--- class: 1\n|   |   |   |--- age >  27.50\n|   |   |   |   |--- class: 1\n|   |   |--- age >  33.50\n|   |   |   |--- c_charge_degree_M <= 0.50\n|   |   |   |   |--- class: 1\n|   |   |   |--- c_charge_degree_M >  0.50\n|   |   |   |   |--- class: 1\n"
}