{
    "train": {
        "accuracy": 0.6766719325961033,
        "balanced_accuracy": 0.6768208681068562,
        "precision": 0.6480496453900709,
        "recall": 0.7710970464135021,
        "roc_auc": 0.7415733826706953
    },
    "test": {
        "accuracy": 0.6358901515151515,
        "balanced_accuracy": 0.6445671143485849,
        "precision": 0.5791164658634538,
        "recall": 0.7463768115942029,
        "roc_auc": 0.7026049740026521
    },
    "hyperparameters": {
        "min_samples_split": 10,
        "min_samples_leaf": 12,
        "criterion": "gini",
        "splitter": "best",
        "max_depth": 4,
        "class_weight": "balanced"
    },
    "parsed_tree": {
        "priors_count": {
            "<= 2.5000": {
                "age": {
                    "<= 28.5000": {
                        "sex": {
                            "<= 0.5000": {
                                "age": {
                                    "<= 20.5000": {
                                        "value": 1
                                    },
                                    "> 20.5000": {
                                        "value": 0
                                    }
                                }
                            },
                            "> 0.5000": {
                                "juv_other_count": {
                                    "<= 0.5000": {
                                        "value": 1
                                    },
                                    "> 0.5000": {
                                        "value": 1
                                    }
                                }
                            }
                        }
                    },
                    "> 28.5000": {
                        "priors_count": {
                            "<= 0.5000": {
                                "age": {
                                    "<= 35.5000": {
                                        "value": 0
                                    },
                                    "> 35.5000": {
                                        "value": 0
                                    }
                                }
                            },
                            "> 0.5000": {
                                "age": {
                                    "<= 32.5000": {
                                        "value": 0
                                    },
                                    "> 32.5000": {
                                        "value": 0
                                    }
                                }
                            }
                        }
                    }
                }
            },
            "> 2.5000": {
                "age": {
                    "<= 36.5000": {
                        "priors_count": {
                            "<= 6.5000": {
                                "age": {
                                    "<= 23.5000": {
                                        "value": 1
                                    },
                                    "> 23.5000": {
                                        "value": 1
                                    }
                                }
                            },
                            "> 6.5000": {
                                "age": {
                                    "<= 27.5000": {
                                        "value": 1
                                    },
                                    "> 27.5000": {
                                        "value": 1
                                    }
                                }
                            }
                        }
                    },
                    "> 36.5000": {
                        "priors_count": {
                            "<= 9.5000": {
                                "priors_count": {
                                    "<= 3.5000": {
                                        "value": 0
                                    },
                                    "> 3.5000": {
                                        "value": 1
                                    }
                                }
                            },
                            "> 9.5000": {
                                "age": {
                                    "<= 57.5000": {
                                        "value": 1
                                    },
                                    "> 57.5000": {
                                        "value": 1
                                    }
                                }
                            }
                        }
                    }
                }
            }
        }
    },
    "native_representation": "|--- priors_count <= 2.50\n|   |--- age <= 28.50\n|   |   |--- sex <= 0.50\n|   |   |   |--- age <= 20.50\n|   |   |   |   |--- class: 1\n|   |   |   |--- age >  20.50\n|   |   |   |   |--- class: 0\n|   |   |--- sex >  0.50\n|   |   |   |--- juv_other_count <= 0.50\n|   |   |   |   |--- class: 1\n|   |   |   |--- juv_other_count >  0.50\n|   |   |   |   |--- class: 1\n|   |--- age >  28.50\n|   |   |--- priors_count <= 0.50\n|   |   |   |--- age <= 35.50\n|   |   |   |   |--- class: 0\n|   |   |   |--- age >  35.50\n|   |   |   |   |--- class: 0\n|   |   |--- priors_count >  0.50\n|   |   |   |--- age <= 32.50\n|   |   |   |   |--- class: 0\n|   |   |   |--- age >  32.50\n|   |   |   |   |--- class: 0\n|--- priors_count >  2.50\n|   |--- age <= 36.50\n|   |   |--- priors_count <= 6.50\n|   |   |   |--- age <= 23.50\n|   |   |   |   |--- class: 1\n|   |   |   |--- age >  23.50\n|   |   |   |   |--- class: 1\n|   |   |--- priors_count >  6.50\n|   |   |   |--- age <= 27.50\n|   |   |   |   |--- class: 1\n|   |   |   |--- age >  27.50\n|   |   |   |   |--- class: 1\n|   |--- age >  36.50\n|   |   |--- priors_count <= 9.50\n|   |   |   |--- priors_count <= 3.50\n|   |   |   |   |--- class: 0\n|   |   |   |--- priors_count >  3.50\n|   |   |   |   |--- class: 1\n|   |   |--- priors_count >  9.50\n|   |   |   |--- age <= 57.50\n|   |   |   |   |--- class: 1\n|   |   |   |--- age >  57.50\n|   |   |   |   |--- class: 1\n"
}