{
    "train": {
        "accuracy": 0.9721115537848606,
        "balanced_accuracy": 0.9703047484053863,
        "precision": 0.9534883720930233,
        "recall": 0.9647058823529412,
        "roc_auc": 0.9918851878100639
    },
    "test": {
        "accuracy": 0.95,
        "balanced_accuracy": 0.95,
        "precision": 0.9134615384615384,
        "recall": 0.95,
        "roc_auc": 0.959111111111111
    },
    "hyperparameters": {
        "min_samples_split": 16,
        "min_samples_leaf": 1,
        "max_depth": 4
    }
}