{
    "train": {
        "accuracy": 0.9880478087649402,
        "balanced_accuracy": 0.9880935506732813,
        "precision": 0.9767441860465116,
        "recall": 0.9882352941176471,
        "roc_auc": 0.9992912827781715
    },
    "test": {
        "accuracy": 0.9392857142857143,
        "balanced_accuracy": 0.9438888888888889,
        "precision": 0.8807339449541285,
        "recall": 0.96,
        "roc_auc": 0.9535555555555556
    },
    "hyperparameters": {
        "min_samples_split": 2,
        "min_samples_leaf": 4,
        "max_depth": 4
    }
}