{
    "train": {
        "accuracy": 0.9920318725099602,
        "balanced_accuracy": 0.9937106918238994,
        "precision": 0.9787234042553191,
        "recall": 1.0,
        "roc_auc": 0.9995898277276456
    },
    "test": {
        "accuracy": 0.9464285714285714,
        "balanced_accuracy": 0.9516666666666667,
        "precision": 0.8899082568807339,
        "recall": 0.97,
        "roc_auc": 0.9553888888888888
    },
    "hyperparameters": {
        "min_samples_split": 4,
        "min_samples_leaf": 1,
        "max_depth": 4
    }
}