{
    "train": {
        "accuracy": 0.9572368421052632,
        "balanced_accuracy": 0.9525816087049286,
        "precision": 0.9101123595505618,
        "recall": 0.9418604651162791,
        "roc_auc": 0.9879987198634521
    },
    "test": {
        "accuracy": 0.9262536873156342,
        "balanced_accuracy": 0.9181455822340325,
        "precision": 0.8131868131868132,
        "recall": 0.9024390243902439,
        "roc_auc": 0.9363433614880896
    },
    "hyperparameters": {
        "min_samples_split": 12,
        "min_samples_leaf": 2,
        "max_depth": 4
    }
}