{
    "train": {
        "accuracy": 0.9638157894736842,
        "balanced_accuracy": 0.9675346077785102,
        "precision": 0.898876404494382,
        "recall": 0.975609756097561,
        "roc_auc": 0.9923368490441661
    },
    "test": {
        "accuracy": 0.9144542772861357,
        "balanced_accuracy": 0.9228195881180601,
        "precision": 0.7623762376237624,
        "recall": 0.9390243902439024,
        "roc_auc": 0.9479690614026762
    },
    "hyperparameters": {
        "min_samples_split": 8,
        "min_samples_leaf": 1,
        "max_depth": 4
    }
}