{
    "train": {
        "accuracy": 0.9407894736842105,
        "balanced_accuracy": 0.9286969896725994,
        "precision": 0.8809523809523809,
        "recall": 0.9024390243902439,
        "roc_auc": 0.9848934300153813
    },
    "test": {
        "accuracy": 0.9351032448377581,
        "balanced_accuracy": 0.9364382651608617,
        "precision": 0.8191489361702128,
        "recall": 0.9390243902439024,
        "roc_auc": 0.9657160482110658
    },
    "hyperparameters": {
        "min_samples_split": 12,
        "min_samples_leaf": 10,
        "max_depth": 4
    }
}