{
    "train": {
        "accuracy": 0.9539473684210527,
        "balanced_accuracy": 0.9603995299647474,
        "precision": 0.8571428571428571,
        "recall": 0.972972972972973,
        "roc_auc": 0.9882491186839013
    },
    "test": {
        "accuracy": 0.9351032448377581,
        "balanced_accuracy": 0.9239821581095189,
        "precision": 0.8409090909090909,
        "recall": 0.9024390243902439,
        "roc_auc": 0.9712441871500428
    },
    "hyperparameters": {
        "min_samples_split": 6,
        "min_samples_leaf": 13,
        "max_depth": 4
    }
}