{
    "train": {
        "accuracy": 0.9736842105263158,
        "balanced_accuracy": 0.9781385281385282,
        "precision": 0.9222222222222223,
        "recall": 0.9880952380952381,
        "roc_auc": 0.9917207792207792
    },
    "test": {
        "accuracy": 0.8938053097345132,
        "balanced_accuracy": 0.9050488753914776,
        "precision": 0.7169811320754716,
        "recall": 0.926829268292683,
        "roc_auc": 0.9459998101926546
    },
    "hyperparameters": {
        "min_samples_split": 7,
        "min_samples_leaf": 4,
        "max_depth": 4
    }
}