{
    "train": {
        "accuracy": 0.8297101449275363,
        "balanced_accuracy": 0.8285722513390543,
        "precision": 0.7272727272727273,
        "recall": 0.8247422680412371,
        "roc_auc": 0.8472614179577261
    },
    "test": {
        "accuracy": 0.7077922077922078,
        "balanced_accuracy": 0.6911200568316362,
        "precision": 0.5546218487394958,
        "recall": 0.6407766990291263,
        "roc_auc": 0.6991948851527352
    },
    "hyperparameters": {
        "min_sup": 2,
        "max_depth": 3,
        "time_limit": 60
    },
    "training_time": 60.13593935966492
}