{
    "train": {
        "accuracy": 0.8442028985507246,
        "balanced_accuracy": 0.8428521064692402,
        "precision": 0.7358490566037735,
        "recall": 0.8387096774193549,
        "roc_auc": 0.8803396204242319
    },
    "test": {
        "accuracy": 0.7012987012987013,
        "balanced_accuracy": 0.6645039071749941,
        "precision": 0.5533980582524272,
        "recall": 0.5533980582524272,
        "roc_auc": 0.675562396400663
    },
    "hyperparameters": {
        "min_sup": 4,
        "max_depth": 3,
        "time_limit": 60
    },
    "training_time": 60.052574157714844
}