{
    "train": {
        "accuracy": 0.8152173913043478,
        "balanced_accuracy": 0.8172456366799483,
        "precision": 0.7203389830508474,
        "recall": 0.8252427184466019,
        "roc_auc": 0.8406195633873955
    },
    "test": {
        "accuracy": 0.7435064935064936,
        "balanced_accuracy": 0.7372720814586786,
        "precision": 0.5967741935483871,
        "recall": 0.7184466019417476,
        "roc_auc": 0.7629410371773622
    },
    "hyperparameters": {
        "min_sup": 1,
        "max_depth": 3,
        "time_limit": 60
    },
    "training_time": 60.207457542419434
}