{
    "train": {
        "accuracy": 0.8369565217391305,
        "balanced_accuracy": 0.8459655589471866,
        "precision": 0.7203389830508474,
        "recall": 0.8762886597938144,
        "roc_auc": 0.8610551172032483
    },
    "test": {
        "accuracy": 0.7207792207792207,
        "balanced_accuracy": 0.7105375325597916,
        "precision": 0.5691056910569106,
        "recall": 0.6796116504854369,
        "roc_auc": 0.7261899123845608
    },
    "hyperparameters": {
        "min_sup": 4,
        "max_depth": 3,
        "time_limit": 60
    },
    "training_time": 60.34165692329407
}