{
    "train": {
        "accuracy": 0.8007246376811594,
        "balanced_accuracy": 0.8017565519950615,
        "precision": 0.7033898305084746,
        "recall": 0.8058252427184466,
        "roc_auc": 0.8213985072114037
    },
    "test": {
        "accuracy": 0.7305194805194806,
        "balanced_accuracy": 0.7130239166469334,
        "precision": 0.5862068965517241,
        "recall": 0.6601941747572816,
        "roc_auc": 0.6840161022969454
    },
    "hyperparameters": {
        "min_sup": 6,
        "max_depth": 3,
        "time_limit": 60
    },
    "training_time": 60.12073493003845
}