{
    "train": {
        "mse": 0.19949886384317653,
        "mae": 0.27949980738943564
    },
    "test": {
        "mse": 0.3128457105111946,
        "mae": 0.33583072284768556
    },
    "hyperparameters": {
        "min_samples_split": 15,
        "min_samples_leaf": 15,
        "criterion": "squared_error",
        "splitter": "best",
        "max_depth": 4
    },
    "parsed_tree": {
        "Cylinder": {
            "<= 1.5000": {
                "Saab": {
                    "<= 0.5000": {
                        "Cylinder": {
                            "<= 0.5000": {
                                "Pontiac": {
                                    "<= 0.5000": {
                                        "value": "-0.6122"
                                    },
                                    "> 0.5000": {
                                        "value": "-0.8624"
                                    }
                                }
                            },
                            "> 0.5000": {
                                "Mileage": {
                                    "<= 18172.5000": {
                                        "value": "0.0765"
                                    },
                                    "> 18172.5000": {
                                        "value": "-0.2304"
                                    }
                                }
                            }
                        }
                    },
                    "> 0.5000": {
                        "Mileage": {
                            "<= 20505.0000": {
                                "value": "1.1801"
                            },
                            "> 20505.0000": {
                                "value": "0.7018"
                            }
                        }
                    }
                }
            },
            "> 1.5000": {
                "Mileage": {
                    "<= 23282.0000": {
                        "value": "2.1821"
                    },
                    "> 23282.0000": {
                        "value": "1.3674"
                    }
                }
            }
        }
    },
    "native_representation": "|--- Cylinder <= 1.50\n|   |--- Saab <= 0.50\n|   |   |--- Cylinder <= 0.50\n|   |   |   |--- Pontiac <= 0.50\n|   |   |   |   |--- value: [-0.61]\n|   |   |   |--- Pontiac >  0.50\n|   |   |   |   |--- value: [-0.86]\n|   |   |--- Cylinder >  0.50\n|   |   |   |--- Mileage <= 18172.50\n|   |   |   |   |--- value: [0.08]\n|   |   |   |--- Mileage >  18172.50\n|   |   |   |   |--- value: [-0.23]\n|   |--- Saab >  0.50\n|   |   |--- Mileage <= 20505.00\n|   |   |   |--- value: [1.18]\n|   |   |--- Mileage >  20505.00\n|   |   |   |--- value: [0.70]\n|--- Cylinder >  1.50\n|   |--- Mileage <= 23282.00\n|   |   |--- value: [2.18]\n|   |--- Mileage >  23282.00\n|   |   |--- value: [1.37]\n"
}