{
    "train": {
        "mse": 0.19846635133223434,
        "mae": 0.2739960561666185
    },
    "test": {
        "mse": 0.2740357747754214,
        "mae": 0.3295570865096394
    },
    "hyperparameters": {
        "min_samples_split": 13,
        "min_samples_leaf": 14,
        "criterion": "squared_error",
        "splitter": "best",
        "max_depth": 4
    },
    "parsed_tree": {
        "Cylinder": {
            "<= 1.5000": {
                "Saab": {
                    "<= 0.5000": {
                        "Cylinder": {
                            "<= 0.5000": {
                                "Mileage": {
                                    "<= 24555.0000": {
                                        "value": "-0.7593"
                                    },
                                    "> 24555.0000": {
                                        "value": "-0.9867"
                                    }
                                }
                            },
                            "> 0.5000": {
                                "Chevy": {
                                    "<= 0.5000": {
                                        "value": "-0.2589"
                                    },
                                    "> 0.5000": {
                                        "value": "0.0000"
                                    }
                                }
                            }
                        }
                    },
                    "> 0.5000": {
                        "Mileage": {
                            "<= 21580.5000": {
                                "value": "0.9511"
                            },
                            "> 21580.5000": {
                                "value": "0.6117"
                            }
                        }
                    }
                }
            },
            "> 1.5000": {
                "Mileage": {
                    "<= 15572.5000": {
                        "value": "2.4287"
                    },
                    "> 15572.5000": {
                        "value": "1.4639"
                    }
                }
            }
        }
    },
    "native_representation": "|--- Cylinder <= 1.50\n|   |--- Saab <= 0.50\n|   |   |--- Cylinder <= 0.50\n|   |   |   |--- Mileage <= 24555.00\n|   |   |   |   |--- value: [-0.76]\n|   |   |   |--- Mileage >  24555.00\n|   |   |   |   |--- value: [-0.99]\n|   |   |--- Cylinder >  0.50\n|   |   |   |--- Chevy <= 0.50\n|   |   |   |   |--- value: [-0.26]\n|   |   |   |--- Chevy >  0.50\n|   |   |   |   |--- value: [0.00]\n|   |--- Saab >  0.50\n|   |   |--- Mileage <= 21580.50\n|   |   |   |--- value: [0.95]\n|   |   |--- Mileage >  21580.50\n|   |   |   |--- value: [0.61]\n|--- Cylinder >  1.50\n|   |--- Mileage <= 15572.50\n|   |   |--- value: [2.43]\n|   |--- Mileage >  15572.50\n|   |   |--- value: [1.46]\n"
}