{
    "train": {
        "mse": 0.18534975631074022,
        "mae": 0.2684404869798739
    },
    "test": {
        "mse": 0.21171663105531063,
        "mae": 0.2868774579007045
    },
    "hyperparameters": {
        "min_samples_split": 6,
        "min_samples_leaf": 10,
        "criterion": "squared_error",
        "splitter": "best",
        "max_depth": 4
    },
    "parsed_tree": {
        "Cylinder": {
            "<= 1.5000": {
                "Saab": {
                    "<= 0.5000": {
                        "Cylinder": {
                            "<= 0.5000": {
                                "wagon": {
                                    "<= 0.5000": {
                                        "value": "-0.5741"
                                    },
                                    "> 0.5000": {
                                        "value": "-0.8739"
                                    }
                                }
                            },
                            "> 0.5000": {
                                "Chevy": {
                                    "<= 0.5000": {
                                        "value": "-0.3240"
                                    },
                                    "> 0.5000": {
                                        "value": "-0.0501"
                                    }
                                }
                            }
                        }
                    },
                    "> 0.5000": {
                        "Doors": {
                            "<= 0.5000": {
                                "Mileage": {
                                    "<= 20975.5000": {
                                        "value": "0.7617"
                                    },
                                    "> 20975.5000": {
                                        "value": "0.4094"
                                    }
                                }
                            },
                            "> 0.5000": {
                                "value": "1.0784"
                            }
                        }
                    }
                }
            },
            "> 1.5000": {
                "Mileage": {
                    "<= 11403.5000": {
                        "value": "2.5688"
                    },
                    "> 11403.5000": {
                        "Cadillac": {
                            "<= 0.5000": {
                                "value": "0.7547"
                            },
                            "> 0.5000": {
                                "Mileage": {
                                    "<= 23282.0000": {
                                        "value": "1.7896"
                                    },
                                    "> 23282.0000": {
                                        "value": "1.5798"
                                    }
                                }
                            }
                        }
                    }
                }
            }
        }
    },
    "native_representation": "|--- Cylinder <= 1.50\n|   |--- Saab <= 0.50\n|   |   |--- Cylinder <= 0.50\n|   |   |   |--- wagon <= 0.50\n|   |   |   |   |--- value: [-0.57]\n|   |   |   |--- wagon >  0.50\n|   |   |   |   |--- value: [-0.87]\n|   |   |--- Cylinder >  0.50\n|   |   |   |--- Chevy <= 0.50\n|   |   |   |   |--- value: [-0.32]\n|   |   |   |--- Chevy >  0.50\n|   |   |   |   |--- value: [-0.05]\n|   |--- Saab >  0.50\n|   |   |--- Doors <= 0.50\n|   |   |   |--- Mileage <= 20975.50\n|   |   |   |   |--- value: [0.76]\n|   |   |   |--- Mileage >  20975.50\n|   |   |   |   |--- value: [0.41]\n|   |   |--- Doors >  0.50\n|   |   |   |--- value: [1.08]\n|--- Cylinder >  1.50\n|   |--- Mileage <= 11403.50\n|   |   |--- value: [2.57]\n|   |--- Mileage >  11403.50\n|   |   |--- Cadillac <= 0.50\n|   |   |   |--- value: [0.75]\n|   |   |--- Cadillac >  0.50\n|   |   |   |--- Mileage <= 23282.00\n|   |   |   |   |--- value: [1.79]\n|   |   |   |--- Mileage >  23282.00\n|   |   |   |   |--- value: [1.58]\n"
}