{
    "train": {
        "mse": 0.22896761483067465,
        "mae": 0.2903060927535748
    },
    "test": {
        "mse": 0.301087135134037,
        "mae": 0.3333218832483825
    },
    "hyperparameters": {
        "min_samples_split": 11,
        "min_samples_leaf": 15,
        "criterion": "squared_error",
        "splitter": "best",
        "max_depth": 4
    },
    "parsed_tree": {
        "Cylinder": {
            "<= 1.5000": {
                "Saab": {
                    "<= 0.5000": {
                        "Cylinder": {
                            "<= 0.5000": {
                                "Chevy": {
                                    "<= 0.5000": {
                                        "value": "-0.9178"
                                    },
                                    "> 0.5000": {
                                        "value": "-0.7149"
                                    }
                                }
                            },
                            "> 0.5000": {
                                "Cruise": {
                                    "<= 0.5000": {
                                        "value": "-0.4593"
                                    },
                                    "> 0.5000": {
                                        "value": "-0.0835"
                                    }
                                }
                            }
                        }
                    },
                    "> 0.5000": {
                        "sedan": {
                            "<= 0.5000": {
                                "value": "0.5512"
                            },
                            "> 0.5000": {
                                "value": "0.9838"
                            }
                        }
                    }
                }
            },
            "> 1.5000": {
                "Sound": {
                    "<= 0.5000": {
                        "value": "2.1765"
                    },
                    "> 0.5000": {
                        "value": "1.4634"
                    }
                }
            }
        }
    },
    "native_representation": "|--- Cylinder <= 1.50\n|   |--- Saab <= 0.50\n|   |   |--- Cylinder <= 0.50\n|   |   |   |--- Chevy <= 0.50\n|   |   |   |   |--- value: [-0.92]\n|   |   |   |--- Chevy >  0.50\n|   |   |   |   |--- value: [-0.71]\n|   |   |--- Cylinder >  0.50\n|   |   |   |--- Cruise <= 0.50\n|   |   |   |   |--- value: [-0.46]\n|   |   |   |--- Cruise >  0.50\n|   |   |   |   |--- value: [-0.08]\n|   |--- Saab >  0.50\n|   |   |--- sedan <= 0.50\n|   |   |   |--- value: [0.55]\n|   |   |--- sedan >  0.50\n|   |   |   |--- value: [0.98]\n|--- Cylinder >  1.50\n|   |--- Sound <= 0.50\n|   |   |--- value: [2.18]\n|   |--- Sound >  0.50\n|   |   |--- value: [1.46]\n"
}