{
    "train": {
        "mse": 0.22318419327545616,
        "mae": 0.30688683102837566
    },
    "test": {
        "mse": 0.24620977760022122,
        "mae": 0.3144937588512323
    },
    "hyperparameters": {
        "min_samples_split": 12,
        "min_samples_leaf": 15,
        "criterion": "squared_error",
        "splitter": "best",
        "max_depth": 4
    },
    "parsed_tree": {
        "Cadillac": {
            "<= 0.5000": {
                "Saab": {
                    "<= 0.5000": {
                        "Cylinder": {
                            "<= 0.5000": {
                                "Pontiac": {
                                    "<= 0.5000": {
                                        "value": "-0.6285"
                                    },
                                    "> 0.5000": {
                                        "value": "-0.9069"
                                    }
                                }
                            },
                            "> 0.5000": {
                                "Doors": {
                                    "<= 0.5000": {
                                        "value": "-0.2028"
                                    },
                                    "> 0.5000": {
                                        "value": "0.3485"
                                    }
                                }
                            }
                        }
                    },
                    "> 0.5000": {
                        "Mileage": {
                            "<= 21363.0000": {
                                "value": "1.0440"
                            },
                            "> 21363.0000": {
                                "value": "0.6391"
                            }
                        }
                    }
                }
            },
            "> 0.5000": {
                "value": "2.2420"
            }
        }
    },
    "native_representation": "|--- Cadillac <= 0.50\n|   |--- Saab <= 0.50\n|   |   |--- Cylinder <= 0.50\n|   |   |   |--- Pontiac <= 0.50\n|   |   |   |   |--- value: [-0.63]\n|   |   |   |--- Pontiac >  0.50\n|   |   |   |   |--- value: [-0.91]\n|   |   |--- Cylinder >  0.50\n|   |   |   |--- Doors <= 0.50\n|   |   |   |   |--- value: [-0.20]\n|   |   |   |--- Doors >  0.50\n|   |   |   |   |--- value: [0.35]\n|   |--- Saab >  0.50\n|   |   |--- Mileage <= 21363.00\n|   |   |   |--- value: [1.04]\n|   |   |--- Mileage >  21363.00\n|   |   |   |--- value: [0.64]\n|--- Cadillac >  0.50\n|   |--- value: [2.24]\n"
}