{
    "train": {
        "accuracy": 0.655608214849921,
        "balanced_accuracy": 0.6563734404455013,
        "precision": 0.6349848331648129,
        "recall": 0.6818675352877307,
        "roc_auc": 0.6604062446571589
    },
    "test": {
        "accuracy": 0.6415719696969697,
        "balanced_accuracy": 0.6454939134770685,
        "precision": 0.5927240461401952,
        "recall": 0.6915113871635611,
        "roc_auc": 0.6482426949078439
    },
    "hyperparameters": {
        "regularization": 0.007544241564697255,
        "depth_budget": 4,
        "time_limit": 60,
        "diagnostics": true,
        "objective": "bacc",
        "theta": null,
        "w": null
    }
}