{
    "train": {
        "accuracy": 0.6424433912585571,
        "balanced_accuracy": 0.643193594758132,
        "precision": 0.6081932773109243,
        "recall": 0.6542372881355932,
        "roc_auc": 0.6454796688173482
    },
    "test": {
        "accuracy": 0.6358901515151515,
        "balanced_accuracy": 0.6379819626462012,
        "precision": 0.5909510618651893,
        "recall": 0.6625258799171843,
        "roc_auc": 0.6385822141285379
    },
    "hyperparameters": {
        "regularization": 0.002813197191516338,
        "depth_budget": 4,
        "time_limit": 60,
        "diagnostics": true,
        "objective": "bacc",
        "theta": null,
        "w": null
    }
}