{
    "train": {
        "accuracy": 0.6456029489204844,
        "balanced_accuracy": 0.6462191452405999,
        "precision": 0.6193952033368092,
        "recall": 0.6585365853658537,
        "roc_auc": 0.648045577975612
    },
    "test": {
        "accuracy": 0.6358901515151515,
        "balanced_accuracy": 0.6379819626462012,
        "precision": 0.5909510618651893,
        "recall": 0.6625258799171843,
        "roc_auc": 0.6385822141285379
    },
    "hyperparameters": {
        "regularization": 0.0010331203942057022,
        "depth_budget": 4,
        "time_limit": 60,
        "diagnostics": true,
        "objective": "bacc",
        "theta": null,
        "w": null
    }
}