{
    "train": {
        "accuracy": 0.6519220642443391,
        "balanced_accuracy": 0.6518122163212607,
        "precision": 0.6756425948592412,
        "recall": 0.5822784810126582,
        "roc_auc": 0.6536745686308438
    },
    "test": {
        "accuracy": 0.6491477272727273,
        "balanced_accuracy": 0.6442636011837013,
        "precision": 0.6237623762376238,
        "recall": 0.5869565217391305,
        "roc_auc": 0.6415807616012488
    },
    "hyperparameters": {
        "regularization": 0.0034147296588937386,
        "depth_budget": 4,
        "time_limit": 60,
        "diagnostics": true,
        "objective": "bacc",
        "theta": null,
        "w": null
    }
}