{
    "train": {
        "accuracy": 0.9282868525896414,
        "balanced_accuracy": 0.9438271604938271,
        "precision": 0.8247422680412371,
        "recall": 0.9876543209876543,
        "roc_auc": 0.9924110384894699
    },
    "test": {
        "accuracy": 0.9107142857142857,
        "balanced_accuracy": 0.9283333333333333,
        "precision": 0.8048780487804879,
        "recall": 0.99,
        "roc_auc": 0.9633611111111111
    },
    "hyperparameters": {
        "min_samples_split": 10,
        "min_samples_leaf": 10,
        "criterion": "gini",
        "splitter": "best",
        "max_depth": 4,
        "class_weight": "balanced"
    },
    "parsed_tree": {
        "Cell_Size_Uniformity": {
            "<= 2.5000": {
                "Bare_Nuclei": {
                    "<= 3.5000": {
                        "Normal_Nucleoli": {
                            "<= 1.5000": {
                                "value": 0
                            },
                            "> 1.5000": {
                                "value": 0
                            }
                        }
                    },
                    "> 3.5000": {
                        "value": 1
                    }
                }
            },
            "> 2.5000": {
                "Single_Epi_Cell_Size": {
                    "<= 2.5000": {
                        "value": 1
                    },
                    "> 2.5000": {
                        "Cell_Size_Uniformity": {
                            "<= 3.5000": {
                                "value": 1
                            },
                            "> 3.5000": {
                                "value": 1
                            }
                        }
                    }
                }
            }
        }
    },
    "native_representation": "|--- Cell_Size_Uniformity <= 2.50\n|   |--- Bare_Nuclei <= 3.50\n|   |   |--- Normal_Nucleoli <= 1.50\n|   |   |   |--- class: 0\n|   |   |--- Normal_Nucleoli >  1.50\n|   |   |   |--- class: 0\n|   |--- Bare_Nuclei >  3.50\n|   |   |--- class: 1\n|--- Cell_Size_Uniformity >  2.50\n|   |--- Single_Epi_Cell_Size <= 2.50\n|   |   |--- class: 1\n|   |--- Single_Epi_Cell_Size >  2.50\n|   |   |--- Cell_Size_Uniformity <= 3.50\n|   |   |   |--- class: 1\n|   |   |--- Cell_Size_Uniformity >  3.50\n|   |   |   |--- class: 1\n"
}