{
    "train": {
        "accuracy": 0.9681274900398407,
        "balanced_accuracy": 0.9702130641996075,
        "precision": 0.9340659340659341,
        "recall": 0.9770114942528736,
        "roc_auc": 0.9924656574151948
    },
    "test": {
        "accuracy": 0.9464285714285714,
        "balanced_accuracy": 0.9472222222222222,
        "precision": 0.9047619047619048,
        "recall": 0.95,
        "roc_auc": 0.9659444444444444
    },
    "hyperparameters": {
        "min_samples_split": 8,
        "min_samples_leaf": 6,
        "criterion": "gini",
        "splitter": "best",
        "max_depth": 4,
        "class_weight": "balanced"
    },
    "parsed_tree": {
        "Cell_Size_Uniformity": {
            "<= 1.5000": {
                "value": 0
            },
            "> 1.5000": {
                "Cell_Shape_Uniformity": {
                    "<= 2.5000": {
                        "Bare_Nuclei": {
                            "<= 1.5000": {
                                "value": 0
                            },
                            "> 1.5000": {
                                "value": 0
                            }
                        }
                    },
                    "> 2.5000": {
                        "Bare_Nuclei": {
                            "<= 1.5000": {
                                "Cell_Shape_Uniformity": {
                                    "<= 3.5000": {
                                        "value": 0
                                    },
                                    "> 3.5000": {
                                        "value": 1
                                    }
                                }
                            },
                            "> 1.5000": {
                                "Marginal_Adhesion": {
                                    "<= 1.5000": {
                                        "value": 1
                                    },
                                    "> 1.5000": {
                                        "value": 1
                                    }
                                }
                            }
                        }
                    }
                }
            }
        }
    },
    "native_representation": "|--- Cell_Size_Uniformity <= 1.50\n|   |--- class: 0\n|--- Cell_Size_Uniformity >  1.50\n|   |--- Cell_Shape_Uniformity <= 2.50\n|   |   |--- Bare_Nuclei <= 1.50\n|   |   |   |--- class: 0\n|   |   |--- Bare_Nuclei >  1.50\n|   |   |   |--- class: 0\n|   |--- Cell_Shape_Uniformity >  2.50\n|   |   |--- Bare_Nuclei <= 1.50\n|   |   |   |--- Cell_Shape_Uniformity <= 3.50\n|   |   |   |   |--- class: 0\n|   |   |   |--- Cell_Shape_Uniformity >  3.50\n|   |   |   |   |--- class: 1\n|   |   |--- Bare_Nuclei >  1.50\n|   |   |   |--- Marginal_Adhesion <= 1.50\n|   |   |   |   |--- class: 1\n|   |   |   |--- Marginal_Adhesion >  1.50\n|   |   |   |   |--- class: 1\n"
}