{
    "train": {
        "accuracy": 0.9760956175298805,
        "balanced_accuracy": 0.9819277108433735,
        "precision": 0.9340659340659341,
        "recall": 1.0,
        "roc_auc": 0.9956059532246634
    },
    "test": {
        "accuracy": 0.95,
        "balanced_accuracy": 0.9544444444444444,
        "precision": 0.8981481481481481,
        "recall": 0.97,
        "roc_auc": 0.9581944444444445
    },
    "hyperparameters": {
        "min_samples_split": 11,
        "min_samples_leaf": 1,
        "criterion": "gini",
        "splitter": "best",
        "max_depth": 4,
        "class_weight": "balanced"
    },
    "parsed_tree": {
        "Cell_Shape_Uniformity": {
            "<= 2.5000": {
                "Bare_Nuclei": {
                    "<= 5.5000": {
                        "value": 0
                    },
                    "> 5.5000": {
                        "value": 1
                    }
                }
            },
            "> 2.5000": {
                "Cell_Size_Uniformity": {
                    "<= 1.5000": {
                        "Single_Epi_Cell_Size": {
                            "<= 3.5000": {
                                "value": 0
                            },
                            "> 3.5000": {
                                "value": 1
                            }
                        }
                    },
                    "> 1.5000": {
                        "Bare_Nuclei": {
                            "<= 2.5000": {
                                "Cell_Shape_Uniformity": {
                                    "<= 3.5000": {
                                        "value": 0
                                    },
                                    "> 3.5000": {
                                        "value": 1
                                    }
                                }
                            },
                            "> 2.5000": {
                                "Marginal_Adhesion": {
                                    "<= 3.5000": {
                                        "value": 1
                                    },
                                    "> 3.5000": {
                                        "value": 1
                                    }
                                }
                            }
                        }
                    }
                }
            }
        }
    },
    "native_representation": "|--- Cell_Shape_Uniformity <= 2.50\n|   |--- Bare_Nuclei <= 5.50\n|   |   |--- class: 0\n|   |--- Bare_Nuclei >  5.50\n|   |   |--- class: 1\n|--- Cell_Shape_Uniformity >  2.50\n|   |--- Cell_Size_Uniformity <= 1.50\n|   |   |--- Single_Epi_Cell_Size <= 3.50\n|   |   |   |--- class: 0\n|   |   |--- Single_Epi_Cell_Size >  3.50\n|   |   |   |--- class: 1\n|   |--- Cell_Size_Uniformity >  1.50\n|   |   |--- Bare_Nuclei <= 2.50\n|   |   |   |--- Cell_Shape_Uniformity <= 3.50\n|   |   |   |   |--- class: 0\n|   |   |   |--- Cell_Shape_Uniformity >  3.50\n|   |   |   |   |--- class: 1\n|   |   |--- Bare_Nuclei >  2.50\n|   |   |   |--- Marginal_Adhesion <= 3.50\n|   |   |   |   |--- class: 1\n|   |   |   |--- Marginal_Adhesion >  3.50\n|   |   |   |   |--- class: 1\n"
}