{
    "train": {
        "accuracy": 0.9920318725099602,
        "balanced_accuracy": 0.9937106918238994,
        "precision": 0.9787234042553191,
        "recall": 1.0,
        "roc_auc": 0.9995898277276456
    },
    "test": {
        "accuracy": 0.9464285714285714,
        "balanced_accuracy": 0.9516666666666667,
        "precision": 0.8899082568807339,
        "recall": 0.97,
        "roc_auc": 0.9554444444444444
    },
    "hyperparameters": {
        "min_samples_split": 7,
        "min_samples_leaf": 3,
        "criterion": "gini",
        "splitter": "best",
        "max_depth": 4,
        "class_weight": "balanced"
    },
    "parsed_tree": {
        "Cell_Shape_Uniformity": {
            "<= 3.5000": {
                "Bare_Nuclei": {
                    "<= 5.5000": {
                        "Normal_Nucleoli": {
                            "<= 2.5000": {
                                "value": 0
                            },
                            "> 2.5000": {
                                "Clump_Thickness": {
                                    "<= 4.0000": {
                                        "value": 0
                                    },
                                    "> 4.0000": {
                                        "value": 1
                                    }
                                }
                            }
                        }
                    },
                    "> 5.5000": {
                        "value": 1
                    }
                }
            },
            "> 3.5000": {
                "Marginal_Adhesion": {
                    "<= 1.5000": {
                        "Clump_Thickness": {
                            "<= 6.5000": {
                                "Single_Epi_Cell_Size": {
                                    "<= 4.5000": {
                                        "value": 0
                                    },
                                    "> 4.5000": {
                                        "value": 1
                                    }
                                }
                            },
                            "> 6.5000": {
                                "value": 1
                            }
                        }
                    },
                    "> 1.5000": {
                        "Single_Epi_Cell_Size": {
                            "<= 2.5000": {
                                "value": 1
                            },
                            "> 2.5000": {
                                "value": 1
                            }
                        }
                    }
                }
            }
        }
    },
    "native_representation": "|--- Cell_Shape_Uniformity <= 3.50\n|   |--- Bare_Nuclei <= 5.50\n|   |   |--- Normal_Nucleoli <= 2.50\n|   |   |   |--- class: 0\n|   |   |--- Normal_Nucleoli >  2.50\n|   |   |   |--- Clump_Thickness <= 4.00\n|   |   |   |   |--- class: 0\n|   |   |   |--- Clump_Thickness >  4.00\n|   |   |   |   |--- class: 1\n|   |--- Bare_Nuclei >  5.50\n|   |   |--- class: 1\n|--- Cell_Shape_Uniformity >  3.50\n|   |--- Marginal_Adhesion <= 1.50\n|   |   |--- Clump_Thickness <= 6.50\n|   |   |   |--- Single_Epi_Cell_Size <= 4.50\n|   |   |   |   |--- class: 0\n|   |   |   |--- Single_Epi_Cell_Size >  4.50\n|   |   |   |   |--- class: 1\n|   |   |--- Clump_Thickness >  6.50\n|   |   |   |--- class: 1\n|   |--- Marginal_Adhesion >  1.50\n|   |   |--- Single_Epi_Cell_Size <= 2.50\n|   |   |   |--- class: 1\n|   |   |--- Single_Epi_Cell_Size >  2.50\n|   |   |   |--- class: 1\n"
}