{
    "train": {
        "accuracy": 0.9641434262948207,
        "balanced_accuracy": 0.9617675918138491,
        "precision": 0.9431818181818182,
        "recall": 0.9540229885057471,
        "roc_auc": 0.9633445472385759
    },
    "test": {
        "accuracy": 0.9357142857142857,
        "balanced_accuracy": 0.9344444444444444,
        "precision": 0.8942307692307693,
        "recall": 0.93,
        "roc_auc": 0.9311111111111112
    },
    "hyperparameters": {
        "regularization": 0.038054958000581764,
        "depth_budget": 4,
        "time_limit": 60,
        "diagnostics": true,
        "objective": "bacc",
        "theta": null,
        "w": null
    }
}