{
    "train": {
        "accuracy": 0.9760956175298805,
        "balanced_accuracy": 0.9758896151053014,
        "precision": 0.9518072289156626,
        "recall": 0.9753086419753086,
        "roc_auc": 0.977196804647785
    },
    "test": {
        "accuracy": 0.9285714285714286,
        "balanced_accuracy": 0.9288888888888889,
        "precision": 0.8773584905660378,
        "recall": 0.93,
        "roc_auc": 0.9251666666666668
    },
    "hyperparameters": {
        "regularization": 0.02316822851770678,
        "depth_budget": 4,
        "time_limit": 60,
        "diagnostics": true,
        "objective": "bacc",
        "theta": null,
        "w": null
    }
}