{
    "train": {
        "accuracy": 0.9840637450199203,
        "balanced_accuracy": 0.9850815024805103,
        "precision": 0.9655172413793104,
        "recall": 0.9882352941176471,
        "roc_auc": 0.9874557051736358
    },
    "test": {
        "accuracy": 0.9392857142857143,
        "balanced_accuracy": 0.9461111111111111,
        "precision": 0.8738738738738738,
        "recall": 0.97,
        "roc_auc": 0.9359444444444442
    },
    "hyperparameters": {
        "regularization": 0.004911179630859426,
        "depth_budget": 4,
        "time_limit": 60,
        "diagnostics": true,
        "objective": "bacc",
        "theta": null,
        "w": null
    }
}