{
    "train": {
        "accuracy": 0.9561752988047809,
        "balanced_accuracy": 0.9611268603827072,
        "precision": 0.9021739130434783,
        "recall": 0.9764705882352941,
        "roc_auc": 0.9597094259390503
    },
    "test": {
        "accuracy": 0.9357142857142857,
        "balanced_accuracy": 0.9433333333333334,
        "precision": 0.8660714285714286,
        "recall": 0.97,
        "roc_auc": 0.9358888888888888
    },
    "hyperparameters": {
        "regularization": 0.03243465050449745,
        "depth_budget": 4,
        "time_limit": 60,
        "diagnostics": true,
        "objective": "bacc",
        "theta": null,
        "w": null
    }
}