{
    "train": {
        "accuracy": 0.9769736842105263,
        "balanced_accuracy": 0.9804245786217196,
        "precision": 0.9340659340659341,
        "recall": 0.9883720930232558,
        "roc_auc": 0.9858918284617026
    },
    "test": {
        "accuracy": 0.9380530973451328,
        "balanced_accuracy": 0.9259276834013477,
        "precision": 0.8505747126436781,
        "recall": 0.9024390243902439,
        "roc_auc": 0.9239109803549397
    },
    "hyperparameters": {
        "min_sup": 3,
        "max_depth": 3,
        "time_limit": 60
    },
    "training_time": 60.30959486961365
}