{
    "train": {
        "accuracy": 0.9802631578947368,
        "balanced_accuracy": 0.9864864864864865,
        "precision": 0.9318181818181818,
        "recall": 1.0,
        "roc_auc": 0.9914304548450891
    },
    "test": {
        "accuracy": 0.9085545722713865,
        "balanced_accuracy": 0.9189285375344025,
        "precision": 0.7475728155339806,
        "recall": 0.9390243902439024,
        "roc_auc": 0.9173863528518554
    },
    "hyperparameters": {
        "min_sup": 1,
        "max_depth": 3,
        "time_limit": 60
    },
    "training_time": 60.605241537094116
}