{
    "train": {
        "accuracy": 0.9769736842105263,
        "balanced_accuracy": 0.9801997649823737,
        "precision": 0.9240506329113924,
        "recall": 0.9864864864864865,
        "roc_auc": 0.9904230317273794
    },
    "test": {
        "accuracy": 0.9410029498525073,
        "balanced_accuracy": 0.9403293157445193,
        "precision": 0.8369565217391305,
        "recall": 0.9390243902439024,
        "roc_auc": 0.9326421182499762
    },
    "hyperparameters": {
        "min_sup": 7,
        "max_depth": 3,
        "time_limit": 60
    },
    "training_time": 60.31292009353638
}