{
    "train": {
        "accuracy": 0.9736842105263158,
        "balanced_accuracy": 0.9819819819819819,
        "precision": 0.9111111111111111,
        "recall": 1.0,
        "roc_auc": 0.9848934300153813
    },
    "test": {
        "accuracy": 0.9203539823008849,
        "balanced_accuracy": 0.9350147100692796,
        "precision": 0.7669902912621359,
        "recall": 0.9634146341463414,
        "roc_auc": 0.9351333396602449
    },
    "hyperparameters": {
        "min_sup": 3,
        "max_depth": 3,
        "time_limit": 60
    },
    "training_time": 60.503315687179565
}