{
    "train": {
        "accuracy": 0.9835526315789473,
        "balanced_accuracy": 0.98495670995671,
        "precision": 0.9540229885057471,
        "recall": 0.9880952380952381,
        "roc_auc": 0.9928030303030303
    },
    "test": {
        "accuracy": 0.943952802359882,
        "balanced_accuracy": 0.9381228053525672,
        "precision": 0.8539325842696629,
        "recall": 0.926829268292683,
        "roc_auc": 0.9411359969630826
    },
    "hyperparameters": {
        "min_sup": 1,
        "max_depth": 3,
        "time_limit": 60
    },
    "training_time": 60.624022483825684
}