{
    "train": {
        "accuracy": 0.9960159362549801,
        "balanced_accuracy": 0.9970588235294118,
        "precision": 0.9878048780487805,
        "recall": 1.0,
        "roc_auc": 0.99920116194626
    },
    "test": {
        "accuracy": 0.9464285714285714,
        "balanced_accuracy": 0.9538888888888889,
        "precision": 0.8828828828828829,
        "recall": 0.98,
        "roc_auc": 0.9659166666666666
    },
    "hyperparameters": {
        "min_sup": 5,
        "max_depth": 3,
        "time_limit": 60
    },
    "training_time": 0.051163434982299805
}