{
    "train": {
        "accuracy": 0.9920318725099602,
        "balanced_accuracy": 0.9912040930754136,
        "precision": 0.9885057471264368,
        "recall": 0.9885057471264368,
        "roc_auc": 0.9993692178301093
    },
    "test": {
        "accuracy": 0.9428571428571428,
        "balanced_accuracy": 0.94,
        "precision": 0.9117647058823529,
        "recall": 0.93,
        "roc_auc": 0.9554166666666667
    },
    "hyperparameters": {
        "min_sup": 4,
        "max_depth": 3,
        "time_limit": 60
    },
    "training_time": 0.13228297233581543
}