{
    "train": {
        "accuracy": 0.9920318725099602,
        "balanced_accuracy": 0.9939759036144578,
        "precision": 0.9770114942528736,
        "recall": 1.0,
        "roc_auc": 0.998086463501063
    },
    "test": {
        "accuracy": 0.95,
        "balanced_accuracy": 0.9522222222222222,
        "precision": 0.9056603773584906,
        "recall": 0.96,
        "roc_auc": 0.9557499999999999
    },
    "hyperparameters": {
        "min_sup": 8,
        "max_depth": 3,
        "time_limit": 60
    },
    "training_time": 0.06503844261169434
}