{
    "train": {
        "accuracy": 0.9800796812749004,
        "balanced_accuracy": 0.9791991495393337,
        "precision": 0.9651162790697675,
        "recall": 0.9764705882352941,
        "roc_auc": 0.9913536498936923
    },
    "test": {
        "accuracy": 0.95,
        "balanced_accuracy": 0.9522222222222222,
        "precision": 0.9056603773584906,
        "recall": 0.96,
        "roc_auc": 0.9726666666666666
    },
    "hyperparameters": {
        "min_sup": 10,
        "max_depth": 3,
        "time_limit": 60
    },
    "training_time": 0.1119997501373291
}