{
    "train": {
        "accuracy": 1.0,
        "balanced_accuracy": 1.0,
        "precision": 1.0,
        "recall": 1.0,
        "roc_auc": 1.0
    },
    "test": {
        "accuracy": 0.9392857142857143,
        "balanced_accuracy": 0.9372222222222222,
        "precision": 0.9029126213592233,
        "recall": 0.93,
        "roc_auc": 0.9372222222222223
    },
    "hyperparameters": {
        "min_sup": 1,
        "max_depth": 3,
        "time_limit": 60
    },
    "training_time": 0.0808708667755127
}