{
    "train": {
        "accuracy": 0.6650717703349283,
        "balanced_accuracy": 0.662865251208745,
        "precision": 0.4835164835164835,
        "recall": 0.6567164179104478,
        "roc_auc": 0.6675425688459113
    },
    "test": {
        "accuracy": 0.7051282051282052,
        "balanced_accuracy": 0.6816963088747878,
        "precision": 0.4883720930232558,
        "recall": 0.6268656716417911,
        "roc_auc": 0.6978729108946286
    },
    "hyperparameters": {
        "regularization": 0.025192214977033136,
        "depth_budget": 4,
        "time_limit": 60,
        "diagnostics": true,
        "objective": "bacc",
        "theta": null,
        "w": null
    }
}