{
    "train": {
        "accuracy": 0.7464114832535885,
        "balanced_accuracy": 0.7379385964912281,
        "precision": 0.5256410256410257,
        "recall": 0.7192982456140351,
        "roc_auc": 0.7434787626962142
    },
    "test": {
        "accuracy": 0.6623931623931624,
        "balanced_accuracy": 0.6472875145231924,
        "precision": 0.43617021276595747,
        "recall": 0.6119402985074627,
        "roc_auc": 0.6472875145231924
    },
    "hyperparameters": {
        "regularization": 0.01284495804025961,
        "depth_budget": 4,
        "time_limit": 60,
        "diagnostics": true,
        "objective": "bacc",
        "theta": null,
        "w": null
    }
}