{
    "train": {
        "accuracy": 0.6794258373205742,
        "balanced_accuracy": 0.7138157894736843,
        "precision": 0.45,
        "recall": 0.7894736842105263,
        "roc_auc": 0.7495960295475531
    },
    "test": {
        "accuracy": 0.6538461538461539,
        "balanced_accuracy": 0.663642863526678,
        "precision": 0.4339622641509434,
        "recall": 0.6865671641791045,
        "roc_auc": 0.6572079721154707
    },
    "hyperparameters": {
        "regularization": 0.005174247375582834,
        "depth_budget": 4,
        "time_limit": 60,
        "diagnostics": true,
        "objective": "bacc",
        "theta": null,
        "w": null
    }
}