{
    "train": {
        "accuracy": 0.8762886597938144,
        "balanced_accuracy": 0.8761702127659574,
        "precision": 0.8723404255319149,
        "recall": 0.8723404255319149,
        "roc_auc": 0.9423404255319149
    },
    "test": {
        "accuracy": 0.6944444444444444,
        "balanced_accuracy": 0.703015427769986,
        "precision": 0.6140350877192983,
        "recall": 0.7608695652173914,
        "roc_auc": 0.7729663394109396
    },
    "hyperparameters": {
        "min_samples_split": 4,
        "min_samples_leaf": 2,
        "max_depth": 3
    }
}