{
    "train": {
        "accuracy": 0.8144329896907216,
        "balanced_accuracy": 0.8123404255319149,
        "precision": 0.8536585365853658,
        "recall": 0.7446808510638298,
        "roc_auc": 0.8917021276595745
    },
    "test": {
        "accuracy": 0.6851851851851852,
        "balanced_accuracy": 0.6837307152875176,
        "precision": 0.62,
        "recall": 0.6739130434782609,
        "roc_auc": 0.7642005610098177
    },
    "hyperparameters": {
        "min_samples_split": 16,
        "min_samples_leaf": 4,
        "max_depth": 3
    }
}