{
    "train": {
        "accuracy": 0.8350515463917526,
        "balanced_accuracy": 0.8223684210526316,
        "precision": 0.8333333333333334,
        "recall": 0.75,
        "roc_auc": 0.9263157894736842
    },
    "test": {
        "accuracy": 0.7129629629629629,
        "balanced_accuracy": 0.7079242636746144,
        "precision": 0.6595744680851063,
        "recall": 0.6739130434782609,
        "roc_auc": 0.7419354838709677
    },
    "hyperparameters": {
        "min_samples_split": 9,
        "min_samples_leaf": 9,
        "max_depth": 3
    }
}