{
    "train": {
        "accuracy": 0.7934782608695652,
        "balanced_accuracy": 0.7763342499579101,
        "precision": 0.73,
        "recall": 0.7087378640776699,
        "roc_auc": 0.8722431112857063
    },
    "test": {
        "accuracy": 0.7792207792207793,
        "balanced_accuracy": 0.7327018707080275,
        "precision": 0.7011494252873564,
        "recall": 0.5922330097087378,
        "roc_auc": 0.8114373668008525
    },
    "hyperparameters": {
        "min_samples_split": 11,
        "min_samples_leaf": 8,
        "max_depth": 4
    }
}