{
    "train": {
        "accuracy": 0.8297101449275363,
        "balanced_accuracy": 0.8025974773944595,
        "precision": 0.7840909090909091,
        "recall": 0.711340206185567,
        "roc_auc": 0.9038760582848586
    },
    "test": {
        "accuracy": 0.7337662337662337,
        "balanced_accuracy": 0.691309495619228,
        "precision": 0.6105263157894737,
        "recall": 0.5631067961165048,
        "roc_auc": 0.7873312810798011
    },
    "hyperparameters": {
        "min_samples_split": 10,
        "min_samples_leaf": 2,
        "max_depth": 4
    }
}