{
    "train": {
        "accuracy": 0.8079710144927537,
        "balanced_accuracy": 0.7693082992570408,
        "precision": 0.775,
        "recall": 0.6391752577319587,
        "roc_auc": 0.8835742671197374
    },
    "test": {
        "accuracy": 0.7272727272727273,
        "balanced_accuracy": 0.6671086905043808,
        "precision": 0.6172839506172839,
        "recall": 0.4854368932038835,
        "roc_auc": 0.7601468150603836
    },
    "hyperparameters": {
        "min_samples_split": 12,
        "min_samples_leaf": 7,
        "max_depth": 4
    }
}