{
    "train": {
        "accuracy": 0.8260869565217391,
        "balanced_accuracy": 0.7868852459016393,
        "precision": 0.7848101265822784,
        "recall": 0.6666666666666666,
        "roc_auc": 0.8951759797872966
    },
    "test": {
        "accuracy": 0.7662337662337663,
        "balanced_accuracy": 0.7012076722708975,
        "precision": 0.7123287671232876,
        "recall": 0.5048543689320388,
        "roc_auc": 0.774875680795643
    },
    "hyperparameters": {
        "min_samples_split": 4,
        "min_samples_leaf": 4,
        "max_depth": 4
    }
}