{
    "train": {
        "accuracy": 0.8007246376811594,
        "balanced_accuracy": 0.7801504012570851,
        "precision": 0.75,
        "recall": 0.6990291262135923,
        "roc_auc": 0.8715977327571692
    },
    "test": {
        "accuracy": 0.7402597402597403,
        "balanced_accuracy": 0.7010182334833057,
        "precision": 0.6185567010309279,
        "recall": 0.5825242718446602,
        "roc_auc": 0.7733838503433578
    },
    "hyperparameters": {
        "min_samples_split": 12,
        "min_samples_leaf": 13,
        "max_depth": 4
    }
}