{
    "train": {
        "mse": 0.6992581544455129,
        "mae": 0.6710681366220633
    },
    "test": {
        "mse": 1.557860475030811,
        "mae": 0.9098980869158545
    },
    "hyperparameters": {
        "min_samples_split": 2,
        "min_samples_leaf": 1,
        "criterion": "squared_error",
        "splitter": "best",
        "max_depth": 3
    },
    "parsed_tree": {
        "age": {
            "<= 41.5000": {
                "chest_pain_type": {
                    "<= 2.5000": {
                        "resting_blood_pressure": {
                            "<= 114.0000": {
                                "value": "-1.3987"
                            },
                            "> 114.0000": {
                                "value": "-0.8943"
                            }
                        }
                    },
                    "> 2.5000": {
                        "resting_ecg": {
                            "<= 0.5000": {
                                "value": "-0.7615"
                            },
                            "> 0.5000": {
                                "value": "1.0142"
                            }
                        }
                    }
                }
            },
            "> 41.5000": {
                "st_depression_induced_by_rest": {
                    "<= 0.7000": {
                        "max_heart_rate": {
                            "<= 140.5000": {
                                "value": "-0.7750"
                            },
                            "> 140.5000": {
                                "value": "-0.0079"
                            }
                        }
                    },
                    "> 0.7000": {
                        "st_depression_induced_by_rest": {
                            "<= 0.8500": {
                                "value": "1.6304"
                            },
                            "> 0.8500": {
                                "value": "0.2133"
                            }
                        }
                    }
                }
            }
        }
    },
    "native_representation": "|--- age <= 41.50\n|   |--- chest_pain_type <= 2.50\n|   |   |--- resting_blood_pressure <= 114.00\n|   |   |   |--- value: [-1.40]\n|   |   |--- resting_blood_pressure >  114.00\n|   |   |   |--- value: [-0.89]\n|   |--- chest_pain_type >  2.50\n|   |   |--- resting_ecg <= 0.50\n|   |   |   |--- value: [-0.76]\n|   |   |--- resting_ecg >  0.50\n|   |   |   |--- value: [1.01]\n|--- age >  41.50\n|   |--- st_depression_induced_by_rest <= 0.70\n|   |   |--- max_heart_rate <= 140.50\n|   |   |   |--- value: [-0.77]\n|   |   |--- max_heart_rate >  140.50\n|   |   |   |--- value: [-0.01]\n|   |--- st_depression_induced_by_rest >  0.70\n|   |   |--- st_depression_induced_by_rest <= 0.85\n|   |   |   |--- value: [1.63]\n|   |   |--- st_depression_induced_by_rest >  0.85\n|   |   |   |--- value: [0.21]\n"
}