{
    "train": {
        "mse": 0.7666938750588246,
        "mae": 0.6849009301466489
    },
    "test": {
        "mse": 1.3221793056449922,
        "mae": 0.8332960059561395
    },
    "hyperparameters": {
        "min_samples_split": 7,
        "min_samples_leaf": 2,
        "criterion": "squared_error",
        "splitter": "best",
        "max_depth": 3
    },
    "parsed_tree": {
        "age": {
            "<= 41.5000": {
                "exercise_induced_angina": {
                    "<= 0.5000": {
                        "resting_blood_pressure": {
                            "<= 126.0000": {
                                "value": "-1.3362"
                            },
                            "> 126.0000": {
                                "value": "-0.8460"
                            }
                        }
                    },
                    "> 0.5000": {
                        "value": "-0.0404"
                    }
                }
            },
            "> 41.5000": {
                "st_depression_induced_by_rest": {
                    "<= 2.8500": {
                        "slope": {
                            "<= 0.5000": {
                                "value": "-1.4082"
                            },
                            "> 0.5000": {
                                "value": "0.0597"
                            }
                        }
                    },
                    "> 2.8500": {
                        "max_heart_rate": {
                            "<= 140.5000": {
                                "value": "1.1893"
                            },
                            "> 140.5000": {
                                "value": "-0.3052"
                            }
                        }
                    }
                }
            }
        }
    },
    "native_representation": "|--- age <= 41.50\n|   |--- exercise_induced_angina <= 0.50\n|   |   |--- resting_blood_pressure <= 126.00\n|   |   |   |--- value: [-1.34]\n|   |   |--- resting_blood_pressure >  126.00\n|   |   |   |--- value: [-0.85]\n|   |--- exercise_induced_angina >  0.50\n|   |   |--- value: [-0.04]\n|--- age >  41.50\n|   |--- st_depression_induced_by_rest <= 2.85\n|   |   |--- slope <= 0.50\n|   |   |   |--- value: [-1.41]\n|   |   |--- slope >  0.50\n|   |   |   |--- value: [0.06]\n|   |--- st_depression_induced_by_rest >  2.85\n|   |   |--- max_heart_rate <= 140.50\n|   |   |   |--- value: [1.19]\n|   |   |--- max_heart_rate >  140.50\n|   |   |   |--- value: [-0.31]\n"
}