{
    "train": {
        "mse": 0.7303992773460715,
        "mae": 0.6652216757607223
    },
    "test": {
        "mse": 1.1814003145087288,
        "mae": 0.7951084667955399
    },
    "hyperparameters": {
        "min_samples_split": 11,
        "min_samples_leaf": 2,
        "criterion": "squared_error",
        "splitter": "best",
        "max_depth": 3
    },
    "parsed_tree": {
        "resting_blood_pressure": {
            "<= 129.5000": {
                "age": {
                    "<= 66.0000": {
                        "age": {
                            "<= 45.5000": {
                                "value": "-0.6576"
                            },
                            "> 45.5000": {
                                "value": "-0.2414"
                            }
                        }
                    },
                    "> 66.0000": {
                        "value": "0.6351"
                    }
                }
            },
            "> 129.5000": {
                "max_heart_rate": {
                    "<= 167.0000": {
                        "sex": {
                            "<= 0.5000": {
                                "value": "0.1711"
                            },
                            "> 0.5000": {
                                "value": "0.7625"
                            }
                        }
                    },
                    "> 167.0000": {
                        "thal": {
                            "<= 1.5000": {
                                "value": "-1.4580"
                            },
                            "> 1.5000": {
                                "value": "-0.2385"
                            }
                        }
                    }
                }
            }
        }
    },
    "native_representation": "|--- resting_blood_pressure <= 129.50\n|   |--- age <= 66.00\n|   |   |--- age <= 45.50\n|   |   |   |--- value: [-0.66]\n|   |   |--- age >  45.50\n|   |   |   |--- value: [-0.24]\n|   |--- age >  66.00\n|   |   |--- value: [0.64]\n|--- resting_blood_pressure >  129.50\n|   |--- max_heart_rate <= 167.00\n|   |   |--- sex <= 0.50\n|   |   |   |--- value: [0.17]\n|   |   |--- sex >  0.50\n|   |   |   |--- value: [0.76]\n|   |--- max_heart_rate >  167.00\n|   |   |--- thal <= 1.50\n|   |   |   |--- value: [-1.46]\n|   |   |--- thal >  1.50\n|   |   |   |--- value: [-0.24]\n"
}