{
    "train": {
        "mse": 0.8613650889182594,
        "mae": 0.7223263443758108
    },
    "test": {
        "mse": 1.660646532479351,
        "mae": 0.9623189545025567
    },
    "hyperparameters": {
        "min_samples_split": 12,
        "min_samples_leaf": 16,
        "criterion": "squared_error",
        "splitter": "best",
        "max_depth": 3
    },
    "parsed_tree": {
        "chest_pain_type": {
            "<= 2.5000": {
                "st_depression_induced_by_rest": {
                    "<= 2.3500": {
                        "st_depression_induced_by_rest": {
                            "<= 0.9500": {
                                "value": "-0.1045"
                            },
                            "> 0.9500": {
                                "value": "-0.6110"
                            }
                        }
                    },
                    "> 2.3500": {
                        "value": "0.4064"
                    }
                }
            },
            "> 2.5000": {
                "value": "0.3369"
            }
        }
    },
    "native_representation": "|--- chest_pain_type <= 2.50\n|   |--- st_depression_induced_by_rest <= 2.35\n|   |   |--- st_depression_induced_by_rest <= 0.95\n|   |   |   |--- value: [-0.10]\n|   |   |--- st_depression_induced_by_rest >  0.95\n|   |   |   |--- value: [-0.61]\n|   |--- st_depression_induced_by_rest >  2.35\n|   |   |--- value: [0.41]\n|--- chest_pain_type >  2.50\n|   |--- value: [0.34]\n"
}