{
    "train": {
        "mse": 0.7844927431876092,
        "mae": 0.6756082537169158
    },
    "test": {
        "mse": 1.7759559510998322,
        "mae": 0.9419221770600977
    },
    "hyperparameters": {
        "min_samples_split": 16,
        "min_samples_leaf": 1,
        "criterion": "squared_error",
        "splitter": "best",
        "max_depth": 3
    },
    "parsed_tree": {
        "resting_ecg": {
            "<= 1.5000": {
                "resting_blood_pressure": {
                    "<= 135.5000": {
                        "sex": {
                            "<= 0.5000": {
                                "value": "-0.2065"
                            },
                            "> 0.5000": {
                                "value": "-0.9192"
                            }
                        }
                    },
                    "> 135.5000": {
                        "max_heart_rate": {
                            "<= 161.0000": {
                                "value": "0.3808"
                            },
                            "> 161.0000": {
                                "value": "-0.4105"
                            }
                        }
                    }
                }
            },
            "> 1.5000": {
                "st_depression_induced_by_rest": {
                    "<= 2.9000": {
                        "age": {
                            "<= 69.5000": {
                                "value": "0.0797"
                            },
                            "> 69.5000": {
                                "value": "1.8493"
                            }
                        }
                    },
                    "> 2.9000": {
                        "value": "0.8578"
                    }
                }
            }
        }
    },
    "native_representation": "|--- resting_ecg <= 1.50\n|   |--- resting_blood_pressure <= 135.50\n|   |   |--- sex <= 0.50\n|   |   |   |--- value: [-0.21]\n|   |   |--- sex >  0.50\n|   |   |   |--- value: [-0.92]\n|   |--- resting_blood_pressure >  135.50\n|   |   |--- max_heart_rate <= 161.00\n|   |   |   |--- value: [0.38]\n|   |   |--- max_heart_rate >  161.00\n|   |   |   |--- value: [-0.41]\n|--- resting_ecg >  1.50\n|   |--- st_depression_induced_by_rest <= 2.90\n|   |   |--- age <= 69.50\n|   |   |   |--- value: [0.08]\n|   |   |--- age >  69.50\n|   |   |   |--- value: [1.85]\n|   |--- st_depression_induced_by_rest >  2.90\n|   |   |--- value: [0.86]\n"
}