{
    "train": {
        "accuracy": 0.9896907216494846,
        "balanced_accuracy": 0.99,
        "precision": 0.9791666666666666,
        "recall": 1.0,
        "roc_auc": 0.9993617021276595
    },
    "test": {
        "accuracy": 0.6759259259259259,
        "balanced_accuracy": 0.6756661991584852,
        "precision": 0.6078431372549019,
        "recall": 0.6739130434782609,
        "roc_auc": 0.6938990182328191
    },
    "hyperparameters": {
        "min_sup": 2,
        "max_depth": 4,
        "time_limit": 60
    },
    "training_time": 60.01336479187012
}