{
    "train": {
        "accuracy": 1.0,
        "balanced_accuracy": 1.0,
        "precision": 1.0,
        "recall": 1.0,
        "roc_auc": 1.0
    },
    "test": {
        "accuracy": 0.6388888888888888,
        "balanced_accuracy": 0.6293828892005611,
        "precision": 0.5777777777777777,
        "recall": 0.5652173913043478,
        "roc_auc": 0.629382889200561
    },
    "hyperparameters": {
        "min_sup": 2,
        "max_depth": 4,
        "time_limit": 60
    },
    "training_time": 14.413810729980469
}