{
    "train": {
        "accuracy": 0.9484536082474226,
        "balanced_accuracy": 0.948849104859335,
        "precision": 0.9361702127659575,
        "recall": 0.9565217391304348,
        "roc_auc": 0.9722932651321398
    },
    "test": {
        "accuracy": 0.7407407407407407,
        "balanced_accuracy": 0.7349228611500701,
        "precision": 0.6956521739130435,
        "recall": 0.6956521739130435,
        "roc_auc": 0.7180925666199158
    },
    "hyperparameters": {
        "min_sup": 7,
        "max_depth": 4,
        "time_limit": 60
    },
    "training_time": 60.01450800895691
}