{
    "train": {
        "accuracy": 0.9278350515463918,
        "balanced_accuracy": 0.9348684210526316,
        "precision": 0.8666666666666667,
        "recall": 0.975,
        "roc_auc": 0.9596491228070175
    },
    "test": {
        "accuracy": 0.7777777777777778,
        "balanced_accuracy": 0.7812061711079944,
        "precision": 0.7115384615384616,
        "recall": 0.8043478260869565,
        "roc_auc": 0.8211781206171107
    },
    "hyperparameters": {
        "min_sup": 9,
        "max_depth": 4,
        "time_limit": 60
    },
    "training_time": 60.01476502418518
}