{
    "train": {
        "accuracy": 0.9072164948453608,
        "balanced_accuracy": 0.9068085106382979,
        "precision": 0.9019607843137255,
        "recall": 0.92,
        "roc_auc": 0.9387234042553192
    },
    "test": {
        "accuracy": 0.7129629629629629,
        "balanced_accuracy": 0.7079242636746144,
        "precision": 0.6595744680851063,
        "recall": 0.6739130434782609,
        "roc_auc": 0.7566619915848527
    },
    "hyperparameters": {
        "min_sup": 10,
        "max_depth": 4,
        "time_limit": 60
    },
    "training_time": 60.01468348503113
}