{
    "train": {
        "accuracy": 0.9013157894736842,
        "balanced_accuracy": 0.8901340364754999,
        "precision": 0.7888888888888889,
        "recall": 0.8658536585365854,
        "roc_auc": 0.905542737859811
    },
    "test": {
        "accuracy": 0.8790560471976401,
        "balanced_accuracy": 0.8745610705134288,
        "precision": 0.7029702970297029,
        "recall": 0.8658536585365854,
        "roc_auc": 0.8798756761886685
    },
    "hyperparameters": {
        "regularization": 0.10214847400012564,
        "depth_budget": 4,
        "time_limit": 60,
        "diagnostics": true,
        "objective": "bacc",
        "theta": null,
        "w": null
    }
}