{
    "train": {
        "accuracy": 0.8519736842105263,
        "balanced_accuracy": 0.8930082256169213,
        "precision": 0.6260869565217392,
        "recall": 0.972972972972973,
        "roc_auc": 0.8968272620446534
    },
    "test": {
        "accuracy": 0.8289085545722714,
        "balanced_accuracy": 0.878855461706368,
        "precision": 0.5882352941176471,
        "recall": 0.975609756097561,
        "roc_auc": 0.8771709215146626
    },
    "hyperparameters": {
        "regularization": 0.052623566547706085,
        "depth_budget": 4,
        "time_limit": 60,
        "diagnostics": true,
        "objective": "bacc",
        "theta": null,
        "w": null
    }
}