{
    "train": {
        "accuracy": 0.8717105263157895,
        "balanced_accuracy": 0.9006262359920896,
        "precision": 0.6869565217391305,
        "recall": 0.9634146341463414,
        "roc_auc": 0.9054878048780488
    },
    "test": {
        "accuracy": 0.8289085545722714,
        "balanced_accuracy": 0.878855461706368,
        "precision": 0.5882352941176471,
        "recall": 0.975609756097561,
        "roc_auc": 0.8769336623327322
    },
    "hyperparameters": {
        "regularization": 0.10628293158715633,
        "depth_budget": 4,
        "time_limit": 60,
        "diagnostics": true,
        "objective": "bacc",
        "theta": null,
        "w": null
    }
}