{
    "train": {
        "accuracy": 0.9144736842105263,
        "balanced_accuracy": 0.9335497835497835,
        "precision": 0.7735849056603774,
        "recall": 0.9761904761904762,
        "roc_auc": 0.9616883116883117
    },
    "test": {
        "accuracy": 0.8908554572271387,
        "balanced_accuracy": 0.9197114928347727,
        "precision": 0.6956521739130435,
        "recall": 0.975609756097561,
        "roc_auc": 0.9402106861535541
    },
    "hyperparameters": {
        "regularization": 0.00635229492433361,
        "depth_budget": 4,
        "time_limit": 60,
        "diagnostics": true,
        "objective": "bacc",
        "theta": null,
        "w": null
    }
}