{
    "train": {
        "accuracy": 0.8277511961722488,
        "balanced_accuracy": 0.822570123939987,
        "precision": 0.68,
        "recall": 0.8095238095238095,
        "roc_auc": 0.8602957164601
    },
    "test": {
        "accuracy": 0.6410256410256411,
        "balanced_accuracy": 0.55188131200286,
        "precision": 0.36507936507936506,
        "recall": 0.34328358208955223,
        "roc_auc": 0.6317365269461077
    },
    "hyperparameters": {
        "min_sup": 10,
        "max_depth": 3,
        "time_limit": 60
    },
    "training_time": 43.59788274765015
}