{
    "train": {
        "accuracy": 0.784688995215311,
        "balanced_accuracy": 0.7697368421052632,
        "precision": 0.5833333333333334,
        "recall": 0.7368421052631579,
        "roc_auc": 0.8367382271468143
    },
    "test": {
        "accuracy": 0.6623931623931624,
        "balanced_accuracy": 0.6383501653409599,
        "precision": 0.43333333333333335,
        "recall": 0.582089552238806,
        "roc_auc": 0.6194923585664491
    },
    "hyperparameters": {
        "min_sup": 9,
        "max_depth": 3,
        "time_limit": 60
    },
    "training_time": 60.08487296104431
}