{
    "train": {
        "accuracy": 0.7894736842105263,
        "balanced_accuracy": 0.740225988700565,
        "precision": 0.6271186440677966,
        "recall": 0.6271186440677966,
        "roc_auc": 0.8386440677966102
    },
    "test": {
        "accuracy": 0.6837606837606838,
        "balanced_accuracy": 0.5773527571722227,
        "precision": 0.43137254901960786,
        "recall": 0.3283582089552239,
        "roc_auc": 0.6391545267673607
    },
    "hyperparameters": {
        "min_sup": 6,
        "max_depth": 3,
        "time_limit": 60
    },
    "training_time": 60.11943745613098
}