{
    "train": {
        "accuracy": 0.7799043062200957,
        "balanced_accuracy": 0.7946710111414756,
        "precision": 0.6153846153846154,
        "recall": 0.835820895522388,
        "roc_auc": 0.835820895522388
    },
    "test": {
        "accuracy": 0.6367521367521367,
        "balanced_accuracy": 0.6203860934846724,
        "precision": 0.40625,
        "recall": 0.582089552238806,
        "roc_auc": 0.674903923496291
    },
    "hyperparameters": {
        "min_sup": 4,
        "max_depth": 3,
        "time_limit": 60
    },
    "training_time": 60.02801775932312
}