{
    "train": {
        "accuracy": 0.8086124401913876,
        "balanced_accuracy": 0.7423245614035088,
        "precision": 0.6666666666666666,
        "recall": 0.5964912280701754,
        "roc_auc": 0.8640927977839334
    },
    "test": {
        "accuracy": 0.7094017094017094,
        "balanced_accuracy": 0.6042541782107427,
        "precision": 0.4897959183673469,
        "recall": 0.3582089552238806,
        "roc_auc": 0.6483599964250603
    },
    "hyperparameters": {
        "min_sup": 9,
        "max_depth": 3,
        "time_limit": 60
    },
    "training_time": 57.33667850494385
}