{
    "train": {
        "mse": 0.6999570793851633,
        "mae": 0.6559040134316474
    },
    "test": {
        "mse": 1.3344950998488758,
        "mae": 0.864725432400081
    },
    "hyperparameters": {
        "min_samples_split": 2,
        "min_samples_leaf": 2,
        "criterion": "squared_error",
        "splitter": "best",
        "max_depth": 4
    },
    "parsed_tree": {
        "age": {
            "<= 41.5000": {
                "exercise_induced_angina": {
                    "<= 0.5000": {
                        "resting_blood_pressure": {
                            "<= 126.0000": {
                                "sex": {
                                    "<= 0.5000": {
                                        "value": "-1.5830"
                                    },
                                    "> 0.5000": {
                                        "value": "-1.0894"
                                    }
                                }
                            },
                            "> 126.0000": {
                                "value": "-0.8460"
                            }
                        }
                    },
                    "> 0.5000": {
                        "value": "-0.0404"
                    }
                }
            },
            "> 41.5000": {
                "st_depression_induced_by_rest": {
                    "<= 2.8500": {
                        "slope": {
                            "<= 0.5000": {
                                "value": "-1.4082"
                            },
                            "> 0.5000": {
                                "max_heart_rate": {
                                    "<= 130.5000": {
                                        "value": "-0.2937"
                                    },
                                    "> 130.5000": {
                                        "value": "0.1893"
                                    }
                                }
                            }
                        }
                    },
                    "> 2.8500": {
                        "max_heart_rate": {
                            "<= 140.5000": {
                                "max_heart_rate": {
                                    "<= 116.5000": {
                                        "value": "0.5355"
                                    },
                                    "> 116.5000": {
                                        "value": "1.4508"
                                    }
                                }
                            },
                            "> 140.5000": {
                                "num_major_vessels_colored_by_flourosopy": {
                                    "<= 1.5000": {
                                        "value": "0.1962"
                                    },
                                    "> 1.5000": {
                                        "value": "-0.8066"
                                    }
                                }
                            }
                        }
                    }
                }
            }
        }
    },
    "native_representation": "|--- age <= 41.50\n|   |--- exercise_induced_angina <= 0.50\n|   |   |--- resting_blood_pressure <= 126.00\n|   |   |   |--- sex <= 0.50\n|   |   |   |   |--- value: [-1.58]\n|   |   |   |--- sex >  0.50\n|   |   |   |   |--- value: [-1.09]\n|   |   |--- resting_blood_pressure >  126.00\n|   |   |   |--- value: [-0.85]\n|   |--- exercise_induced_angina >  0.50\n|   |   |--- value: [-0.04]\n|--- age >  41.50\n|   |--- st_depression_induced_by_rest <= 2.85\n|   |   |--- slope <= 0.50\n|   |   |   |--- value: [-1.41]\n|   |   |--- slope >  0.50\n|   |   |   |--- max_heart_rate <= 130.50\n|   |   |   |   |--- value: [-0.29]\n|   |   |   |--- max_heart_rate >  130.50\n|   |   |   |   |--- value: [0.19]\n|   |--- st_depression_induced_by_rest >  2.85\n|   |   |--- max_heart_rate <= 140.50\n|   |   |   |--- max_heart_rate <= 116.50\n|   |   |   |   |--- value: [0.54]\n|   |   |   |--- max_heart_rate >  116.50\n|   |   |   |   |--- value: [1.45]\n|   |   |--- max_heart_rate >  140.50\n|   |   |   |--- num_major_vessels_colored_by_flourosopy <= 1.50\n|   |   |   |   |--- value: [0.20]\n|   |   |   |--- num_major_vessels_colored_by_flourosopy >  1.50\n|   |   |   |   |--- value: [-0.81]\n"
}