{
    "train": {
        "mse": 0.6365548966658966,
        "mae": 0.6317728151392933
    },
    "test": {
        "mse": 1.7753546138396286,
        "mae": 0.9527992769046539
    },
    "hyperparameters": {
        "min_samples_split": 9,
        "min_samples_leaf": 3,
        "criterion": "squared_error",
        "splitter": "best",
        "max_depth": 4
    },
    "parsed_tree": {
        "resting_ecg": {
            "<= 1.5000": {
                "resting_blood_pressure": {
                    "<= 135.5000": {
                        "sex": {
                            "<= 0.5000": {
                                "angiographic disease status": {
                                    "<= 1.5000": {
                                        "value": "-0.0090"
                                    },
                                    "> 1.5000": {
                                        "value": "-0.7744"
                                    }
                                }
                            },
                            "> 0.5000": {
                                "age": {
                                    "<= 59.0000": {
                                        "value": "-0.6962"
                                    },
                                    "> 59.0000": {
                                        "value": "-1.3653"
                                    }
                                }
                            }
                        }
                    },
                    "> 135.5000": {
                        "max_heart_rate": {
                            "<= 161.0000": {
                                "age": {
                                    "<= 66.5000": {
                                        "value": "0.6755"
                                    },
                                    "> 66.5000": {
                                        "value": "-0.6016"
                                    }
                                }
                            },
                            "> 161.0000": {
                                "value": "-0.4105"
                            }
                        }
                    }
                }
            },
            "> 1.5000": {
                "st_depression_induced_by_rest": {
                    "<= 2.9000": {
                        "age": {
                            "<= 53.5000": {
                                "age": {
                                    "<= 51.0000": {
                                        "value": "0.0007"
                                    },
                                    "> 51.0000": {
                                        "value": "-0.6336"
                                    }
                                }
                            },
                            "> 53.5000": {
                                "exercise_induced_angina": {
                                    "<= 0.5000": {
                                        "value": "-0.0676"
                                    },
                                    "> 0.5000": {
                                        "value": "0.5320"
                                    }
                                }
                            }
                        }
                    },
                    "> 2.9000": {
                        "slope": {
                            "<= 0.5000": {
                                "value": "0.1955"
                            },
                            "> 0.5000": {
                                "value": "1.6857"
                            }
                        }
                    }
                }
            }
        }
    },
    "native_representation": "|--- resting_ecg <= 1.50\n|   |--- resting_blood_pressure <= 135.50\n|   |   |--- sex <= 0.50\n|   |   |   |--- angiographic disease status <= 1.50\n|   |   |   |   |--- value: [-0.01]\n|   |   |   |--- angiographic disease status >  1.50\n|   |   |   |   |--- value: [-0.77]\n|   |   |--- sex >  0.50\n|   |   |   |--- age <= 59.00\n|   |   |   |   |--- value: [-0.70]\n|   |   |   |--- age >  59.00\n|   |   |   |   |--- value: [-1.37]\n|   |--- resting_blood_pressure >  135.50\n|   |   |--- max_heart_rate <= 161.00\n|   |   |   |--- age <= 66.50\n|   |   |   |   |--- value: [0.68]\n|   |   |   |--- age >  66.50\n|   |   |   |   |--- value: [-0.60]\n|   |   |--- max_heart_rate >  161.00\n|   |   |   |--- value: [-0.41]\n|--- resting_ecg >  1.50\n|   |--- st_depression_induced_by_rest <= 2.90\n|   |   |--- age <= 53.50\n|   |   |   |--- age <= 51.00\n|   |   |   |   |--- value: [0.00]\n|   |   |   |--- age >  51.00\n|   |   |   |   |--- value: [-0.63]\n|   |   |--- age >  53.50\n|   |   |   |--- exercise_induced_angina <= 0.50\n|   |   |   |   |--- value: [-0.07]\n|   |   |   |--- exercise_induced_angina >  0.50\n|   |   |   |   |--- value: [0.53]\n|   |--- st_depression_induced_by_rest >  2.90\n|   |   |--- slope <= 0.50\n|   |   |   |--- value: [0.20]\n|   |   |--- slope >  0.50\n|   |   |   |--- value: [1.69]\n"
}