{
    "train": {
        "mse": 0.5819014077237245,
        "mae": 0.5525186305923911
    },
    "test": {
        "mse": 1.2748058433327474,
        "mae": 0.8322825555880923
    },
    "hyperparameters": {
        "min_samples_split": 2,
        "min_samples_leaf": 1,
        "criterion": "squared_error",
        "splitter": "best",
        "max_depth": 4
    },
    "parsed_tree": {
        "resting_blood_pressure": {
            "<= 129.5000": {
                "age": {
                    "<= 66.0000": {
                        "age": {
                            "<= 45.5000": {
                                "chest_pain_type": {
                                    "<= 2.5000": {
                                        "value": "-0.7515"
                                    },
                                    "> 2.5000": {
                                        "value": "0.0938"
                                    }
                                }
                            },
                            "> 45.5000": {
                                "max_heart_rate": {
                                    "<= 142.0000": {
                                        "value": "-0.6380"
                                    },
                                    "> 142.0000": {
                                        "value": "0.1191"
                                    }
                                }
                            }
                        }
                    },
                    "> 66.0000": {
                        "sex": {
                            "<= 0.5000": {
                                "resting_ecg": {
                                    "<= 1.0000": {
                                        "value": "0.6590"
                                    },
                                    "> 1.0000": {
                                        "value": "1.1284"
                                    }
                                }
                            },
                            "> 0.5000": {
                                "value": "-0.3755"
                            }
                        }
                    }
                }
            },
            "> 129.5000": {
                "max_heart_rate": {
                    "<= 167.0000": {
                        "sex": {
                            "<= 0.5000": {
                                "resting_blood_pressure": {
                                    "<= 165.0000": {
                                        "value": "0.0793"
                                    },
                                    "> 165.0000": {
                                        "value": "0.9975"
                                    }
                                }
                            },
                            "> 0.5000": {
                                "st_depression_induced_by_rest": {
                                    "<= 4.9000": {
                                        "value": "0.8818"
                                    },
                                    "> 4.9000": {
                                        "value": "-1.5059"
                                    }
                                }
                            }
                        }
                    },
                    "> 167.0000": {
                        "thal": {
                            "<= 1.5000": {
                                "chest_pain_type": {
                                    "<= 1.5000": {
                                        "value": "-0.6821"
                                    },
                                    "> 1.5000": {
                                        "value": "-2.2339"
                                    }
                                }
                            },
                            "> 1.5000": {
                                "sex": {
                                    "<= 0.5000": {
                                        "value": "0.0172"
                                    },
                                    "> 0.5000": {
                                        "value": "-0.6476"
                                    }
                                }
                            }
                        }
                    }
                }
            }
        }
    },
    "native_representation": "|--- resting_blood_pressure <= 129.50\n|   |--- age <= 66.00\n|   |   |--- age <= 45.50\n|   |   |   |--- chest_pain_type <= 2.50\n|   |   |   |   |--- value: [-0.75]\n|   |   |   |--- chest_pain_type >  2.50\n|   |   |   |   |--- value: [0.09]\n|   |   |--- age >  45.50\n|   |   |   |--- max_heart_rate <= 142.00\n|   |   |   |   |--- value: [-0.64]\n|   |   |   |--- max_heart_rate >  142.00\n|   |   |   |   |--- value: [0.12]\n|   |--- age >  66.00\n|   |   |--- sex <= 0.50\n|   |   |   |--- resting_ecg <= 1.00\n|   |   |   |   |--- value: [0.66]\n|   |   |   |--- resting_ecg >  1.00\n|   |   |   |   |--- value: [1.13]\n|   |   |--- sex >  0.50\n|   |   |   |--- value: [-0.38]\n|--- resting_blood_pressure >  129.50\n|   |--- max_heart_rate <= 167.00\n|   |   |--- sex <= 0.50\n|   |   |   |--- resting_blood_pressure <= 165.00\n|   |   |   |   |--- value: [0.08]\n|   |   |   |--- resting_blood_pressure >  165.00\n|   |   |   |   |--- value: [1.00]\n|   |   |--- sex >  0.50\n|   |   |   |--- st_depression_induced_by_rest <= 4.90\n|   |   |   |   |--- value: [0.88]\n|   |   |   |--- st_depression_induced_by_rest >  4.90\n|   |   |   |   |--- value: [-1.51]\n|   |--- max_heart_rate >  167.00\n|   |   |--- thal <= 1.50\n|   |   |   |--- chest_pain_type <= 1.50\n|   |   |   |   |--- value: [-0.68]\n|   |   |   |--- chest_pain_type >  1.50\n|   |   |   |   |--- value: [-2.23]\n|   |   |--- thal >  1.50\n|   |   |   |--- sex <= 0.50\n|   |   |   |   |--- value: [0.02]\n|   |   |   |--- sex >  0.50\n|   |   |   |   |--- value: [-0.65]\n"
}