{
    "train": {
        "mse": 0.6303661735436561,
        "mae": 0.6302768650920447
    },
    "test": {
        "mse": 1.6975252870827275,
        "mae": 0.9327232185618446
    },
    "hyperparameters": {
        "min_samples_split": 13,
        "min_samples_leaf": 6,
        "criterion": "squared_error",
        "splitter": "best",
        "max_depth": 4
    },
    "parsed_tree": {
        "age": {
            "<= 41.5000": {
                "chest_pain_type": {
                    "<= 1.0000": {
                        "value": "-1.0923"
                    },
                    "> 1.0000": {
                        "value": "-0.4247"
                    }
                }
            },
            "> 41.5000": {
                "st_depression_induced_by_rest": {
                    "<= 0.7000": {
                        "max_heart_rate": {
                            "<= 140.5000": {
                                "value": "-0.7750"
                            },
                            "> 140.5000": {
                                "max_heart_rate": {
                                    "<= 174.0000": {
                                        "value": "0.1244"
                                    },
                                    "> 174.0000": {
                                        "value": "-0.5370"
                                    }
                                }
                            }
                        }
                    },
                    "> 0.7000": {
                        "slope": {
                            "<= 1.5000": {
                                "max_heart_rate": {
                                    "<= 144.0000": {
                                        "value": "0.4026"
                                    },
                                    "> 144.0000": {
                                        "value": "-0.4238"
                                    }
                                }
                            },
                            "> 1.5000": {
                                "chest_pain_type": {
                                    "<= 1.5000": {
                                        "value": "0.1437"
                                    },
                                    "> 1.5000": {
                                        "value": "1.5797"
                                    }
                                }
                            }
                        }
                    }
                }
            }
        }
    },
    "native_representation": "|--- age <= 41.50\n|   |--- chest_pain_type <= 1.00\n|   |   |--- value: [-1.09]\n|   |--- chest_pain_type >  1.00\n|   |   |--- value: [-0.42]\n|--- age >  41.50\n|   |--- st_depression_induced_by_rest <= 0.70\n|   |   |--- max_heart_rate <= 140.50\n|   |   |   |--- value: [-0.77]\n|   |   |--- max_heart_rate >  140.50\n|   |   |   |--- max_heart_rate <= 174.00\n|   |   |   |   |--- value: [0.12]\n|   |   |   |--- max_heart_rate >  174.00\n|   |   |   |   |--- value: [-0.54]\n|   |--- st_depression_induced_by_rest >  0.70\n|   |   |--- slope <= 1.50\n|   |   |   |--- max_heart_rate <= 144.00\n|   |   |   |   |--- value: [0.40]\n|   |   |   |--- max_heart_rate >  144.00\n|   |   |   |   |--- value: [-0.42]\n|   |   |--- slope >  1.50\n|   |   |   |--- chest_pain_type <= 1.50\n|   |   |   |   |--- value: [0.14]\n|   |   |   |--- chest_pain_type >  1.50\n|   |   |   |   |--- value: [1.58]\n"
}