{
    "train": {
        "mse": 0.5441394768327853,
        "mae": 0.5879211091241042
    },
    "test": {
        "mse": 1.6773623920929082,
        "mae": 0.9293019200155069
    },
    "hyperparameters": {
        "min_samples_split": 8,
        "min_samples_leaf": 3,
        "criterion": "squared_error",
        "splitter": "best",
        "max_depth": 4
    },
    "parsed_tree": {
        "age": {
            "<= 41.5000": {
                "resting_blood_pressure": {
                    "<= 134.0000": {
                        "age": {
                            "<= 39.5000": {
                                "value": "-0.8485"
                            },
                            "> 39.5000": {
                                "value": "-1.4656"
                            }
                        }
                    },
                    "> 134.0000": {
                        "value": "-0.2038"
                    }
                }
            },
            "> 41.5000": {
                "slope": {
                    "<= 0.5000": {
                        "st_depression_induced_by_rest": {
                            "<= 2.7000": {
                                "thal": {
                                    "<= 1.5000": {
                                        "value": "-0.4727"
                                    },
                                    "> 1.5000": {
                                        "value": "0.0338"
                                    }
                                }
                            },
                            "> 2.7000": {
                                "max_heart_rate": {
                                    "<= 138.5000": {
                                        "value": "1.1126"
                                    },
                                    "> 138.5000": {
                                        "value": "-0.3248"
                                    }
                                }
                            }
                        }
                    },
                    "> 0.5000": {
                        "age": {
                            "<= 63.5000": {
                                "age": {
                                    "<= 59.5000": {
                                        "value": "0.2382"
                                    },
                                    "> 59.5000": {
                                        "value": "-0.6808"
                                    }
                                }
                            },
                            "> 63.5000": {
                                "max_heart_rate": {
                                    "<= 149.5000": {
                                        "value": "-0.0344"
                                    },
                                    "> 149.5000": {
                                        "value": "2.2783"
                                    }
                                }
                            }
                        }
                    }
                }
            }
        }
    },
    "native_representation": "|--- age <= 41.50\n|   |--- resting_blood_pressure <= 134.00\n|   |   |--- age <= 39.50\n|   |   |   |--- value: [-0.85]\n|   |   |--- age >  39.50\n|   |   |   |--- value: [-1.47]\n|   |--- resting_blood_pressure >  134.00\n|   |   |--- value: [-0.20]\n|--- age >  41.50\n|   |--- slope <= 0.50\n|   |   |--- st_depression_induced_by_rest <= 2.70\n|   |   |   |--- thal <= 1.50\n|   |   |   |   |--- value: [-0.47]\n|   |   |   |--- thal >  1.50\n|   |   |   |   |--- value: [0.03]\n|   |   |--- st_depression_induced_by_rest >  2.70\n|   |   |   |--- max_heart_rate <= 138.50\n|   |   |   |   |--- value: [1.11]\n|   |   |   |--- max_heart_rate >  138.50\n|   |   |   |   |--- value: [-0.32]\n|   |--- slope >  0.50\n|   |   |--- age <= 63.50\n|   |   |   |--- age <= 59.50\n|   |   |   |   |--- value: [0.24]\n|   |   |   |--- age >  59.50\n|   |   |   |   |--- value: [-0.68]\n|   |   |--- age >  63.50\n|   |   |   |--- max_heart_rate <= 149.50\n|   |   |   |   |--- value: [-0.03]\n|   |   |   |--- max_heart_rate >  149.50\n|   |   |   |   |--- value: [2.28]\n"
}