{
    "train": {
        "accuracy": 0.6750921537651395,
        "balanced_accuracy": 0.6752030889579781,
        "precision": 0.6440860215053763,
        "recall": 0.6768361581920904,
        "roc_auc": 0.7235371466140696
    },
    "test": {
        "accuracy": 0.6543560606060606,
        "balanced_accuracy": 0.6550789676216492,
        "precision": 0.612810707456979,
        "recall": 0.6635610766045549,
        "roc_auc": 0.6916405609212348
    },
    "hyperparameters": {
        "min_samples_split": 11,
        "min_samples_leaf": 12,
        "criterion": "gini",
        "splitter": "best",
        "max_depth": 3,
        "class_weight": "balanced"
    },
    "parsed_tree": {
        "priors_count": {
            "<= 2.5000": {
                "age": {
                    "<= 23.5000": {
                        "juv_other_count": {
                            "<= 0.5000": {
                                "value": 1
                            },
                            "> 0.5000": {
                                "value": 1
                            }
                        }
                    },
                    "> 23.5000": {
                        "priors_count": {
                            "<= 0.5000": {
                                "value": 0
                            },
                            "> 0.5000": {
                                "value": 0
                            }
                        }
                    }
                }
            },
            "> 2.5000": {
                "priors_count": {
                    "<= 6.5000": {
                        "age": {
                            "<= 43.5000": {
                                "value": 1
                            },
                            "> 43.5000": {
                                "value": 0
                            }
                        }
                    },
                    "> 6.5000": {
                        "age": {
                            "<= 33.5000": {
                                "value": 1
                            },
                            "> 33.5000": {
                                "value": 1
                            }
                        }
                    }
                }
            }
        }
    },
    "native_representation": "|--- priors_count <= 2.50\n|   |--- age <= 23.50\n|   |   |--- juv_other_count <= 0.50\n|   |   |   |--- class: 1\n|   |   |--- juv_other_count >  0.50\n|   |   |   |--- class: 1\n|   |--- age >  23.50\n|   |   |--- priors_count <= 0.50\n|   |   |   |--- class: 0\n|   |   |--- priors_count >  0.50\n|   |   |   |--- class: 0\n|--- priors_count >  2.50\n|   |--- priors_count <= 6.50\n|   |   |--- age <= 43.50\n|   |   |   |--- class: 1\n|   |   |--- age >  43.50\n|   |   |   |--- class: 0\n|   |--- priors_count >  6.50\n|   |   |--- age <= 33.50\n|   |   |   |--- class: 1\n|   |   |--- age >  33.50\n|   |   |   |--- class: 1\n"
}