{
    "train": {
        "accuracy": 0.6808846761453397,
        "balanced_accuracy": 0.6756621883557989,
        "precision": 0.7110799438990182,
        "recall": 0.5589856670341786,
        "roc_auc": 0.7328517889533024
    },
    "test": {
        "accuracy": 0.6690340909090909,
        "balanced_accuracy": 0.6603931579460831,
        "precision": 0.6642066420664207,
        "recall": 0.5590062111801242,
        "roc_auc": 0.6929413316278784
    },
    "hyperparameters": {
        "min_samples_split": 15,
        "min_samples_leaf": 5,
        "criterion": "gini",
        "splitter": "best",
        "max_depth": 3,
        "class_weight": "balanced"
    },
    "parsed_tree": {
        "priors_count": {
            "<= 5.5000": {
                "age": {
                    "<= 32.5000": {
                        "priors_count": {
                            "<= 1.5000": {
                                "value": 0
                            },
                            "> 1.5000": {
                                "value": 1
                            }
                        }
                    },
                    "> 32.5000": {
                        "priors_count": {
                            "<= 1.5000": {
                                "value": 0
                            },
                            "> 1.5000": {
                                "value": 0
                            }
                        }
                    }
                }
            },
            "> 5.5000": {
                "age": {
                    "<= 36.5000": {
                        "sex": {
                            "<= 0.5000": {
                                "value": 1
                            },
                            "> 0.5000": {
                                "value": 1
                            }
                        }
                    },
                    "> 36.5000": {
                        "priors_count": {
                            "<= 9.5000": {
                                "value": 1
                            },
                            "> 9.5000": {
                                "value": 1
                            }
                        }
                    }
                }
            }
        }
    },
    "native_representation": "|--- priors_count <= 5.50\n|   |--- age <= 32.50\n|   |   |--- priors_count <= 1.50\n|   |   |   |--- class: 0\n|   |   |--- priors_count >  1.50\n|   |   |   |--- class: 1\n|   |--- age >  32.50\n|   |   |--- priors_count <= 1.50\n|   |   |   |--- class: 0\n|   |   |--- priors_count >  1.50\n|   |   |   |--- class: 0\n|--- priors_count >  5.50\n|   |--- age <= 36.50\n|   |   |--- sex <= 0.50\n|   |   |   |--- class: 1\n|   |   |--- sex >  0.50\n|   |   |   |--- class: 1\n|   |--- age >  36.50\n|   |   |--- priors_count <= 9.50\n|   |   |   |--- class: 1\n|   |   |--- priors_count >  9.50\n|   |   |   |--- class: 1\n"
}