{
    "train": {
        "accuracy": 0.6924697209057399,
        "balanced_accuracy": 0.6916545099684925,
        "precision": 0.6899661781285231,
        "recall": 0.6644951140065146,
        "roc_auc": 0.7363239921042521
    },
    "test": {
        "accuracy": 0.6728219696969697,
        "balanced_accuracy": 0.6722572707662624,
        "precision": 0.636003956478734,
        "recall": 0.6656314699792961,
        "roc_auc": 0.6996308159806908
    },
    "hyperparameters": {
        "min_samples_split": 10,
        "min_samples_leaf": 2,
        "criterion": "gini",
        "splitter": "best",
        "max_depth": 3,
        "class_weight": "balanced"
    },
    "parsed_tree": {
        "priors_count": {
            "<= 1.5000": {
                "age": {
                    "<= 34.5000": {
                        "age": {
                            "<= 22.5000": {
                                "value": 1
                            },
                            "> 22.5000": {
                                "value": 0
                            }
                        }
                    },
                    "> 34.5000": {
                        "priors_count": {
                            "<= 0.5000": {
                                "value": 0
                            },
                            "> 0.5000": {
                                "value": 0
                            }
                        }
                    }
                }
            },
            "> 1.5000": {
                "priors_count": {
                    "<= 6.5000": {
                        "age": {
                            "<= 33.5000": {
                                "value": 1
                            },
                            "> 33.5000": {
                                "value": 0
                            }
                        }
                    },
                    "> 6.5000": {
                        "age": {
                            "<= 49.5000": {
                                "value": 1
                            },
                            "> 49.5000": {
                                "value": 1
                            }
                        }
                    }
                }
            }
        }
    },
    "native_representation": "|--- priors_count <= 1.50\n|   |--- age <= 34.50\n|   |   |--- age <= 22.50\n|   |   |   |--- class: 1\n|   |   |--- age >  22.50\n|   |   |   |--- class: 0\n|   |--- age >  34.50\n|   |   |--- priors_count <= 0.50\n|   |   |   |--- class: 0\n|   |   |--- priors_count >  0.50\n|   |   |   |--- class: 0\n|--- priors_count >  1.50\n|   |--- priors_count <= 6.50\n|   |   |--- age <= 33.50\n|   |   |   |--- class: 1\n|   |   |--- age >  33.50\n|   |   |   |--- class: 0\n|   |--- priors_count >  6.50\n|   |   |--- age <= 49.50\n|   |   |   |--- class: 1\n|   |   |--- age >  49.50\n|   |   |   |--- class: 1\n"
}