{
    "train": {
        "accuracy": 0.6729857819905213,
        "balanced_accuracy": 0.6640575829484017,
        "precision": 0.7361344537815127,
        "recall": 0.48558758314855877,
        "roc_auc": 0.7223761083694542
    },
    "test": {
        "accuracy": 0.6557765151515151,
        "balanced_accuracy": 0.642160688541294,
        "precision": 0.6724386724386724,
        "recall": 0.4824016563146998,
        "roc_auc": 0.6903854075206227
    },
    "hyperparameters": {
        "min_samples_split": 7,
        "min_samples_leaf": 15,
        "criterion": "gini",
        "splitter": "best",
        "max_depth": 3,
        "class_weight": "balanced"
    },
    "parsed_tree": {
        "priors_count": {
            "<= 2.5000": {
                "age": {
                    "<= 32.5000": {
                        "priors_count": {
                            "<= 1.5000": {
                                "value": 0
                            },
                            "> 1.5000": {
                                "value": 1
                            }
                        }
                    },
                    "> 32.5000": {
                        "age": {
                            "<= 63.5000": {
                                "value": 0
                            },
                            "> 63.5000": {
                                "value": 0
                            }
                        }
                    }
                }
            },
            "> 2.5000": {
                "priors_count": {
                    "<= 6.5000": {
                        "age": {
                            "<= 27.5000": {
                                "value": 1
                            },
                            "> 27.5000": {
                                "value": 0
                            }
                        }
                    },
                    "> 6.5000": {
                        "age": {
                            "<= 41.5000": {
                                "value": 1
                            },
                            "> 41.5000": {
                                "value": 1
                            }
                        }
                    }
                }
            }
        }
    },
    "native_representation": "|--- priors_count <= 2.50\n|   |--- age <= 32.50\n|   |   |--- priors_count <= 1.50\n|   |   |   |--- class: 0\n|   |   |--- priors_count >  1.50\n|   |   |   |--- class: 1\n|   |--- age >  32.50\n|   |   |--- age <= 63.50\n|   |   |   |--- class: 0\n|   |   |--- age >  63.50\n|   |   |   |--- class: 0\n|--- priors_count >  2.50\n|   |--- priors_count <= 6.50\n|   |   |--- age <= 27.50\n|   |   |   |--- class: 1\n|   |   |--- age >  27.50\n|   |   |   |--- class: 0\n|   |--- priors_count >  6.50\n|   |   |--- age <= 41.50\n|   |   |   |--- class: 1\n|   |   |--- age >  41.50\n|   |   |   |--- class: 1\n"
}