{
    "train": {
        "accuracy": 0.6719325961032122,
        "balanced_accuracy": 0.6719509110995754,
        "precision": 0.6673532440782698,
        "recall": 0.6835443037974683,
        "roc_auc": 0.7245787245936988
    },
    "test": {
        "accuracy": 0.6439393939393939,
        "balanced_accuracy": 0.6466185381505208,
        "precision": 0.5976277372262774,
        "recall": 0.6780538302277432,
        "roc_auc": 0.6979827214291134
    },
    "hyperparameters": {
        "min_samples_split": 13,
        "min_samples_leaf": 15,
        "criterion": "gini",
        "splitter": "best",
        "max_depth": 3,
        "class_weight": "balanced"
    },
    "parsed_tree": {
        "priors_count": {
            "<= 2.5000": {
                "age": {
                    "<= 28.5000": {
                        "sex": {
                            "<= 0.5000": {
                                "value": 0
                            },
                            "> 0.5000": {
                                "value": 1
                            }
                        }
                    },
                    "> 28.5000": {
                        "priors_count": {
                            "<= 0.5000": {
                                "value": 0
                            },
                            "> 0.5000": {
                                "value": 0
                            }
                        }
                    }
                }
            },
            "> 2.5000": {
                "age": {
                    "<= 36.5000": {
                        "priors_count": {
                            "<= 6.5000": {
                                "value": 1
                            },
                            "> 6.5000": {
                                "value": 1
                            }
                        }
                    },
                    "> 36.5000": {
                        "priors_count": {
                            "<= 9.5000": {
                                "value": 0
                            },
                            "> 9.5000": {
                                "value": 1
                            }
                        }
                    }
                }
            }
        }
    },
    "native_representation": "|--- priors_count <= 2.50\n|   |--- age <= 28.50\n|   |   |--- sex <= 0.50\n|   |   |   |--- class: 0\n|   |   |--- sex >  0.50\n|   |   |   |--- class: 1\n|   |--- age >  28.50\n|   |   |--- priors_count <= 0.50\n|   |   |   |--- class: 0\n|   |   |--- priors_count >  0.50\n|   |   |   |--- class: 0\n|--- priors_count >  2.50\n|   |--- age <= 36.50\n|   |   |--- priors_count <= 6.50\n|   |   |   |--- class: 1\n|   |   |--- priors_count >  6.50\n|   |   |   |--- class: 1\n|   |--- age >  36.50\n|   |   |--- priors_count <= 9.50\n|   |   |   |--- class: 0\n|   |   |--- priors_count >  9.50\n|   |   |   |--- class: 1\n"
}