{
    "train": {
        "accuracy": 0.8556701030927835,
        "balanced_accuracy": 0.8548936170212766,
        "precision": 0.8666666666666667,
        "recall": 0.8297872340425532,
        "roc_auc": 0.9189361702127661
    },
    "test": {
        "accuracy": 0.7870370370370371,
        "balanced_accuracy": 0.7836605890603086,
        "precision": 0.7446808510638298,
        "recall": 0.7608695652173914,
        "roc_auc": 0.8323983169705469
    },
    "hyperparameters": {
        "min_samples_split": 14,
        "min_samples_leaf": 4,
        "criterion": "gini",
        "splitter": "best",
        "max_depth": 3,
        "class_weight": "balanced"
    },
    "parsed_tree": {
        "chest": {
            "<= 2.5000": {
                "oldpeak": {
                    "<= 1.7000": {
                        "number_of_major_vessels": {
                            "<= 0.5000": {
                                "value": 0
                            },
                            "> 0.5000": {
                                "value": 0
                            }
                        }
                    },
                    "> 1.7000": {
                        "value": 1
                    }
                }
            },
            "> 2.5000": {
                "number_of_major_vessels": {
                    "<= 0.5000": {
                        "thal": {
                            "<= 1.5000": {
                                "value": 0
                            },
                            "> 1.5000": {
                                "value": 1
                            }
                        }
                    },
                    "> 0.5000": {
                        "oldpeak": {
                            "<= 0.1500": {
                                "value": 1
                            },
                            "> 0.1500": {
                                "value": 1
                            }
                        }
                    }
                }
            }
        }
    },
    "native_representation": "|--- chest <= 2.50\n|   |--- oldpeak <= 1.70\n|   |   |--- number_of_major_vessels <= 0.50\n|   |   |   |--- class: 0\n|   |   |--- number_of_major_vessels >  0.50\n|   |   |   |--- class: 0\n|   |--- oldpeak >  1.70\n|   |   |--- class: 1\n|--- chest >  2.50\n|   |--- number_of_major_vessels <= 0.50\n|   |   |--- thal <= 1.50\n|   |   |   |--- class: 0\n|   |   |--- thal >  1.50\n|   |   |   |--- class: 1\n|   |--- number_of_major_vessels >  0.50\n|   |   |--- oldpeak <= 0.15\n|   |   |   |--- class: 1\n|   |   |--- oldpeak >  0.15\n|   |   |   |--- class: 1\n"
}