{
    "train": {
        "accuracy": 0.8762886597938144,
        "balanced_accuracy": 0.8787234042553191,
        "precision": 0.9523809523809523,
        "recall": 0.8,
        "roc_auc": 0.948936170212766
    },
    "test": {
        "accuracy": 0.8055555555555556,
        "balanced_accuracy": 0.7857643758765778,
        "precision": 0.8571428571428571,
        "recall": 0.6521739130434783,
        "roc_auc": 0.8422159887798037
    },
    "hyperparameters": {
        "min_samples_split": 10,
        "min_samples_leaf": 7,
        "criterion": "gini",
        "splitter": "best",
        "max_depth": 3,
        "class_weight": "balanced"
    },
    "parsed_tree": {
        "chest": {
            "<= 2.5000": {
                "maximum_heart_rate_achieved": {
                    "<= 148.0000": {
                        "value": 0
                    },
                    "> 148.0000": {
                        "resting_blood_pressure": {
                            "<= 137.0000": {
                                "value": 0
                            },
                            "> 137.0000": {
                                "value": 0
                            }
                        }
                    }
                }
            },
            "> 2.5000": {
                "number_of_major_vessels": {
                    "<= 0.5000": {
                        "thal": {
                            "<= 1.5000": {
                                "value": 0
                            },
                            "> 1.5000": {
                                "value": 1
                            }
                        }
                    },
                    "> 0.5000": {
                        "value": 1
                    }
                }
            }
        }
    },
    "native_representation": "|--- chest <= 2.50\n|   |--- maximum_heart_rate_achieved <= 148.00\n|   |   |--- class: 0\n|   |--- maximum_heart_rate_achieved >  148.00\n|   |   |--- resting_blood_pressure <= 137.00\n|   |   |   |--- class: 0\n|   |   |--- resting_blood_pressure >  137.00\n|   |   |   |--- class: 0\n|--- chest >  2.50\n|   |--- number_of_major_vessels <= 0.50\n|   |   |--- thal <= 1.50\n|   |   |   |--- class: 0\n|   |   |--- thal >  1.50\n|   |   |   |--- class: 1\n|   |--- number_of_major_vessels >  0.50\n|   |   |--- class: 1\n"
}