{
    "train": {
        "accuracy": 0.9175257731958762,
        "balanced_accuracy": 0.9174468085106383,
        "precision": 0.9148936170212766,
        "recall": 0.9148936170212766,
        "roc_auc": 0.9646808510638297
    },
    "test": {
        "accuracy": 0.7592592592592593,
        "balanced_accuracy": 0.7678821879382889,
        "precision": 0.6785714285714286,
        "recall": 0.8260869565217391,
        "roc_auc": 0.75718793828892
    },
    "hyperparameters": {
        "min_samples_split": 9,
        "min_samples_leaf": 6,
        "criterion": "gini",
        "splitter": "best",
        "max_depth": 3,
        "class_weight": "balanced"
    },
    "parsed_tree": {
        "chest": {
            "<= 2.5000": {
                "oldpeak": {
                    "<= 0.2500": {
                        "resting_blood_pressure": {
                            "<= 114.0000": {
                                "value": 0
                            },
                            "> 114.0000": {
                                "value": 0
                            }
                        }
                    },
                    "> 0.2500": {
                        "thal": {
                            "<= 0.5000": {
                                "value": 0
                            },
                            "> 0.5000": {
                                "value": 1
                            }
                        }
                    }
                }
            },
            "> 2.5000": {
                "oldpeak": {
                    "<= 0.7000": {
                        "number_of_major_vessels": {
                            "<= 0.5000": {
                                "value": 0
                            },
                            "> 0.5000": {
                                "value": 1
                            }
                        }
                    },
                    "> 0.7000": {
                        "age": {
                            "<= 64.0000": {
                                "value": 1
                            },
                            "> 64.0000": {
                                "value": 1
                            }
                        }
                    }
                }
            }
        }
    },
    "native_representation": "|--- chest <= 2.50\n|   |--- oldpeak <= 0.25\n|   |   |--- resting_blood_pressure <= 114.00\n|   |   |   |--- class: 0\n|   |   |--- resting_blood_pressure >  114.00\n|   |   |   |--- class: 0\n|   |--- oldpeak >  0.25\n|   |   |--- thal <= 0.50\n|   |   |   |--- class: 0\n|   |   |--- thal >  0.50\n|   |   |   |--- class: 1\n|--- chest >  2.50\n|   |--- oldpeak <= 0.70\n|   |   |--- number_of_major_vessels <= 0.50\n|   |   |   |--- class: 0\n|   |   |--- number_of_major_vessels >  0.50\n|   |   |   |--- class: 1\n|   |--- oldpeak >  0.70\n|   |   |--- age <= 64.00\n|   |   |   |--- class: 1\n|   |   |--- age >  64.00\n|   |   |   |--- class: 1\n"
}