{
    "train": {
        "accuracy": 0.8969072164948454,
        "balanced_accuracy": 0.8824561403508773,
        "precision": 0.9411764705882353,
        "recall": 0.8,
        "roc_auc": 0.9414473684210527
    },
    "test": {
        "accuracy": 0.6481481481481481,
        "balanced_accuracy": 0.6262272089761571,
        "precision": 0.6111111111111112,
        "recall": 0.4782608695652174,
        "roc_auc": 0.6946002805049087
    },
    "hyperparameters": {
        "min_samples_split": 8,
        "min_samples_leaf": 3,
        "criterion": "gini",
        "splitter": "best",
        "max_depth": 3,
        "class_weight": "balanced"
    },
    "parsed_tree": {
        "exercise_induced_angina": {
            "<= 0.5000": {
                "chest": {
                    "<= 2.5000": {
                        "maximum_heart_rate_achieved": {
                            "<= 151.0000": {
                                "value": 0
                            },
                            "> 151.0000": {
                                "value": 0
                            }
                        }
                    },
                    "> 2.5000": {
                        "age": {
                            "<= 59.5000": {
                                "value": 0
                            },
                            "> 59.5000": {
                                "value": 1
                            }
                        }
                    }
                }
            },
            "> 0.5000": {
                "oldpeak": {
                    "<= 1.5500": {
                        "serum_cholestoral": {
                            "<= 239.5000": {
                                "value": 0
                            },
                            "> 239.5000": {
                                "value": 1
                            }
                        }
                    },
                    "> 1.5500": {
                        "value": 1
                    }
                }
            }
        }
    },
    "native_representation": "|--- exercise_induced_angina <= 0.50\n|   |--- chest <= 2.50\n|   |   |--- maximum_heart_rate_achieved <= 151.00\n|   |   |   |--- class: 0\n|   |   |--- maximum_heart_rate_achieved >  151.00\n|   |   |   |--- class: 0\n|   |--- chest >  2.50\n|   |   |--- age <= 59.50\n|   |   |   |--- class: 0\n|   |   |--- age >  59.50\n|   |   |   |--- class: 1\n|--- exercise_induced_angina >  0.50\n|   |--- oldpeak <= 1.55\n|   |   |--- serum_cholestoral <= 239.50\n|   |   |   |--- class: 0\n|   |   |--- serum_cholestoral >  239.50\n|   |   |   |--- class: 1\n|   |--- oldpeak >  1.55\n|   |   |--- class: 1\n"
}