{
    "train": {
        "accuracy": 0.9835526315789473,
        "balanced_accuracy": 0.9848934300153812,
        "precision": 0.9529411764705882,
        "recall": 0.9878048780487805,
        "roc_auc": 0.9927213799165018
    },
    "test": {
        "accuracy": 0.9292035398230089,
        "balanced_accuracy": 0.9366992502609851,
        "precision": 0.7959183673469388,
        "recall": 0.9512195121951219,
        "roc_auc": 0.9364857169972478
    },
    "hyperparameters": {
        "min_sup": 8,
        "max_depth": 4,
        "time_limit": 60
    },
    "training_time": 60.61565947532654
}