{
    "train": {
        "accuracy": 0.9605263157894737,
        "balanced_accuracy": 0.9575917380795429,
        "precision": 0.9069767441860465,
        "recall": 0.9512195121951219,
        "roc_auc": 0.9820918479455065
    },
    "test": {
        "accuracy": 0.8967551622418879,
        "balanced_accuracy": 0.9028423649995255,
        "precision": 0.7281553398058253,
        "recall": 0.9146341463414634,
        "roc_auc": 0.930435607858024
    },
    "hyperparameters": {
        "min_sup": 3,
        "max_depth": 4,
        "time_limit": 60
    },
    "training_time": 60.08198428153992
}