{
    "train": {
        "accuracy": 0.9967105263157895,
        "balanced_accuracy": 0.9977272727272728,
        "precision": 0.9882352941176471,
        "recall": 1.0,
        "roc_auc": 0.9991071428571429
    },
    "test": {
        "accuracy": 0.9410029498525073,
        "balanced_accuracy": 0.9320252443769574,
        "precision": 0.8522727272727273,
        "recall": 0.9146341463414634,
        "roc_auc": 0.9302695264306727
    },
    "hyperparameters": {
        "min_sup": 10,
        "max_depth": 4,
        "time_limit": 60
    },
    "training_time": 60.143200397491455
}