{
    "train": {
        "accuracy": 0.9046052631578947,
        "balanced_accuracy": 0.8361339600470035,
        "precision": 0.8813559322033898,
        "recall": 0.7027027027027027,
        "roc_auc": 0.934870740305523
    },
    "test": {
        "accuracy": 0.855457227138643,
        "balanced_accuracy": 0.7842602258707412,
        "precision": 0.726027397260274,
        "recall": 0.6463414634146342,
        "roc_auc": 0.8753677517319921
    },
    "hyperparameters": {
        "min_sup": 8,
        "max_depth": 4,
        "time_limit": 60
    },
    "training_time": 60.11021900177002
}