{
    "train": {
        "accuracy": 0.9868421052631579,
        "balanced_accuracy": 0.9873053125666738,
        "precision": 0.9659090909090909,
        "recall": 0.9883720930232558,
        "roc_auc": 0.9943193940687006
    },
    "test": {
        "accuracy": 0.9292035398230089,
        "balanced_accuracy": 0.9325472145772041,
        "precision": 0.8020833333333334,
        "recall": 0.9390243902439024,
        "roc_auc": 0.934563917623612
    },
    "hyperparameters": {
        "min_sup": 6,
        "max_depth": 4,
        "time_limit": 60
    },
    "training_time": 60.06315493583679
}