{
    "train": {
        "accuracy": 0.75,
        "balanced_accuracy": 0.7671867108142993,
        "precision": 0.6231884057971014,
        "recall": 0.8349514563106796,
        "roc_auc": 0.836606992536057
    },
    "test": {
        "accuracy": 0.6915584415584416,
        "balanced_accuracy": 0.7151551030073408,
        "precision": 0.525974025974026,
        "recall": 0.7864077669902912,
        "roc_auc": 0.7733364906464598
    },
    "hyperparameters": {
        "min_samples_split": 2,
        "min_samples_leaf": 10,
        "criterion": "gini",
        "splitter": "best",
        "max_depth": 3,
        "class_weight": "balanced"
    },
    "parsed_tree": {
        "plas": {
            "<= 146.5000": {
                "mass": {
                    "<= 26.4500": {
                        "mass": {
                            "<= 23.0000": {
                                "value": 0
                            },
                            "> 23.0000": {
                                "value": 0
                            }
                        }
                    },
                    "> 26.4500": {
                        "age": {
                            "<= 28.5000": {
                                "value": 0
                            },
                            "> 28.5000": {
                                "value": 1
                            }
                        }
                    }
                }
            },
            "> 146.5000": {
                "plas": {
                    "<= 157.5000": {
                        "value": 1
                    },
                    "> 157.5000": {
                        "pedi": {
                            "<= 0.6070": {
                                "value": 1
                            },
                            "> 0.6070": {
                                "value": 1
                            }
                        }
                    }
                }
            }
        }
    },
    "native_representation": "|--- plas <= 146.50\n|   |--- mass <= 26.45\n|   |   |--- mass <= 23.00\n|   |   |   |--- class: 0\n|   |   |--- mass >  23.00\n|   |   |   |--- class: 0\n|   |--- mass >  26.45\n|   |   |--- age <= 28.50\n|   |   |   |--- class: 0\n|   |   |--- age >  28.50\n|   |   |   |--- class: 1\n|--- plas >  146.50\n|   |--- plas <= 157.50\n|   |   |--- class: 1\n|   |--- plas >  157.50\n|   |   |--- pedi <= 0.61\n|   |   |   |--- class: 1\n|   |   |--- pedi >  0.61\n|   |   |   |--- class: 1\n"
}