{
    "train": {
        "accuracy": 0.782608695652174,
        "balanced_accuracy": 0.7969820883487877,
        "precision": 0.6456692913385826,
        "recall": 0.845360824742268,
        "roc_auc": 0.863531647756724
    },
    "test": {
        "accuracy": 0.7435064935064936,
        "balanced_accuracy": 0.7469334596258583,
        "precision": 0.5909090909090909,
        "recall": 0.7572815533980582,
        "roc_auc": 0.7674165285342174
    },
    "hyperparameters": {
        "min_samples_split": 2,
        "min_samples_leaf": 7,
        "criterion": "gini",
        "splitter": "best",
        "max_depth": 3,
        "class_weight": "balanced"
    },
    "parsed_tree": {
        "plas": {
            "<= 121.5000": {
                "preg": {
                    "<= 6.5000": {
                        "mass": {
                            "<= 31.4000": {
                                "value": 0
                            },
                            "> 31.4000": {
                                "value": 0
                            }
                        }
                    },
                    "> 6.5000": {
                        "mass": {
                            "<= 26.9500": {
                                "value": 0
                            },
                            "> 26.9500": {
                                "value": 1
                            }
                        }
                    }
                }
            },
            "> 121.5000": {
                "mass": {
                    "<= 28.0500": {
                        "plas": {
                            "<= 145.5000": {
                                "value": 0
                            },
                            "> 145.5000": {
                                "value": 1
                            }
                        }
                    },
                    "> 28.0500": {
                        "pedi": {
                            "<= 0.3095": {
                                "value": 1
                            },
                            "> 0.3095": {
                                "value": 1
                            }
                        }
                    }
                }
            }
        }
    },
    "native_representation": "|--- plas <= 121.50\n|   |--- preg <= 6.50\n|   |   |--- mass <= 31.40\n|   |   |   |--- class: 0\n|   |   |--- mass >  31.40\n|   |   |   |--- class: 0\n|   |--- preg >  6.50\n|   |   |--- mass <= 26.95\n|   |   |   |--- class: 0\n|   |   |--- mass >  26.95\n|   |   |   |--- class: 1\n|--- plas >  121.50\n|   |--- mass <= 28.05\n|   |   |--- plas <= 145.50\n|   |   |   |--- class: 0\n|   |   |--- plas >  145.50\n|   |   |   |--- class: 1\n|   |--- mass >  28.05\n|   |   |--- pedi <= 0.31\n|   |   |   |--- class: 1\n|   |   |--- pedi >  0.31\n|   |   |   |--- class: 1\n"
}