{
    "train": {
        "accuracy": 0.7391304347826086,
        "balanced_accuracy": 0.7823532799631401,
        "precision": 0.5806451612903226,
        "recall": 0.9278350515463918,
        "roc_auc": 0.8758567067903013
    },
    "test": {
        "accuracy": 0.6331168831168831,
        "balanced_accuracy": 0.6760833530665404,
        "precision": 0.4715909090909091,
        "recall": 0.8058252427184466,
        "roc_auc": 0.773194411555766
    },
    "hyperparameters": {
        "min_samples_split": 7,
        "min_samples_leaf": 16,
        "criterion": "gini",
        "splitter": "best",
        "max_depth": 3,
        "class_weight": "balanced"
    },
    "parsed_tree": {
        "plas": {
            "<= 131.5000": {
                "mass": {
                    "<= 27.3500": {
                        "pedi": {
                            "<= 0.5825": {
                                "value": 0
                            },
                            "> 0.5825": {
                                "value": 0
                            }
                        }
                    },
                    "> 27.3500": {
                        "age": {
                            "<= 24.5000": {
                                "value": 0
                            },
                            "> 24.5000": {
                                "value": 1
                            }
                        }
                    }
                }
            },
            "> 131.5000": {
                "mass": {
                    "<= 29.9500": {
                        "value": 0
                    },
                    "> 29.9500": {
                        "plas": {
                            "<= 154.5000": {
                                "value": 1
                            },
                            "> 154.5000": {
                                "value": 1
                            }
                        }
                    }
                }
            }
        }
    },
    "native_representation": "|--- plas <= 131.50\n|   |--- mass <= 27.35\n|   |   |--- pedi <= 0.58\n|   |   |   |--- class: 0\n|   |   |--- pedi >  0.58\n|   |   |   |--- class: 0\n|   |--- mass >  27.35\n|   |   |--- age <= 24.50\n|   |   |   |--- class: 0\n|   |   |--- age >  24.50\n|   |   |   |--- class: 1\n|--- plas >  131.50\n|   |--- mass <= 29.95\n|   |   |--- class: 0\n|   |--- mass >  29.95\n|   |   |--- plas <= 154.50\n|   |   |   |--- class: 1\n|   |   |--- plas >  154.50\n|   |   |   |--- class: 1\n"
}