{
    "train": {
        "accuracy": 0.7572463768115942,
        "balanced_accuracy": 0.7651102755485717,
        "precision": 0.640625,
        "recall": 0.7961165048543689,
        "roc_auc": 0.8253549581906953
    },
    "test": {
        "accuracy": 0.7337662337662337,
        "balanced_accuracy": 0.725124319204357,
        "precision": 0.5853658536585366,
        "recall": 0.6990291262135923,
        "roc_auc": 0.7881127160786171
    },
    "hyperparameters": {
        "min_samples_split": 7,
        "min_samples_leaf": 16,
        "criterion": "gini",
        "splitter": "best",
        "max_depth": 3,
        "class_weight": "balanced"
    },
    "parsed_tree": {
        "plas": {
            "<= 123.5000": {
                "mass": {
                    "<= 26.4500": {
                        "value": 0
                    },
                    "> 26.4500": {
                        "preg": {
                            "<= 6.5000": {
                                "value": 0
                            },
                            "> 6.5000": {
                                "value": 1
                            }
                        }
                    }
                }
            },
            "> 123.5000": {
                "mass": {
                    "<= 27.3500": {
                        "value": 0
                    },
                    "> 27.3500": {
                        "age": {
                            "<= 28.5000": {
                                "value": 1
                            },
                            "> 28.5000": {
                                "value": 1
                            }
                        }
                    }
                }
            }
        }
    },
    "native_representation": "|--- plas <= 123.50\n|   |--- mass <= 26.45\n|   |   |--- class: 0\n|   |--- mass >  26.45\n|   |   |--- preg <= 6.50\n|   |   |   |--- class: 0\n|   |   |--- preg >  6.50\n|   |   |   |--- class: 1\n|--- plas >  123.50\n|   |--- mass <= 27.35\n|   |   |--- class: 0\n|   |--- mass >  27.35\n|   |   |--- age <= 28.50\n|   |   |   |--- class: 1\n|   |   |--- age >  28.50\n|   |   |   |--- class: 1\n"
}