{
    "train": {
        "accuracy": 0.75,
        "balanced_accuracy": 0.7771020624008461,
        "precision": 0.5882352941176471,
        "recall": 0.8602150537634409,
        "roc_auc": 0.8537223103590106
    },
    "test": {
        "accuracy": 0.6948051948051948,
        "balanced_accuracy": 0.6861946483542505,
        "precision": 0.5354330708661418,
        "recall": 0.6601941747572816,
        "roc_auc": 0.7770542268529481
    },
    "hyperparameters": {
        "min_samples_split": 9,
        "min_samples_leaf": 16,
        "criterion": "gini",
        "splitter": "best",
        "max_depth": 3,
        "class_weight": "balanced"
    },
    "parsed_tree": {
        "plas": {
            "<= 123.5000": {
                "age": {
                    "<= 39.5000": {
                        "age": {
                            "<= 26.5000": {
                                "value": 0
                            },
                            "> 26.5000": {
                                "value": 0
                            }
                        }
                    },
                    "> 39.5000": {
                        "value": 1
                    }
                }
            },
            "> 123.5000": {
                "mass": {
                    "<= 28.0000": {
                        "value": 0
                    },
                    "> 28.0000": {
                        "plas": {
                            "<= 155.5000": {
                                "value": 1
                            },
                            "> 155.5000": {
                                "value": 1
                            }
                        }
                    }
                }
            }
        }
    },
    "native_representation": "|--- plas <= 123.50\n|   |--- age <= 39.50\n|   |   |--- age <= 26.50\n|   |   |   |--- class: 0\n|   |   |--- age >  26.50\n|   |   |   |--- class: 0\n|   |--- age >  39.50\n|   |   |--- class: 1\n|--- plas >  123.50\n|   |--- mass <= 28.00\n|   |   |--- class: 0\n|   |--- mass >  28.00\n|   |   |--- plas <= 155.50\n|   |   |   |--- class: 1\n|   |   |--- plas >  155.50\n|   |   |   |--- class: 1\n"
}