{
    "train": {
        "mse": 0.6704756009908548,
        "mae": 0.6513942125207405
    },
    "test": {
        "mse": 0.80918900116722,
        "mae": 0.70895314491109
    },
    "hyperparameters": {
        "min_samples_split": 16,
        "min_samples_leaf": 16,
        "criterion": "squared_error",
        "splitter": "best",
        "max_depth": 4
    },
    "parsed_tree": {
        "alcohol": {
            "<= 10.8500": {
                "volatile.acidity": {
                    "<= 0.2425": {
                        "free.sulfur.dioxide": {
                            "<= 28.5000": {
                                "density": {
                                    "<= 0.9970": {
                                        "value": "-0.2542"
                                    },
                                    "> 0.9970": {
                                        "value": "0.4152"
                                    }
                                }
                            },
                            "> 28.5000": {
                                "volatile.acidity": {
                                    "<= 0.2025": {
                                        "value": "0.4161"
                                    },
                                    "> 0.2025": {
                                        "value": "0.0345"
                                    }
                                }
                            }
                        }
                    },
                    "> 0.2425": {
                        "alcohol": {
                            "<= 10.0500": {
                                "volatile.acidity": {
                                    "<= 0.3025": {
                                        "value": "-0.3919"
                                    },
                                    "> 0.3025": {
                                        "value": "-0.6874"
                                    }
                                }
                            },
                            "> 10.0500": {
                                "total.sulfur.dioxide": {
                                    "<= 193.5000": {
                                        "value": "-0.1429"
                                    },
                                    "> 193.5000": {
                                        "value": "-0.8713"
                                    }
                                }
                            }
                        }
                    }
                }
            },
            "> 10.8500": {
                "citric.acid": {
                    "<= 0.2350": {
                        "alcohol": {
                            "<= 11.6500": {
                                "free.sulfur.dioxide": {
                                    "<= 12.5000": {
                                        "value": "-1.4203"
                                    },
                                    "> 12.5000": {
                                        "value": "-0.2867"
                                    }
                                }
                            },
                            "> 11.6500": {
                                "sulphates": {
                                    "<= 0.6150": {
                                        "value": "-0.0051"
                                    },
                                    "> 0.6150": {
                                        "value": "0.9450"
                                    }
                                }
                            }
                        }
                    },
                    "> 0.2350": {
                        "alcohol": {
                            "<= 11.8750": {
                                "sulphates": {
                                    "<= 0.5750": {
                                        "value": "0.3258"
                                    },
                                    "> 0.5750": {
                                        "value": "0.7113"
                                    }
                                }
                            },
                            "> 11.8750": {
                                "sulphates": {
                                    "<= 0.3250": {
                                        "value": "1.6029"
                                    },
                                    "> 0.3250": {
                                        "value": "0.8655"
                                    }
                                }
                            }
                        }
                    }
                }
            }
        }
    },
    "native_representation": "|--- alcohol <= 10.85\n|   |--- volatile.acidity <= 0.24\n|   |   |--- free.sulfur.dioxide <= 28.50\n|   |   |   |--- density <= 1.00\n|   |   |   |   |--- value: [-0.25]\n|   |   |   |--- density >  1.00\n|   |   |   |   |--- value: [0.42]\n|   |   |--- free.sulfur.dioxide >  28.50\n|   |   |   |--- volatile.acidity <= 0.20\n|   |   |   |   |--- value: [0.42]\n|   |   |   |--- volatile.acidity >  0.20\n|   |   |   |   |--- value: [0.03]\n|   |--- volatile.acidity >  0.24\n|   |   |--- alcohol <= 10.05\n|   |   |   |--- volatile.acidity <= 0.30\n|   |   |   |   |--- value: [-0.39]\n|   |   |   |--- volatile.acidity >  0.30\n|   |   |   |   |--- value: [-0.69]\n|   |   |--- alcohol >  10.05\n|   |   |   |--- total.sulfur.dioxide <= 193.50\n|   |   |   |   |--- value: [-0.14]\n|   |   |   |--- total.sulfur.dioxide >  193.50\n|   |   |   |   |--- value: [-0.87]\n|--- alcohol >  10.85\n|   |--- citric.acid <= 0.23\n|   |   |--- alcohol <= 11.65\n|   |   |   |--- free.sulfur.dioxide <= 12.50\n|   |   |   |   |--- value: [-1.42]\n|   |   |   |--- free.sulfur.dioxide >  12.50\n|   |   |   |   |--- value: [-0.29]\n|   |   |--- alcohol >  11.65\n|   |   |   |--- sulphates <= 0.62\n|   |   |   |   |--- value: [-0.01]\n|   |   |   |--- sulphates >  0.62\n|   |   |   |   |--- value: [0.94]\n|   |--- citric.acid >  0.23\n|   |   |--- alcohol <= 11.88\n|   |   |   |--- sulphates <= 0.57\n|   |   |   |   |--- value: [0.33]\n|   |   |   |--- sulphates >  0.57\n|   |   |   |   |--- value: [0.71]\n|   |   |--- alcohol >  11.88\n|   |   |   |--- sulphates <= 0.33\n|   |   |   |   |--- value: [1.60]\n|   |   |   |--- sulphates >  0.33\n|   |   |   |   |--- value: [0.87]\n"
}