{
    "train": {
        "mse": 0.6704495528217168,
        "mae": 0.6415141039419233
    },
    "test": {
        "mse": 0.8070914864644845,
        "mae": 0.7005893879574362
    },
    "hyperparameters": {
        "min_samples_split": 10,
        "min_samples_leaf": 13,
        "criterion": "squared_error",
        "splitter": "best",
        "max_depth": 4
    },
    "parsed_tree": {
        "alcohol": {
            "<= 10.9167": {
                "volatile.acidity": {
                    "<= 0.2350": {
                        "free.sulfur.dioxide": {
                            "<= 24.5000": {
                                "residual.sugar": {
                                    "<= 6.6000": {
                                        "value": "-0.3356"
                                    },
                                    "> 6.6000": {
                                        "value": "0.3540"
                                    }
                                }
                            },
                            "> 24.5000": {
                                "volatile.acidity": {
                                    "<= 0.2075": {
                                        "value": "0.3869"
                                    },
                                    "> 0.2075": {
                                        "value": "0.0161"
                                    }
                                }
                            }
                        }
                    },
                    "> 0.2350": {
                        "alcohol": {
                            "<= 9.8500": {
                                "chlorides": {
                                    "<= 0.0505": {
                                        "value": "-0.4595"
                                    },
                                    "> 0.0505": {
                                        "value": "-0.7102"
                                    }
                                }
                            },
                            "> 9.8500": {
                                "volatile.acidity": {
                                    "<= 0.3325": {
                                        "value": "-0.0470"
                                    },
                                    "> 0.3325": {
                                        "value": "-0.3860"
                                    }
                                }
                            }
                        }
                    }
                }
            },
            "> 10.9167": {
                "alcohol": {
                    "<= 12.0750": {
                        "citric.acid": {
                            "<= 0.2250": {
                                "pH": {
                                    "<= 3.2900": {
                                        "value": "-0.9469"
                                    },
                                    "> 3.2900": {
                                        "value": "-0.0467"
                                    }
                                }
                            },
                            "> 0.2250": {
                                "residual.sugar": {
                                    "<= 1.0500": {
                                        "value": "-0.4419"
                                    },
                                    "> 1.0500": {
                                        "value": "0.4675"
                                    }
                                }
                            }
                        }
                    },
                    "> 12.0750": {
                        "free.sulfur.dioxide": {
                            "<= 17.5000": {
                                "sulphates": {
                                    "<= 0.6800": {
                                        "value": "0.1894"
                                    },
                                    "> 0.6800": {
                                        "value": "1.3078"
                                    }
                                }
                            },
                            "> 17.5000": {
                                "alcohol": {
                                    "<= 12.7750": {
                                        "value": "0.9333"
                                    },
                                    "> 12.7750": {
                                        "value": "1.3482"
                                    }
                                }
                            }
                        }
                    }
                }
            }
        }
    },
    "native_representation": "|--- alcohol <= 10.92\n|   |--- volatile.acidity <= 0.23\n|   |   |--- free.sulfur.dioxide <= 24.50\n|   |   |   |--- residual.sugar <= 6.60\n|   |   |   |   |--- value: [-0.34]\n|   |   |   |--- residual.sugar >  6.60\n|   |   |   |   |--- value: [0.35]\n|   |   |--- free.sulfur.dioxide >  24.50\n|   |   |   |--- volatile.acidity <= 0.21\n|   |   |   |   |--- value: [0.39]\n|   |   |   |--- volatile.acidity >  0.21\n|   |   |   |   |--- value: [0.02]\n|   |--- volatile.acidity >  0.23\n|   |   |--- alcohol <= 9.85\n|   |   |   |--- chlorides <= 0.05\n|   |   |   |   |--- value: [-0.46]\n|   |   |   |--- chlorides >  0.05\n|   |   |   |   |--- value: [-0.71]\n|   |   |--- alcohol >  9.85\n|   |   |   |--- volatile.acidity <= 0.33\n|   |   |   |   |--- value: [-0.05]\n|   |   |   |--- volatile.acidity >  0.33\n|   |   |   |   |--- value: [-0.39]\n|--- alcohol >  10.92\n|   |--- alcohol <= 12.08\n|   |   |--- citric.acid <= 0.23\n|   |   |   |--- pH <= 3.29\n|   |   |   |   |--- value: [-0.95]\n|   |   |   |--- pH >  3.29\n|   |   |   |   |--- value: [-0.05]\n|   |   |--- citric.acid >  0.23\n|   |   |   |--- residual.sugar <= 1.05\n|   |   |   |   |--- value: [-0.44]\n|   |   |   |--- residual.sugar >  1.05\n|   |   |   |   |--- value: [0.47]\n|   |--- alcohol >  12.08\n|   |   |--- free.sulfur.dioxide <= 17.50\n|   |   |   |--- sulphates <= 0.68\n|   |   |   |   |--- value: [0.19]\n|   |   |   |--- sulphates >  0.68\n|   |   |   |   |--- value: [1.31]\n|   |   |--- free.sulfur.dioxide >  17.50\n|   |   |   |--- alcohol <= 12.78\n|   |   |   |   |--- value: [0.93]\n|   |   |   |--- alcohol >  12.78\n|   |   |   |   |--- value: [1.35]\n"
}