{
    "train": {
        "mse": 0.6697343314362638,
        "mae": 0.6455327317579478
    },
    "test": {
        "mse": 0.8072691859560165,
        "mae": 0.7000634154656793
    },
    "hyperparameters": {
        "min_samples_split": 3,
        "min_samples_leaf": 16,
        "criterion": "squared_error",
        "splitter": "best",
        "max_depth": 4
    },
    "parsed_tree": {
        "alcohol": {
            "<= 10.8500": {
                "volatile.acidity": {
                    "<= 0.2525": {
                        "volatile.acidity": {
                            "<= 0.2075": {
                                "residual.sugar": {
                                    "<= 12.7000": {
                                        "value": "0.1010"
                                    },
                                    "> 12.7000": {
                                        "value": "0.7579"
                                    }
                                }
                            },
                            "> 0.2075": {
                                "alcohol": {
                                    "<= 10.0500": {
                                        "value": "-0.2335"
                                    },
                                    "> 10.0500": {
                                        "value": "0.1621"
                                    }
                                }
                            }
                        }
                    },
                    "> 0.2525": {
                        "alcohol": {
                            "<= 9.8500": {
                                "volatile.acidity": {
                                    "<= 0.5550": {
                                        "value": "-0.6140"
                                    },
                                    "> 0.5550": {
                                        "value": "-0.9059"
                                    }
                                }
                            },
                            "> 9.8500": {
                                "residual.sugar": {
                                    "<= 1.4500": {
                                        "value": "-0.7103"
                                    },
                                    "> 1.4500": {
                                        "value": "-0.2197"
                                    }
                                }
                            }
                        }
                    }
                }
            },
            "> 10.8500": {
                "volatile.acidity": {
                    "<= 0.5250": {
                        "alcohol": {
                            "<= 11.7417": {
                                "fixed.acidity": {
                                    "<= 8.0500": {
                                        "value": "0.5200"
                                    },
                                    "> 8.0500": {
                                        "value": "0.0973"
                                    }
                                }
                            },
                            "> 11.7417": {
                                "alcohol": {
                                    "<= 12.8467": {
                                        "value": "0.7605"
                                    },
                                    "> 12.8467": {
                                        "value": "1.2459"
                                    }
                                }
                            }
                        }
                    },
                    "> 0.5250": {
                        "alcohol": {
                            "<= 11.1500": {
                                "value": "-1.2112"
                            },
                            "> 11.1500": {
                                "pH": {
                                    "<= 3.5350": {
                                        "value": "0.4038"
                                    },
                                    "> 3.5350": {
                                        "value": "-0.4873"
                                    }
                                }
                            }
                        }
                    }
                }
            }
        }
    },
    "native_representation": "|--- alcohol <= 10.85\n|   |--- volatile.acidity <= 0.25\n|   |   |--- volatile.acidity <= 0.21\n|   |   |   |--- residual.sugar <= 12.70\n|   |   |   |   |--- value: [0.10]\n|   |   |   |--- residual.sugar >  12.70\n|   |   |   |   |--- value: [0.76]\n|   |   |--- volatile.acidity >  0.21\n|   |   |   |--- alcohol <= 10.05\n|   |   |   |   |--- value: [-0.23]\n|   |   |   |--- alcohol >  10.05\n|   |   |   |   |--- value: [0.16]\n|   |--- volatile.acidity >  0.25\n|   |   |--- alcohol <= 9.85\n|   |   |   |--- volatile.acidity <= 0.56\n|   |   |   |   |--- value: [-0.61]\n|   |   |   |--- volatile.acidity >  0.56\n|   |   |   |   |--- value: [-0.91]\n|   |   |--- alcohol >  9.85\n|   |   |   |--- residual.sugar <= 1.45\n|   |   |   |   |--- value: [-0.71]\n|   |   |   |--- residual.sugar >  1.45\n|   |   |   |   |--- value: [-0.22]\n|--- alcohol >  10.85\n|   |--- volatile.acidity <= 0.52\n|   |   |--- alcohol <= 11.74\n|   |   |   |--- fixed.acidity <= 8.05\n|   |   |   |   |--- value: [0.52]\n|   |   |   |--- fixed.acidity >  8.05\n|   |   |   |   |--- value: [0.10]\n|   |   |--- alcohol >  11.74\n|   |   |   |--- alcohol <= 12.85\n|   |   |   |   |--- value: [0.76]\n|   |   |   |--- alcohol >  12.85\n|   |   |   |   |--- value: [1.25]\n|   |--- volatile.acidity >  0.52\n|   |   |--- alcohol <= 11.15\n|   |   |   |--- value: [-1.21]\n|   |   |--- alcohol >  11.15\n|   |   |   |--- pH <= 3.53\n|   |   |   |   |--- value: [0.40]\n|   |   |   |--- pH >  3.53\n|   |   |   |   |--- value: [-0.49]\n"
}