{
    "train": {
        "mse": 0.6836889941969071,
        "mae": 0.6523563238674324
    },
    "test": {
        "mse": 0.8008949351813701,
        "mae": 0.7014402650080905
    },
    "hyperparameters": {
        "min_samples_split": 3,
        "min_samples_leaf": 10,
        "criterion": "squared_error",
        "splitter": "best",
        "max_depth": 4
    },
    "parsed_tree": {
        "alcohol": {
            "<= 11.0333": {
                "volatile.acidity": {
                    "<= 0.2350": {
                        "free.sulfur.dioxide": {
                            "<= 27.5000": {
                                "density": {
                                    "<= 0.9980": {
                                        "value": "-0.1699"
                                    },
                                    "> 0.9980": {
                                        "value": "0.8174"
                                    }
                                }
                            },
                            "> 27.5000": {
                                "volatile.acidity": {
                                    "<= 0.1575": {
                                        "value": "0.7315"
                                    },
                                    "> 0.1575": {
                                        "value": "0.2086"
                                    }
                                }
                            }
                        }
                    },
                    "> 0.2350": {
                        "alcohol": {
                            "<= 10.3500": {
                                "volatile.acidity": {
                                    "<= 0.3050": {
                                        "value": "-0.3979"
                                    },
                                    "> 0.3050": {
                                        "value": "-0.6471"
                                    }
                                }
                            },
                            "> 10.3500": {
                                "total.sulfur.dioxide": {
                                    "<= 192.5000": {
                                        "value": "-0.0593"
                                    },
                                    "> 192.5000": {
                                        "value": "-1.5169"
                                    }
                                }
                            }
                        }
                    }
                }
            },
            "> 11.0333": {
                "alcohol": {
                    "<= 12.0750": {
                        "volatile.acidity": {
                            "<= 0.7375": {
                                "residual.sugar": {
                                    "<= 1.3500": {
                                        "value": "0.0190"
                                    },
                                    "> 1.3500": {
                                        "value": "0.5418"
                                    }
                                }
                            },
                            "> 0.7375": {
                                "value": "-0.7361"
                            }
                        }
                    },
                    "> 12.0750": {
                        "free.sulfur.dioxide": {
                            "<= 31.5000": {
                                "sulphates": {
                                    "<= 0.5750": {
                                        "value": "0.6021"
                                    },
                                    "> 0.5750": {
                                        "value": "0.9872"
                                    }
                                }
                            },
                            "> 31.5000": {
                                "residual.sugar": {
                                    "<= 3.9500": {
                                        "value": "0.9452"
                                    },
                                    "> 3.9500": {
                                        "value": "1.5496"
                                    }
                                }
                            }
                        }
                    }
                }
            }
        }
    },
    "native_representation": "|--- alcohol <= 11.03\n|   |--- volatile.acidity <= 0.23\n|   |   |--- free.sulfur.dioxide <= 27.50\n|   |   |   |--- density <= 1.00\n|   |   |   |   |--- value: [-0.17]\n|   |   |   |--- density >  1.00\n|   |   |   |   |--- value: [0.82]\n|   |   |--- free.sulfur.dioxide >  27.50\n|   |   |   |--- volatile.acidity <= 0.16\n|   |   |   |   |--- value: [0.73]\n|   |   |   |--- volatile.acidity >  0.16\n|   |   |   |   |--- value: [0.21]\n|   |--- volatile.acidity >  0.23\n|   |   |--- alcohol <= 10.35\n|   |   |   |--- volatile.acidity <= 0.31\n|   |   |   |   |--- value: [-0.40]\n|   |   |   |--- volatile.acidity >  0.31\n|   |   |   |   |--- value: [-0.65]\n|   |   |--- alcohol >  10.35\n|   |   |   |--- total.sulfur.dioxide <= 192.50\n|   |   |   |   |--- value: [-0.06]\n|   |   |   |--- total.sulfur.dioxide >  192.50\n|   |   |   |   |--- value: [-1.52]\n|--- alcohol >  11.03\n|   |--- alcohol <= 12.08\n|   |   |--- volatile.acidity <= 0.74\n|   |   |   |--- residual.sugar <= 1.35\n|   |   |   |   |--- value: [0.02]\n|   |   |   |--- residual.sugar >  1.35\n|   |   |   |   |--- value: [0.54]\n|   |   |--- volatile.acidity >  0.74\n|   |   |   |--- value: [-0.74]\n|   |--- alcohol >  12.08\n|   |   |--- free.sulfur.dioxide <= 31.50\n|   |   |   |--- sulphates <= 0.57\n|   |   |   |   |--- value: [0.60]\n|   |   |   |--- sulphates >  0.57\n|   |   |   |   |--- value: [0.99]\n|   |   |--- free.sulfur.dioxide >  31.50\n|   |   |   |--- residual.sugar <= 3.95\n|   |   |   |   |--- value: [0.95]\n|   |   |   |--- residual.sugar >  3.95\n|   |   |   |   |--- value: [1.55]\n"
}