{
    "train": {
        "mse": 0.6655638637932753,
        "mae": 0.630965969393239
    },
    "test": {
        "mse": 0.8116570102194361,
        "mae": 0.6889390809846083
    },
    "hyperparameters": {
        "min_samples_split": 3,
        "min_samples_leaf": 1,
        "criterion": "squared_error",
        "splitter": "best",
        "max_depth": 4
    },
    "parsed_tree": {
        "alcohol": {
            "<= 10.6500": {
                "volatile.acidity": {
                    "<= 0.2375": {
                        "free.sulfur.dioxide": {
                            "<= 24.5000": {
                                "total.sulfur.dioxide": {
                                    "<= 163.5000": {
                                        "value": "-0.2824"
                                    },
                                    "> 163.5000": {
                                        "value": "1.3809"
                                    }
                                }
                            },
                            "> 24.5000": {
                                "fixed.acidity": {
                                    "<= 7.2500": {
                                        "value": "0.1308"
                                    },
                                    "> 7.2500": {
                                        "value": "0.5621"
                                    }
                                }
                            }
                        }
                    },
                    "> 0.2375": {
                        "alcohol": {
                            "<= 10.0167": {
                                "volatile.acidity": {
                                    "<= 0.4225": {
                                        "value": "-0.4963"
                                    },
                                    "> 0.4225": {
                                        "value": "-0.8016"
                                    }
                                }
                            },
                            "> 10.0167": {
                                "total.sulfur.dioxide": {
                                    "<= 193.5000": {
                                        "value": "-0.1797"
                                    },
                                    "> 193.5000": {
                                        "value": "-1.2387"
                                    }
                                }
                            }
                        }
                    }
                }
            },
            "> 10.6500": {
                "alcohol": {
                    "<= 11.7667": {
                        "citric.acid": {
                            "<= 0.2350": {
                                "free.sulfur.dioxide": {
                                    "<= 12.5000": {
                                        "value": "-0.9476"
                                    },
                                    "> 12.5000": {
                                        "value": "0.0941"
                                    }
                                }
                            },
                            "> 0.2350": {
                                "total.sulfur.dioxide": {
                                    "<= 207.5000": {
                                        "value": "0.3559"
                                    },
                                    "> 207.5000": {
                                        "value": "-3.2762"
                                    }
                                }
                            }
                        }
                    },
                    "> 11.7667": {
                        "free.sulfur.dioxide": {
                            "<= 21.5000": {
                                "sulphates": {
                                    "<= 0.7350": {
                                        "value": "0.3470"
                                    },
                                    "> 0.7350": {
                                        "value": "1.2913"
                                    }
                                }
                            },
                            "> 21.5000": {
                                "chlorides": {
                                    "<= 0.0515": {
                                        "value": "1.0209"
                                    },
                                    "> 0.0515": {
                                        "value": "0.0941"
                                    }
                                }
                            }
                        }
                    }
                }
            }
        }
    },
    "native_representation": "|--- alcohol <= 10.65\n|   |--- volatile.acidity <= 0.24\n|   |   |--- free.sulfur.dioxide <= 24.50\n|   |   |   |--- total.sulfur.dioxide <= 163.50\n|   |   |   |   |--- value: [-0.28]\n|   |   |   |--- total.sulfur.dioxide >  163.50\n|   |   |   |   |--- value: [1.38]\n|   |   |--- free.sulfur.dioxide >  24.50\n|   |   |   |--- fixed.acidity <= 7.25\n|   |   |   |   |--- value: [0.13]\n|   |   |   |--- fixed.acidity >  7.25\n|   |   |   |   |--- value: [0.56]\n|   |--- volatile.acidity >  0.24\n|   |   |--- alcohol <= 10.02\n|   |   |   |--- volatile.acidity <= 0.42\n|   |   |   |   |--- value: [-0.50]\n|   |   |   |--- volatile.acidity >  0.42\n|   |   |   |   |--- value: [-0.80]\n|   |   |--- alcohol >  10.02\n|   |   |   |--- total.sulfur.dioxide <= 193.50\n|   |   |   |   |--- value: [-0.18]\n|   |   |   |--- total.sulfur.dioxide >  193.50\n|   |   |   |   |--- value: [-1.24]\n|--- alcohol >  10.65\n|   |--- alcohol <= 11.77\n|   |   |--- citric.acid <= 0.23\n|   |   |   |--- free.sulfur.dioxide <= 12.50\n|   |   |   |   |--- value: [-0.95]\n|   |   |   |--- free.sulfur.dioxide >  12.50\n|   |   |   |   |--- value: [0.09]\n|   |   |--- citric.acid >  0.23\n|   |   |   |--- total.sulfur.dioxide <= 207.50\n|   |   |   |   |--- value: [0.36]\n|   |   |   |--- total.sulfur.dioxide >  207.50\n|   |   |   |   |--- value: [-3.28]\n|   |--- alcohol >  11.77\n|   |   |--- free.sulfur.dioxide <= 21.50\n|   |   |   |--- sulphates <= 0.74\n|   |   |   |   |--- value: [0.35]\n|   |   |   |--- sulphates >  0.74\n|   |   |   |   |--- value: [1.29]\n|   |   |--- free.sulfur.dioxide >  21.50\n|   |   |   |--- chlorides <= 0.05\n|   |   |   |   |--- value: [1.02]\n|   |   |   |--- chlorides >  0.05\n|   |   |   |   |--- value: [0.09]\n"
}