{
    "train": {
        "accuracy": 0.8152173913043478,
        "balanced_accuracy": 0.795639485941972,
        "precision": 0.7708333333333334,
        "recall": 0.7184466019417476,
        "roc_auc": 0.8772658398338851
    },
    "test": {
        "accuracy": 0.7435064935064936,
        "balanced_accuracy": 0.7010419133317547,
        "precision": 0.6276595744680851,
        "recall": 0.5728155339805825,
        "roc_auc": 0.7742836845844187
    },
    "hyperparameters": {
        "min_samples_split": 14,
        "min_samples_leaf": 2,
        "criterion": "gini",
        "splitter": "best",
        "max_depth": 4,
        "class_weight": "balanced"
    },
    "parsed_tree": {
        "plas": {
            "<= 123.5000": {
                "mass": {
                    "<= 26.4500": {
                        "value": 0
                    },
                    "> 26.4500": {
                        "preg": {
                            "<= 6.5000": {
                                "age": {
                                    "<= 22.5000": {
                                        "value": 0
                                    },
                                    "> 22.5000": {
                                        "value": 0
                                    }
                                }
                            },
                            "> 6.5000": {
                                "pedi": {
                                    "<= 0.2380": {
                                        "value": 0
                                    },
                                    "> 0.2380": {
                                        "value": 1
                                    }
                                }
                            }
                        }
                    }
                }
            },
            "> 123.5000": {
                "mass": {
                    "<= 27.3500": {
                        "age": {
                            "<= 45.0000": {
                                "value": 0
                            },
                            "> 45.0000": {
                                "value": 0
                            }
                        }
                    },
                    "> 27.3500": {
                        "age": {
                            "<= 28.5000": {
                                "plas": {
                                    "<= 154.5000": {
                                        "value": 0
                                    },
                                    "> 154.5000": {
                                        "value": 1
                                    }
                                }
                            },
                            "> 28.5000": {
                                "pedi": {
                                    "<= 0.3090": {
                                        "value": 1
                                    },
                                    "> 0.3090": {
                                        "value": 1
                                    }
                                }
                            }
                        }
                    }
                }
            }
        }
    },
    "native_representation": "|--- plas <= 123.50\n|   |--- mass <= 26.45\n|   |   |--- class: 0\n|   |--- mass >  26.45\n|   |   |--- preg <= 6.50\n|   |   |   |--- age <= 22.50\n|   |   |   |   |--- class: 0\n|   |   |   |--- age >  22.50\n|   |   |   |   |--- class: 0\n|   |   |--- preg >  6.50\n|   |   |   |--- pedi <= 0.24\n|   |   |   |   |--- class: 0\n|   |   |   |--- pedi >  0.24\n|   |   |   |   |--- class: 1\n|--- plas >  123.50\n|   |--- mass <= 27.35\n|   |   |--- age <= 45.00\n|   |   |   |--- class: 0\n|   |   |--- age >  45.00\n|   |   |   |--- class: 0\n|   |--- mass >  27.35\n|   |   |--- age <= 28.50\n|   |   |   |--- plas <= 154.50\n|   |   |   |   |--- class: 0\n|   |   |   |--- plas >  154.50\n|   |   |   |   |--- class: 1\n|   |   |--- age >  28.50\n|   |   |   |--- pedi <= 0.31\n|   |   |   |   |--- class: 1\n|   |   |   |--- pedi >  0.31\n|   |   |   |   |--- class: 1\n"
}