{
    "train": {
        "accuracy": 0.8152173913043478,
        "balanced_accuracy": 0.7914242930369175,
        "precision": 0.75,
        "recall": 0.711340206185567,
        "roc_auc": 0.8930196394632264
    },
    "test": {
        "accuracy": 0.7337662337662337,
        "balanced_accuracy": 0.691309495619228,
        "precision": 0.6105263157894737,
        "recall": 0.5631067961165048,
        "roc_auc": 0.7640303102060146
    },
    "hyperparameters": {
        "min_samples_split": 5,
        "min_samples_leaf": 16,
        "criterion": "gini",
        "splitter": "best",
        "max_depth": 4,
        "class_weight": "balanced"
    },
    "parsed_tree": {
        "plas": {
            "<= 131.5000": {
                "mass": {
                    "<= 27.3500": {
                        "pedi": {
                            "<= 0.5825": {
                                "value": 0
                            },
                            "> 0.5825": {
                                "value": 0
                            }
                        }
                    },
                    "> 27.3500": {
                        "age": {
                            "<= 24.5000": {
                                "skin": {
                                    "<= 31.5000": {
                                        "value": 0
                                    },
                                    "> 31.5000": {
                                        "value": 0
                                    }
                                }
                            },
                            "> 24.5000": {
                                "age": {
                                    "<= 41.5000": {
                                        "value": 0
                                    },
                                    "> 41.5000": {
                                        "value": 1
                                    }
                                }
                            }
                        }
                    }
                }
            },
            "> 131.5000": {
                "mass": {
                    "<= 29.9500": {
                        "value": 0
                    },
                    "> 29.9500": {
                        "plas": {
                            "<= 154.5000": {
                                "value": 1
                            },
                            "> 154.5000": {
                                "pedi": {
                                    "<= 0.6040": {
                                        "value": 1
                                    },
                                    "> 0.6040": {
                                        "value": 1
                                    }
                                }
                            }
                        }
                    }
                }
            }
        }
    },
    "native_representation": "|--- plas <= 131.50\n|   |--- mass <= 27.35\n|   |   |--- pedi <= 0.58\n|   |   |   |--- class: 0\n|   |   |--- pedi >  0.58\n|   |   |   |--- class: 0\n|   |--- mass >  27.35\n|   |   |--- age <= 24.50\n|   |   |   |--- skin <= 31.50\n|   |   |   |   |--- class: 0\n|   |   |   |--- skin >  31.50\n|   |   |   |   |--- class: 0\n|   |   |--- age >  24.50\n|   |   |   |--- age <= 41.50\n|   |   |   |   |--- class: 0\n|   |   |   |--- age >  41.50\n|   |   |   |   |--- class: 1\n|--- plas >  131.50\n|   |--- mass <= 29.95\n|   |   |--- class: 0\n|   |--- mass >  29.95\n|   |   |--- plas <= 154.50\n|   |   |   |--- class: 1\n|   |   |--- plas >  154.50\n|   |   |   |--- pedi <= 0.60\n|   |   |   |   |--- class: 1\n|   |   |   |--- pedi >  0.60\n|   |   |   |   |--- class: 1\n"
}