{
    "train": {
        "accuracy": 0.8043478260869565,
        "balanced_accuracy": 0.8207297726070861,
        "precision": 0.6585365853658537,
        "recall": 0.8709677419354839,
        "roc_auc": 0.8967036841177508
    },
    "test": {
        "accuracy": 0.6915584415584416,
        "balanced_accuracy": 0.669263556713237,
        "precision": 0.5344827586206896,
        "recall": 0.6019417475728155,
        "roc_auc": 0.7358749704001895
    },
    "hyperparameters": {
        "min_samples_split": 6,
        "min_samples_leaf": 5,
        "criterion": "gini",
        "splitter": "best",
        "max_depth": 4,
        "class_weight": "balanced"
    },
    "parsed_tree": {
        "plas": {
            "<= 123.5000": {
                "age": {
                    "<= 39.5000": {
                        "age": {
                            "<= 26.5000": {
                                "preg": {
                                    "<= 0.5000": {
                                        "value": 0
                                    },
                                    "> 0.5000": {
                                        "value": 0
                                    }
                                }
                            },
                            "> 26.5000": {
                                "mass": {
                                    "<= 26.3500": {
                                        "value": 0
                                    },
                                    "> 26.3500": {
                                        "value": 0
                                    }
                                }
                            }
                        }
                    },
                    "> 39.5000": {
                        "age": {
                            "<= 51.0000": {
                                "mass": {
                                    "<= 34.2500": {
                                        "value": 1
                                    },
                                    "> 34.2500": {
                                        "value": 1
                                    }
                                }
                            },
                            "> 51.0000": {
                                "preg": {
                                    "<= 7.0000": {
                                        "value": 0
                                    },
                                    "> 7.0000": {
                                        "value": 0
                                    }
                                }
                            }
                        }
                    }
                }
            },
            "> 123.5000": {
                "mass": {
                    "<= 27.1000": {
                        "plas": {
                            "<= 139.0000": {
                                "value": 0
                            },
                            "> 139.0000": {
                                "value": 0
                            }
                        }
                    },
                    "> 27.1000": {
                        "plas": {
                            "<= 160.5000": {
                                "age": {
                                    "<= 23.5000": {
                                        "value": 0
                                    },
                                    "> 23.5000": {
                                        "value": 1
                                    }
                                }
                            },
                            "> 160.5000": {
                                "plas": {
                                    "<= 188.5000": {
                                        "value": 1
                                    },
                                    "> 188.5000": {
                                        "value": 1
                                    }
                                }
                            }
                        }
                    }
                }
            }
        }
    },
    "native_representation": "|--- plas <= 123.50\n|   |--- age <= 39.50\n|   |   |--- age <= 26.50\n|   |   |   |--- preg <= 0.50\n|   |   |   |   |--- class: 0\n|   |   |   |--- preg >  0.50\n|   |   |   |   |--- class: 0\n|   |   |--- age >  26.50\n|   |   |   |--- mass <= 26.35\n|   |   |   |   |--- class: 0\n|   |   |   |--- mass >  26.35\n|   |   |   |   |--- class: 0\n|   |--- age >  39.50\n|   |   |--- age <= 51.00\n|   |   |   |--- mass <= 34.25\n|   |   |   |   |--- class: 1\n|   |   |   |--- mass >  34.25\n|   |   |   |   |--- class: 1\n|   |   |--- age >  51.00\n|   |   |   |--- preg <= 7.00\n|   |   |   |   |--- class: 0\n|   |   |   |--- preg >  7.00\n|   |   |   |   |--- class: 0\n|--- plas >  123.50\n|   |--- mass <= 27.10\n|   |   |--- plas <= 139.00\n|   |   |   |--- class: 0\n|   |   |--- plas >  139.00\n|   |   |   |--- class: 0\n|   |--- mass >  27.10\n|   |   |--- plas <= 160.50\n|   |   |   |--- age <= 23.50\n|   |   |   |   |--- class: 0\n|   |   |   |--- age >  23.50\n|   |   |   |   |--- class: 1\n|   |   |--- plas >  160.50\n|   |   |   |--- plas <= 188.50\n|   |   |   |   |--- class: 1\n|   |   |   |--- plas >  188.50\n|   |   |   |   |--- class: 1\n"
}