{
    "train": {
        "accuracy": 0.7934782608695652,
        "balanced_accuracy": 0.7999045962175206,
        "precision": 0.6854838709677419,
        "recall": 0.8252427184466019,
        "roc_auc": 0.8827936472304844
    },
    "test": {
        "accuracy": 0.7402597402597403,
        "balanced_accuracy": 0.7227563343594601,
        "precision": 0.6,
        "recall": 0.6699029126213593,
        "roc_auc": 0.7881837556239639
    },
    "hyperparameters": {
        "min_samples_split": 11,
        "min_samples_leaf": 5,
        "criterion": "gini",
        "splitter": "best",
        "max_depth": 4,
        "class_weight": "balanced"
    },
    "parsed_tree": {
        "plas": {
            "<= 146.5000": {
                "mass": {
                    "<= 26.4500": {
                        "mass": {
                            "<= 23.0000": {
                                "plas": {
                                    "<= 106.5000": {
                                        "value": 0
                                    },
                                    "> 106.5000": {
                                        "value": 0
                                    }
                                }
                            },
                            "> 23.0000": {
                                "value": 0
                            }
                        }
                    },
                    "> 26.4500": {
                        "age": {
                            "<= 28.5000": {
                                "preg": {
                                    "<= 0.5000": {
                                        "value": 1
                                    },
                                    "> 0.5000": {
                                        "value": 0
                                    }
                                }
                            },
                            "> 28.5000": {
                                "plas": {
                                    "<= 110.5000": {
                                        "value": 0
                                    },
                                    "> 110.5000": {
                                        "value": 1
                                    }
                                }
                            }
                        }
                    }
                }
            },
            "> 146.5000": {
                "plas": {
                    "<= 157.5000": {
                        "plas": {
                            "<= 149.5000": {
                                "value": 1
                            },
                            "> 149.5000": {
                                "preg": {
                                    "<= 6.5000": {
                                        "value": 0
                                    },
                                    "> 6.5000": {
                                        "value": 1
                                    }
                                }
                            }
                        }
                    },
                    "> 157.5000": {
                        "pedi": {
                            "<= 0.6070": {
                                "mass": {
                                    "<= 31.0500": {
                                        "value": 1
                                    },
                                    "> 31.0500": {
                                        "value": 1
                                    }
                                }
                            },
                            "> 0.6070": {
                                "age": {
                                    "<= 34.5000": {
                                        "value": 1
                                    },
                                    "> 34.5000": {
                                        "value": 1
                                    }
                                }
                            }
                        }
                    }
                }
            }
        }
    },
    "native_representation": "|--- plas <= 146.50\n|   |--- mass <= 26.45\n|   |   |--- mass <= 23.00\n|   |   |   |--- plas <= 106.50\n|   |   |   |   |--- class: 0\n|   |   |   |--- plas >  106.50\n|   |   |   |   |--- class: 0\n|   |   |--- mass >  23.00\n|   |   |   |--- class: 0\n|   |--- mass >  26.45\n|   |   |--- age <= 28.50\n|   |   |   |--- preg <= 0.50\n|   |   |   |   |--- class: 1\n|   |   |   |--- preg >  0.50\n|   |   |   |   |--- class: 0\n|   |   |--- age >  28.50\n|   |   |   |--- plas <= 110.50\n|   |   |   |   |--- class: 0\n|   |   |   |--- plas >  110.50\n|   |   |   |   |--- class: 1\n|--- plas >  146.50\n|   |--- plas <= 157.50\n|   |   |--- plas <= 149.50\n|   |   |   |--- class: 1\n|   |   |--- plas >  149.50\n|   |   |   |--- preg <= 6.50\n|   |   |   |   |--- class: 0\n|   |   |   |--- preg >  6.50\n|   |   |   |   |--- class: 1\n|   |--- plas >  157.50\n|   |   |--- pedi <= 0.61\n|   |   |   |--- mass <= 31.05\n|   |   |   |   |--- class: 1\n|   |   |   |--- mass >  31.05\n|   |   |   |   |--- class: 1\n|   |   |--- pedi >  0.61\n|   |   |   |--- age <= 34.50\n|   |   |   |   |--- class: 1\n|   |   |   |--- age >  34.50\n|   |   |   |   |--- class: 1\n"
}