{
    "train": {
        "accuracy": 0.8079710144927537,
        "balanced_accuracy": 0.816535160974486,
        "precision": 0.6833333333333333,
        "recall": 0.845360824742268,
        "roc_auc": 0.89117663998157
    },
    "test": {
        "accuracy": 0.737012987012987,
        "balanced_accuracy": 0.7348093772199857,
        "precision": 0.5859375,
        "recall": 0.7281553398058253,
        "roc_auc": 0.7467203409898178
    },
    "hyperparameters": {
        "min_samples_split": 3,
        "min_samples_leaf": 7,
        "criterion": "gini",
        "splitter": "best",
        "max_depth": 4,
        "class_weight": "balanced"
    },
    "parsed_tree": {
        "plas": {
            "<= 121.5000": {
                "preg": {
                    "<= 6.5000": {
                        "mass": {
                            "<= 31.4000": {
                                "age": {
                                    "<= 35.5000": {
                                        "value": 0
                                    },
                                    "> 35.5000": {
                                        "value": 0
                                    }
                                }
                            },
                            "> 31.4000": {
                                "skin": {
                                    "<= 19.0000": {
                                        "value": 0
                                    },
                                    "> 19.0000": {
                                        "value": 0
                                    }
                                }
                            }
                        }
                    },
                    "> 6.5000": {
                        "mass": {
                            "<= 26.9500": {
                                "value": 0
                            },
                            "> 26.9500": {
                                "value": 1
                            }
                        }
                    }
                }
            },
            "> 121.5000": {
                "mass": {
                    "<= 28.0500": {
                        "plas": {
                            "<= 145.5000": {
                                "mass": {
                                    "<= 24.5000": {
                                        "value": 0
                                    },
                                    "> 24.5000": {
                                        "value": 0
                                    }
                                }
                            },
                            "> 145.5000": {
                                "value": 1
                            }
                        }
                    },
                    "> 28.0500": {
                        "pedi": {
                            "<= 0.3095": {
                                "pedi": {
                                    "<= 0.2800": {
                                        "value": 1
                                    },
                                    "> 0.2800": {
                                        "value": 0
                                    }
                                }
                            },
                            "> 0.3095": {
                                "plas": {
                                    "<= 155.5000": {
                                        "value": 1
                                    },
                                    "> 155.5000": {
                                        "value": 1
                                    }
                                }
                            }
                        }
                    }
                }
            }
        }
    },
    "native_representation": "|--- plas <= 121.50\n|   |--- preg <= 6.50\n|   |   |--- mass <= 31.40\n|   |   |   |--- age <= 35.50\n|   |   |   |   |--- class: 0\n|   |   |   |--- age >  35.50\n|   |   |   |   |--- class: 0\n|   |   |--- mass >  31.40\n|   |   |   |--- skin <= 19.00\n|   |   |   |   |--- class: 0\n|   |   |   |--- skin >  19.00\n|   |   |   |   |--- class: 0\n|   |--- preg >  6.50\n|   |   |--- mass <= 26.95\n|   |   |   |--- class: 0\n|   |   |--- mass >  26.95\n|   |   |   |--- class: 1\n|--- plas >  121.50\n|   |--- mass <= 28.05\n|   |   |--- plas <= 145.50\n|   |   |   |--- mass <= 24.50\n|   |   |   |   |--- class: 0\n|   |   |   |--- mass >  24.50\n|   |   |   |   |--- class: 0\n|   |   |--- plas >  145.50\n|   |   |   |--- class: 1\n|   |--- mass >  28.05\n|   |   |--- pedi <= 0.31\n|   |   |   |--- pedi <= 0.28\n|   |   |   |   |--- class: 1\n|   |   |   |--- pedi >  0.28\n|   |   |   |   |--- class: 0\n|   |   |--- pedi >  0.31\n|   |   |   |--- plas <= 155.50\n|   |   |   |   |--- class: 1\n|   |   |   |--- plas >  155.50\n|   |   |   |   |--- class: 1\n"
}