{
    "train": {
        "accuracy": 0.822463768115942,
        "balanced_accuracy": 0.8347923745896446,
        "precision": 0.6967213114754098,
        "recall": 0.8762886597938144,
        "roc_auc": 0.8538559004780278
    },
    "test": {
        "accuracy": 0.7045454545454546,
        "balanced_accuracy": 0.698342410608572,
        "precision": 0.546875,
        "recall": 0.6796116504854369,
        "roc_auc": 0.7275396637461522
    },
    "hyperparameters": {
        "min_sup": 6,
        "max_depth": 4,
        "time_limit": 60
    },
    "training_time": 60.051870584487915
}