{
    "train": {
        "accuracy": 0.855072463768116,
        "balanced_accuracy": 0.8549301307593018,
        "precision": 0.7787610619469026,
        "recall": 0.8543689320388349,
        "roc_auc": 0.8934564229193558
    },
    "test": {
        "accuracy": 0.6915584415584416,
        "balanced_accuracy": 0.669263556713237,
        "precision": 0.5344827586206896,
        "recall": 0.6019417475728155,
        "roc_auc": 0.6843949798721289
    },
    "hyperparameters": {
        "min_sup": 8,
        "max_depth": 4,
        "time_limit": 60
    },
    "training_time": 60.021828413009644
}