{
    "train": {
        "accuracy": 0.8369565217391305,
        "balanced_accuracy": 0.8320994182971972,
        "precision": 0.7307692307692307,
        "recall": 0.8172043010752689,
        "roc_auc": 0.8757565074328691
    },
    "test": {
        "accuracy": 0.6818181818181818,
        "balanced_accuracy": 0.6450390717499408,
        "precision": 0.5238095238095238,
        "recall": 0.5339805825242718,
        "roc_auc": 0.6713000236798485
    },
    "hyperparameters": {
        "min_sup": 10,
        "max_depth": 4,
        "time_limit": 60
    },
    "training_time": 60.182456970214844
}