{
    "train": {
        "accuracy": 0.855072463768116,
        "balanced_accuracy": 0.8646547255658584,
        "precision": 0.7435897435897436,
        "recall": 0.8969072164948454,
        "roc_auc": 0.8995277313828255
    },
    "test": {
        "accuracy": 0.6688311688311688,
        "balanced_accuracy": 0.6594364196069145,
        "precision": 0.5038759689922481,
        "recall": 0.6310679611650486,
        "roc_auc": 0.6580866682453232
    },
    "hyperparameters": {
        "min_sup": 9,
        "max_depth": 4,
        "time_limit": 60
    },
    "training_time": 60.165319204330444
}