{
    "train": {
        "accuracy": 0.782608695652174,
        "balanced_accuracy": 0.7951624670295752,
        "precision": 0.6641221374045801,
        "recall": 0.8446601941747572,
        "roc_auc": 0.8459790111678546
    },
    "test": {
        "accuracy": 0.685064935064935,
        "balanced_accuracy": 0.6812929197253137,
        "precision": 0.5227272727272727,
        "recall": 0.6699029126213593,
        "roc_auc": 0.7308548425290078
    },
    "hyperparameters": {
        "min_sup": 10,
        "max_depth": 4,
        "time_limit": 60
    },
    "training_time": 60.06380486488342
}