{
    "train": {
        "accuracy": 0.7024749868351764,
        "balanced_accuracy": 0.7010518041872331,
        "precision": 0.7099056603773585,
        "recall": 0.6536373507057546,
        "roc_auc": 0.7233540718832779
    },
    "test": {
        "accuracy": 0.6723484848484849,
        "balanced_accuracy": 0.6702763053776029,
        "precision": 0.6406570841889117,
        "recall": 0.6459627329192547,
        "roc_auc": 0.6812398151460295
    },
    "hyperparameters": {
        "min_sup": 3,
        "max_depth": 3,
        "time_limit": 60
    },
    "training_time": 1.842632532119751
}