{
    "train": {
        "accuracy": 0.6898367561874671,
        "balanced_accuracy": 0.6898467968427637,
        "precision": 0.6867845993756504,
        "recall": 0.6962025316455697,
        "roc_auc": 0.718095986015165
    },
    "test": {
        "accuracy": 0.6548295454545454,
        "balanced_accuracy": 0.6575477220253,
        "precision": 0.6082191780821918,
        "recall": 0.6894409937888198,
        "roc_auc": 0.69050057992694
    },
    "hyperparameters": {
        "min_sup": 2,
        "max_depth": 3,
        "time_limit": 60
    },
    "training_time": 2.0223653316497803
}