{
    "train": {
        "accuracy": 0.6956292785676672,
        "balanced_accuracy": 0.6932232946260269,
        "precision": 0.6979542719614922,
        "recall": 0.639470782800441,
        "roc_auc": 0.7184754774691468
    },
    "test": {
        "accuracy": 0.6728219696969697,
        "balanced_accuracy": 0.6698183256913055,
        "precision": 0.6445846477392219,
        "recall": 0.634575569358178,
        "roc_auc": 0.676318565972561
    },
    "hyperparameters": {
        "min_sup": 1,
        "max_depth": 3,
        "time_limit": 60
    },
    "training_time": 1.9593169689178467
}