{
    "train": {
        "accuracy": 0.6877303844128488,
        "balanced_accuracy": 0.6878999097382409,
        "precision": 0.656989247311828,
        "recall": 0.6903954802259887,
        "roc_auc": 0.7097176255585642
    },
    "test": {
        "accuracy": 0.6642992424242424,
        "balanced_accuracy": 0.6653794456548838,
        "precision": 0.6220322886989553,
        "recall": 0.6780538302277432,
        "roc_auc": 0.6896889532047739
    },
    "hyperparameters": {
        "min_sup": 7,
        "max_depth": 3,
        "time_limit": 60
    },
    "training_time": 1.7877013683319092
}