{
    "train": {
        "accuracy": 0.6908899420747762,
        "balanced_accuracy": 0.6878167762711638,
        "precision": 0.6932515337423313,
        "recall": 0.6263858093126385,
        "roc_auc": 0.7075511456764974
    },
    "test": {
        "accuracy": 0.6642992424242424,
        "balanced_accuracy": 0.6613958353657876,
        "precision": 0.6345549738219896,
        "recall": 0.6273291925465838,
        "roc_auc": 0.6770683157548626
    },
    "hyperparameters": {
        "min_sup": 8,
        "max_depth": 3,
        "time_limit": 60
    },
    "training_time": 1.7611660957336426
}