{
    "train": {
        "accuracy": 0.7777777777777778,
        "balanced_accuracy": 0.6964279316398553,
        "precision": 0.7929824561403509,
        "recall": 0.9149797570850202,
        "roc_auc": 0.8277919099996417
    },
    "test": {
        "accuracy": 0.7125,
        "balanced_accuracy": 0.6229803042811652,
        "precision": 0.7620578778135049,
        "recall": 0.8525179856115108,
        "roc_auc": 0.697841726618705
    },
    "hyperparameters": {
        "min_samples_split": 8,
        "min_samples_leaf": 11,
        "max_depth": 4
    }
}