{
    "train": {
        "accuracy": 0.7555555555555555,
        "balanced_accuracy": 0.7592592592592593,
        "precision": 0.883177570093458,
        "recall": 0.75,
        "roc_auc": 0.828777189888301
    },
    "test": {
        "accuracy": 0.6975,
        "balanced_accuracy": 0.6926819200377403,
        "precision": 0.8340425531914893,
        "recall": 0.7050359712230215,
        "roc_auc": 0.7047263828281637
    },
    "hyperparameters": {
        "min_samples_split": 2,
        "min_samples_leaf": 11,
        "max_depth": 4
    }
}