{
    "train": {
        "accuracy": 0.775,
        "balanced_accuracy": 0.6962139423076923,
        "precision": 0.8158844765342961,
        "recall": 0.8828125,
        "roc_auc": 0.8171762319711537
    },
    "test": {
        "accuracy": 0.6775,
        "balanced_accuracy": 0.5817018516334473,
        "precision": 0.7395498392282959,
        "recall": 0.8273381294964028,
        "roc_auc": 0.6845736525533672
    },
    "hyperparameters": {
        "min_samples_split": 13,
        "min_samples_leaf": 14,
        "max_depth": 4
    }
}