{
    "train": {
        "accuracy": 0.775,
        "balanced_accuracy": 0.6759103641456583,
        "precision": 0.797945205479452,
        "recall": 0.9137254901960784,
        "roc_auc": 0.8245564892623717
    },
    "test": {
        "accuracy": 0.715,
        "balanced_accuracy": 0.6178794669182687,
        "precision": 0.7578616352201258,
        "recall": 0.8669064748201439,
        "roc_auc": 0.7151934190352636
    },
    "hyperparameters": {
        "min_samples_split": 2,
        "min_samples_leaf": 16,
        "max_depth": 4
    }
}