{
    "train": {
        "accuracy": 0.7833333333333333,
        "balanced_accuracy": 0.6679007215443316,
        "precision": 0.7953795379537953,
        "recall": 0.9377431906614786,
        "roc_auc": 0.7833855917796835
    },
    "test": {
        "accuracy": 0.715,
        "balanced_accuracy": 0.5971812713763416,
        "precision": 0.7440476190476191,
        "recall": 0.8992805755395683,
        "roc_auc": 0.6770698195541929
    },
    "hyperparameters": {
        "min_samples_split": 16,
        "min_samples_leaf": 6,
        "max_depth": 4
    }
}