{
    "train": {
        "accuracy": 0.7527777777777778,
        "balanced_accuracy": 0.6662068718426427,
        "precision": 0.7762237762237763,
        "recall": 0.8987854251012146,
        "roc_auc": 0.7821468238328975
    },
    "test": {
        "accuracy": 0.6875,
        "balanced_accuracy": 0.5796968982191296,
        "precision": 0.7368421052631579,
        "recall": 0.8561151079136691,
        "roc_auc": 0.7159305342611157
    },
    "hyperparameters": {
        "min_samples_split": 4,
        "min_samples_leaf": 9,
        "max_depth": 3
    }
}