{
    "train": {
        "accuracy": 0.7722222222222223,
        "balanced_accuracy": 0.636847871255336,
        "precision": 0.7777777777777778,
        "recall": 0.953307392996109,
        "roc_auc": 0.7604170601790639
    },
    "test": {
        "accuracy": 0.695,
        "balanced_accuracy": 0.5574949876164642,
        "precision": 0.7228571428571429,
        "recall": 0.9100719424460432,
        "roc_auc": 0.6867260290128553
    },
    "hyperparameters": {
        "min_samples_split": 13,
        "min_samples_leaf": 5,
        "max_depth": 3
    }
}