{
    "train": {
        "accuracy": 0.7694444444444445,
        "balanced_accuracy": 0.6237980769230769,
        "precision": 0.7678018575851393,
        "recall": 0.96875,
        "roc_auc": 0.7784329927884616
    },
    "test": {
        "accuracy": 0.7,
        "balanced_accuracy": 0.5702913079372568,
        "precision": 0.7296511627906976,
        "recall": 0.9028776978417267,
        "roc_auc": 0.6874631442387074
    },
    "hyperparameters": {
        "min_samples_split": 10,
        "min_samples_leaf": 6,
        "max_depth": 3
    }
}