{
    "train": {
        "accuracy": 0.7388888888888889,
        "balanced_accuracy": 0.5912698412698413,
        "precision": 0.7423312883435583,
        "recall": 0.9603174603174603,
        "roc_auc": 0.805812757201646
    },
    "test": {
        "accuracy": 0.705,
        "balanced_accuracy": 0.557789833706805,
        "precision": 0.7222222222222222,
        "recall": 0.935251798561151,
        "roc_auc": 0.6903673782285648
    },
    "hyperparameters": {
        "min_samples_split": 16,
        "min_samples_leaf": 14,
        "max_depth": 3
    }
}