{
    "train": {
        "accuracy": 0.75,
        "balanced_accuracy": 0.6862745098039216,
        "precision": 0.8136882129277566,
        "recall": 0.8392156862745098,
        "roc_auc": 0.7942110177404296
    },
    "test": {
        "accuracy": 0.7,
        "balanced_accuracy": 0.6300860950583795,
        "precision": 0.7705479452054794,
        "recall": 0.8093525179856115,
        "roc_auc": 0.7068787592876519
    },
    "hyperparameters": {
        "min_samples_split": 10,
        "min_samples_leaf": 13,
        "max_depth": 3
    }
}