{
    "train": {
        "accuracy": 0.631578947368421,
        "balanced_accuracy": 0.7357456140350878,
        "precision": 0.4230769230769231,
        "recall": 0.9649122807017544,
        "roc_auc": 0.7991112650046168
    },
    "test": {
        "accuracy": 0.5769230769230769,
        "balanced_accuracy": 0.6767807668245598,
        "precision": 0.3961038961038961,
        "recall": 0.9104477611940298,
        "roc_auc": 0.7048440432567701
    },
    "hyperparameters": {
        "min_samples_split": 6,
        "min_samples_leaf": 12,
        "criterion": "gini",
        "splitter": "best",
        "max_depth": 3,
        "class_weight": "balanced"
    },
    "parsed_tree": {
        "sgot_aspartate_aminotransferase": {
            "<= 64.5000": {
                "age": {
                    "<= 25.5000": {
                        "value": 1
                    },
                    "> 25.5000": {
                        "age": {
                            "<= 65.5000": {
                                "value": 1
                            },
                            "> 65.5000": {
                                "value": 0
                            }
                        }
                    }
                }
            },
            "> 64.5000": {
                "albumin_globulin_ratio": {
                    "<= 0.9750": {
                        "sgpt_alanine_aminotransferase": {
                            "<= 146.5000": {
                                "value": 0
                            },
                            "> 146.5000": {
                                "value": 0
                            }
                        }
                    },
                    "> 0.9750": {
                        "sgot_aspartate_aminotransferase": {
                            "<= 151.0000": {
                                "value": 1
                            },
                            "> 151.0000": {
                                "value": 0
                            }
                        }
                    }
                }
            }
        }
    },
    "native_representation": "|--- sgot_aspartate_aminotransferase <= 64.50\n|   |--- age <= 25.50\n|   |   |--- class: 1\n|   |--- age >  25.50\n|   |   |--- age <= 65.50\n|   |   |   |--- class: 1\n|   |   |--- age >  65.50\n|   |   |   |--- class: 0\n|--- sgot_aspartate_aminotransferase >  64.50\n|   |--- albumin_globulin_ratio <= 0.97\n|   |   |--- sgpt_alanine_aminotransferase <= 146.50\n|   |   |   |--- class: 0\n|   |   |--- sgpt_alanine_aminotransferase >  146.50\n|   |   |   |--- class: 0\n|   |--- albumin_globulin_ratio >  0.97\n|   |   |--- sgot_aspartate_aminotransferase <= 151.00\n|   |   |   |--- class: 1\n|   |   |--- sgot_aspartate_aminotransferase >  151.00\n|   |   |   |--- class: 0\n"
}