{
    "train": {
        "accuracy": 0.6411483253588517,
        "balanced_accuracy": 0.7115677321156773,
        "precision": 0.45161290322580644,
        "recall": 0.8888888888888888,
        "roc_auc": 0.7548380082626658
    },
    "test": {
        "accuracy": 0.5769230769230769,
        "balanced_accuracy": 0.6365626955045134,
        "precision": 0.38235294117647056,
        "recall": 0.7761194029850746,
        "roc_auc": 0.664447224953079
    },
    "hyperparameters": {
        "min_samples_split": 5,
        "min_samples_leaf": 16,
        "criterion": "gini",
        "splitter": "best",
        "max_depth": 3,
        "class_weight": "balanced"
    },
    "parsed_tree": {
        "sgot_aspartate_aminotransferase": {
            "<= 64.5000": {
                "age": {
                    "<= 24.5000": {
                        "value": 1
                    },
                    "> 24.5000": {
                        "sgot_aspartate_aminotransferase": {
                            "<= 47.5000": {
                                "value": 1
                            },
                            "> 47.5000": {
                                "value": 0
                            }
                        }
                    }
                }
            },
            "> 64.5000": {
                "albumin_globulin_ratio": {
                    "<= 1.0600": {
                        "sgot_aspartate_aminotransferase": {
                            "<= 114.0000": {
                                "value": 0
                            },
                            "> 114.0000": {
                                "value": 0
                            }
                        }
                    },
                    "> 1.0600": {
                        "value": 0
                    }
                }
            }
        }
    },
    "native_representation": "|--- sgot_aspartate_aminotransferase <= 64.50\n|   |--- age <= 24.50\n|   |   |--- class: 1\n|   |--- age >  24.50\n|   |   |--- sgot_aspartate_aminotransferase <= 47.50\n|   |   |   |--- class: 1\n|   |   |--- sgot_aspartate_aminotransferase >  47.50\n|   |   |   |--- class: 0\n|--- sgot_aspartate_aminotransferase >  64.50\n|   |--- albumin_globulin_ratio <= 1.06\n|   |   |--- sgot_aspartate_aminotransferase <= 114.00\n|   |   |   |--- class: 0\n|   |   |--- sgot_aspartate_aminotransferase >  114.00\n|   |   |   |--- class: 0\n|   |--- albumin_globulin_ratio >  1.06\n|   |   |--- class: 0\n"
}