{
    "train": {
        "accuracy": 0.7081339712918661,
        "balanced_accuracy": 0.7503954802259887,
        "precision": 0.49019607843137253,
        "recall": 0.847457627118644,
        "roc_auc": 0.8116384180790961
    },
    "test": {
        "accuracy": 0.6111111111111112,
        "balanced_accuracy": 0.6292340691750826,
        "precision": 0.39473684210526316,
        "recall": 0.6716417910447762,
        "roc_auc": 0.585128250960765
    },
    "hyperparameters": {
        "min_samples_split": 13,
        "min_samples_leaf": 8,
        "criterion": "gini",
        "splitter": "best",
        "max_depth": 3,
        "class_weight": "balanced"
    },
    "parsed_tree": {
        "sgot_aspartate_aminotransferase": {
            "<= 48.5000": {
                "alkphos_alkaline_phosphatase": {
                    "<= 212.0000": {
                        "age": {
                            "<= 48.5000": {
                                "value": 1
                            },
                            "> 48.5000": {
                                "value": 1
                            }
                        }
                    },
                    "> 212.0000": {
                        "albumin_globulin_ratio": {
                            "<= 0.7750": {
                                "value": 1
                            },
                            "> 0.7750": {
                                "value": 0
                            }
                        }
                    }
                }
            },
            "> 48.5000": {
                "total_bilirubin": {
                    "<= 0.8500": {
                        "sgpt_alanine_aminotransferase": {
                            "<= 48.5000": {
                                "value": 1
                            },
                            "> 48.5000": {
                                "value": 0
                            }
                        }
                    },
                    "> 0.8500": {
                        "alkphos_alkaline_phosphatase": {
                            "<= 350.0000": {
                                "value": 0
                            },
                            "> 350.0000": {
                                "value": 0
                            }
                        }
                    }
                }
            }
        }
    },
    "native_representation": "|--- sgot_aspartate_aminotransferase <= 48.50\n|   |--- alkphos_alkaline_phosphatase <= 212.00\n|   |   |--- age <= 48.50\n|   |   |   |--- class: 1\n|   |   |--- age >  48.50\n|   |   |   |--- class: 1\n|   |--- alkphos_alkaline_phosphatase >  212.00\n|   |   |--- albumin_globulin_ratio <= 0.78\n|   |   |   |--- class: 1\n|   |   |--- albumin_globulin_ratio >  0.78\n|   |   |   |--- class: 0\n|--- sgot_aspartate_aminotransferase >  48.50\n|   |--- total_bilirubin <= 0.85\n|   |   |--- sgpt_alanine_aminotransferase <= 48.50\n|   |   |   |--- class: 1\n|   |   |--- sgpt_alanine_aminotransferase >  48.50\n|   |   |   |--- class: 0\n|   |--- total_bilirubin >  0.85\n|   |   |--- alkphos_alkaline_phosphatase <= 350.00\n|   |   |   |--- class: 0\n|   |   |--- alkphos_alkaline_phosphatase >  350.00\n|   |   |   |--- class: 0\n"
}