{
    "train": {
        "accuracy": 0.6985645933014354,
        "balanced_accuracy": 0.7653508771929824,
        "precision": 0.4727272727272727,
        "recall": 0.9122807017543859,
        "roc_auc": 0.8347183748845799
    },
    "test": {
        "accuracy": 0.5854700854700855,
        "balanced_accuracy": 0.6202073465010278,
        "precision": 0.3790322580645161,
        "recall": 0.7014925373134329,
        "roc_auc": 0.6572973456072929
    },
    "hyperparameters": {
        "min_samples_split": 8,
        "min_samples_leaf": 9,
        "criterion": "gini",
        "splitter": "best",
        "max_depth": 3,
        "class_weight": "balanced"
    },
    "parsed_tree": {
        "alkphos_alkaline_phosphatase": {
            "<= 195.5000": {
                "albumin_globulin_ratio": {
                    "<= 0.7750": {
                        "value": 0
                    },
                    "> 0.7750": {
                        "gender": {
                            "<= 0.5000": {
                                "value": 1
                            },
                            "> 0.5000": {
                                "value": 1
                            }
                        }
                    }
                }
            },
            "> 195.5000": {
                "sgot_aspartate_aminotransferase": {
                    "<= 51.5000": {
                        "direct_bilirubin": {
                            "<= 0.5500": {
                                "value": 1
                            },
                            "> 0.5500": {
                                "value": 0
                            }
                        }
                    },
                    "> 51.5000": {
                        "albumin": {
                            "<= 3.9500": {
                                "value": 0
                            },
                            "> 3.9500": {
                                "value": 0
                            }
                        }
                    }
                }
            }
        }
    },
    "native_representation": "|--- alkphos_alkaline_phosphatase <= 195.50\n|   |--- albumin_globulin_ratio <= 0.78\n|   |   |--- class: 0\n|   |--- albumin_globulin_ratio >  0.78\n|   |   |--- gender <= 0.50\n|   |   |   |--- class: 1\n|   |   |--- gender >  0.50\n|   |   |   |--- class: 1\n|--- alkphos_alkaline_phosphatase >  195.50\n|   |--- sgot_aspartate_aminotransferase <= 51.50\n|   |   |--- direct_bilirubin <= 0.55\n|   |   |   |--- class: 1\n|   |   |--- direct_bilirubin >  0.55\n|   |   |   |--- class: 0\n|   |--- sgot_aspartate_aminotransferase >  51.50\n|   |   |--- albumin <= 3.95\n|   |   |   |--- class: 0\n|   |   |--- albumin >  3.95\n|   |   |   |--- class: 0\n"
}