{
    "train": {
        "accuracy": 0.6363636363636364,
        "balanced_accuracy": 0.7048034475509775,
        "precision": 0.46511627906976744,
        "recall": 0.8955223880597015,
        "roc_auc": 0.7655560227033845
    },
    "test": {
        "accuracy": 0.5982905982905983,
        "balanced_accuracy": 0.669407453749218,
        "precision": 0.4028776978417266,
        "recall": 0.835820895522388,
        "roc_auc": 0.6934489230494236
    },
    "hyperparameters": {
        "min_samples_split": 8,
        "min_samples_leaf": 4,
        "criterion": "gini",
        "splitter": "best",
        "max_depth": 3,
        "class_weight": "balanced"
    },
    "parsed_tree": {
        "sgot_aspartate_aminotransferase": {
            "<= 96.5000": {
                "age": {
                    "<= 25.5000": {
                        "sgot_aspartate_aminotransferase": {
                            "<= 61.0000": {
                                "value": 1
                            },
                            "> 61.0000": {
                                "value": 0
                            }
                        }
                    },
                    "> 25.5000": {
                        "total_bilirubin": {
                            "<= 1.6500": {
                                "value": 1
                            },
                            "> 1.6500": {
                                "value": 0
                            }
                        }
                    }
                }
            },
            "> 96.5000": {
                "age": {
                    "<= 49.5000": {
                        "value": 0
                    },
                    "> 49.5000": {
                        "total_proteins": {
                            "<= 6.0500": {
                                "value": 1
                            },
                            "> 6.0500": {
                                "value": 0
                            }
                        }
                    }
                }
            }
        }
    },
    "native_representation": "|--- sgot_aspartate_aminotransferase <= 96.50\n|   |--- age <= 25.50\n|   |   |--- sgot_aspartate_aminotransferase <= 61.00\n|   |   |   |--- class: 1\n|   |   |--- sgot_aspartate_aminotransferase >  61.00\n|   |   |   |--- class: 0\n|   |--- age >  25.50\n|   |   |--- total_bilirubin <= 1.65\n|   |   |   |--- class: 1\n|   |   |--- total_bilirubin >  1.65\n|   |   |   |--- class: 0\n|--- sgot_aspartate_aminotransferase >  96.50\n|   |--- age <= 49.50\n|   |   |--- class: 0\n|   |--- age >  49.50\n|   |   |--- total_proteins <= 6.05\n|   |   |   |--- class: 1\n|   |   |--- total_proteins >  6.05\n|   |   |   |--- class: 0\n"
}