{
    "train": {
        "mse": 0.21130798693240094,
        "mae": 0.35542425342549094
    },
    "test": {
        "mse": 0.27179091363887237,
        "mae": 0.38281872033582354
    },
    "hyperparameters": {
        "min_samples_split": 16,
        "min_samples_leaf": 6,
        "criterion": "squared_error",
        "splitter": "best",
        "max_depth": 3
    },
    "parsed_tree": {
        "Cadillac": {
            "<= 0.5000": {
                "Saab": {
                    "<= 0.5000": {
                        "Cylinder": {
                            "<= 1.5000": {
                                "value": "-0.5100"
                            },
                            "> 1.5000": {
                                "value": "1.1546"
                            }
                        }
                    },
                    "> 0.5000": {
                        "Doors": {
                            "<= 0.5000": {
                                "value": "0.6672"
                            },
                            "> 0.5000": {
                                "value": "1.2053"
                            }
                        }
                    }
                }
            },
            "> 0.5000": {
                "Mileage": {
                    "<= 14358.0000": {
                        "value": "3.2980"
                    },
                    "> 14358.0000": {
                        "Mileage": {
                            "<= 23213.5000": {
                                "value": "1.6784"
                            },
                            "> 23213.5000": {
                                "value": "2.0614"
                            }
                        }
                    }
                }
            }
        }
    },
    "native_representation": "|--- Cadillac <= 0.50\n|   |--- Saab <= 0.50\n|   |   |--- Cylinder <= 1.50\n|   |   |   |--- value: [-0.51]\n|   |   |--- Cylinder >  1.50\n|   |   |   |--- value: [1.15]\n|   |--- Saab >  0.50\n|   |   |--- Doors <= 0.50\n|   |   |   |--- value: [0.67]\n|   |   |--- Doors >  0.50\n|   |   |   |--- value: [1.21]\n|--- Cadillac >  0.50\n|   |--- Mileage <= 14358.00\n|   |   |--- value: [3.30]\n|   |--- Mileage >  14358.00\n|   |   |--- Mileage <= 23213.50\n|   |   |   |--- value: [1.68]\n|   |   |--- Mileage >  23213.50\n|   |   |   |--- value: [2.06]\n"
}