{
    "train": {
        "mse": 0.18535753244548928,
        "mae": 0.2845919604303487
    },
    "test": {
        "mse": 0.25495684867788637,
        "mae": 0.34312577833468383
    },
    "hyperparameters": {
        "min_samples_split": 16,
        "min_samples_leaf": 7,
        "criterion": "squared_error",
        "splitter": "best",
        "max_depth": 3
    },
    "parsed_tree": {
        "Cylinder": {
            "<= 1.5000": {
                "Saab": {
                    "<= 0.5000": {
                        "Cylinder": {
                            "<= 0.5000": {
                                "value": "-0.8128"
                            },
                            "> 0.5000": {
                                "value": "-0.1076"
                            }
                        }
                    },
                    "> 0.5000": {
                        "Mileage": {
                            "<= 16156.5000": {
                                "value": "1.4448"
                            },
                            "> 16156.5000": {
                                "value": "0.7655"
                            }
                        }
                    }
                }
            },
            "> 1.5000": {
                "Cadillac": {
                    "<= 0.5000": {
                        "value": "1.2229"
                    },
                    "> 0.5000": {
                        "Sound": {
                            "<= 0.5000": {
                                "value": "2.8012"
                            },
                            "> 0.5000": {
                                "value": "1.8941"
                            }
                        }
                    }
                }
            }
        }
    },
    "native_representation": "|--- Cylinder <= 1.50\n|   |--- Saab <= 0.50\n|   |   |--- Cylinder <= 0.50\n|   |   |   |--- value: [-0.81]\n|   |   |--- Cylinder >  0.50\n|   |   |   |--- value: [-0.11]\n|   |--- Saab >  0.50\n|   |   |--- Mileage <= 16156.50\n|   |   |   |--- value: [1.44]\n|   |   |--- Mileage >  16156.50\n|   |   |   |--- value: [0.77]\n|--- Cylinder >  1.50\n|   |--- Cadillac <= 0.50\n|   |   |--- value: [1.22]\n|   |--- Cadillac >  0.50\n|   |   |--- Sound <= 0.50\n|   |   |   |--- value: [2.80]\n|   |   |--- Sound >  0.50\n|   |   |   |--- value: [1.89]\n"
}