{
    "train": {
        "mse": 0.2085486713048342,
        "mae": 0.29271745520745057
    },
    "test": {
        "mse": 0.2820842927183381,
        "mae": 0.3362025651678006
    },
    "hyperparameters": {
        "min_samples_split": 10,
        "min_samples_leaf": 14,
        "criterion": "squared_error",
        "splitter": "best",
        "max_depth": 3
    },
    "parsed_tree": {
        "Cylinder": {
            "<= 1.5000": {
                "Saab": {
                    "<= 0.5000": {
                        "Cylinder": {
                            "<= 0.5000": {
                                "value": "-0.8217"
                            },
                            "> 0.5000": {
                                "value": "-0.1058"
                            }
                        }
                    },
                    "> 0.5000": {
                        "Mileage": {
                            "<= 21580.5000": {
                                "value": "0.9511"
                            },
                            "> 21580.5000": {
                                "value": "0.6117"
                            }
                        }
                    }
                }
            },
            "> 1.5000": {
                "Mileage": {
                    "<= 15572.5000": {
                        "value": "2.4287"
                    },
                    "> 15572.5000": {
                        "value": "1.4639"
                    }
                }
            }
        }
    },
    "native_representation": "|--- Cylinder <= 1.50\n|   |--- Saab <= 0.50\n|   |   |--- Cylinder <= 0.50\n|   |   |   |--- value: [-0.82]\n|   |   |--- Cylinder >  0.50\n|   |   |   |--- value: [-0.11]\n|   |--- Saab >  0.50\n|   |   |--- Mileage <= 21580.50\n|   |   |   |--- value: [0.95]\n|   |   |--- Mileage >  21580.50\n|   |   |   |--- value: [0.61]\n|--- Cylinder >  1.50\n|   |--- Mileage <= 15572.50\n|   |   |--- value: [2.43]\n|   |--- Mileage >  15572.50\n|   |   |--- value: [1.46]\n"
}