{
    "train": {
        "mse": 0.19931360817560903,
        "mae": 0.2926354962569272
    },
    "test": {
        "mse": 0.2235494615749375,
        "mae": 0.3048605534559604
    },
    "hyperparameters": {
        "min_samples_split": 15,
        "min_samples_leaf": 10,
        "criterion": "squared_error",
        "splitter": "best",
        "max_depth": 3
    },
    "parsed_tree": {
        "Cylinder": {
            "<= 1.5000": {
                "Saab": {
                    "<= 0.5000": {
                        "Cylinder": {
                            "<= 0.5000": {
                                "value": "-0.8294"
                            },
                            "> 0.5000": {
                                "value": "-0.1499"
                            }
                        }
                    },
                    "> 0.5000": {
                        "Doors": {
                            "<= 0.5000": {
                                "value": "0.6126"
                            },
                            "> 0.5000": {
                                "value": "1.0784"
                            }
                        }
                    }
                }
            },
            "> 1.5000": {
                "Mileage": {
                    "<= 11403.5000": {
                        "value": "2.5688"
                    },
                    "> 11403.5000": {
                        "Cadillac": {
                            "<= 0.5000": {
                                "value": "0.7547"
                            },
                            "> 0.5000": {
                                "value": "1.6943"
                            }
                        }
                    }
                }
            }
        }
    },
    "native_representation": "|--- Cylinder <= 1.50\n|   |--- Saab <= 0.50\n|   |   |--- Cylinder <= 0.50\n|   |   |   |--- value: [-0.83]\n|   |   |--- Cylinder >  0.50\n|   |   |   |--- value: [-0.15]\n|   |--- Saab >  0.50\n|   |   |--- Doors <= 0.50\n|   |   |   |--- value: [0.61]\n|   |   |--- Doors >  0.50\n|   |   |   |--- value: [1.08]\n|--- Cylinder >  1.50\n|   |--- Mileage <= 11403.50\n|   |   |--- value: [2.57]\n|   |--- Mileage >  11403.50\n|   |   |--- Cadillac <= 0.50\n|   |   |   |--- value: [0.75]\n|   |   |--- Cadillac >  0.50\n|   |   |   |--- value: [1.69]\n"
}