{
    "train": {
        "mse": 0.20956125088724675,
        "mae": 0.34556664330869297
    },
    "test": {
        "mse": 0.21880818385791145,
        "mae": 0.35257605391230035
    },
    "hyperparameters": {
        "min_samples_split": 12,
        "min_samples_leaf": 8,
        "criterion": "squared_error",
        "splitter": "best",
        "max_depth": 3
    },
    "parsed_tree": {
        "Cylinder": {
            "<= 1.5000": {
                "Saab": {
                    "<= 0.5000": {
                        "Cadillac": {
                            "<= 0.5000": {
                                "value": "-0.5287"
                            },
                            "> 0.5000": {
                                "value": "1.3184"
                            }
                        }
                    },
                    "> 0.5000": {
                        "convertible": {
                            "<= 0.5000": {
                                "value": "0.6877"
                            },
                            "> 0.5000": {
                                "value": "1.1961"
                            }
                        }
                    }
                }
            },
            "> 1.5000": {
                "Cadillac": {
                    "<= 0.5000": {
                        "value": "1.2079"
                    },
                    "> 0.5000": {
                        "Sound": {
                            "<= 0.5000": {
                                "value": "2.7351"
                            },
                            "> 0.5000": {
                                "value": "1.7711"
                            }
                        }
                    }
                }
            }
        }
    },
    "native_representation": "|--- Cylinder <= 1.50\n|   |--- Saab <= 0.50\n|   |   |--- Cadillac <= 0.50\n|   |   |   |--- value: [-0.53]\n|   |   |--- Cadillac >  0.50\n|   |   |   |--- value: [1.32]\n|   |--- Saab >  0.50\n|   |   |--- convertible <= 0.50\n|   |   |   |--- value: [0.69]\n|   |   |--- convertible >  0.50\n|   |   |   |--- value: [1.20]\n|--- Cylinder >  1.50\n|   |--- Cadillac <= 0.50\n|   |   |--- value: [1.21]\n|   |--- Cadillac >  0.50\n|   |   |--- Sound <= 0.50\n|   |   |   |--- value: [2.74]\n|   |   |--- Sound >  0.50\n|   |   |   |--- value: [1.77]\n"
}