{
    "train": {
        "accuracy": 0.8086124401913876,
        "balanced_accuracy": 0.6546052631578947,
        "precision": 0.9473684210526315,
        "recall": 0.3157894736842105,
        "roc_auc": 0.8726338873499537
    },
    "test": {
        "accuracy": 0.7136752136752137,
        "balanced_accuracy": 0.5491554205022791,
        "precision": 0.5,
        "recall": 0.16417910447761194,
        "roc_auc": 0.6730717669139333
    },
    "hyperparameters": {
        "min_samples_split": 2,
        "min_samples_leaf": 1,
        "max_depth": 4
    }
}