{
    "train": {
        "accuracy": 0.7559808612440191,
        "balanced_accuracy": 0.6824679419802396,
        "precision": 0.6666666666666666,
        "recall": 0.47761194029850745,
        "roc_auc": 0.7800084086609208
    },
    "test": {
        "accuracy": 0.7094017094017094,
        "balanced_accuracy": 0.5953168290285101,
        "precision": 0.4888888888888889,
        "recall": 0.3283582089552239,
        "roc_auc": 0.6762892126195371
    },
    "hyperparameters": {
        "min_samples_split": 7,
        "min_samples_leaf": 16,
        "max_depth": 4
    }
}