{
    "train": {
        "accuracy": 0.7368421052631579,
        "balanced_accuracy": 0.6176342683191998,
        "precision": 0.625,
        "recall": 0.31746031746031744,
        "roc_auc": 0.7645140247879973
    },
    "test": {
        "accuracy": 0.7051282051282052,
        "balanced_accuracy": 0.5744481186879972,
        "precision": 0.47368421052631576,
        "recall": 0.26865671641791045,
        "roc_auc": 0.659263562427384
    },
    "hyperparameters": {
        "min_samples_split": 6,
        "min_samples_leaf": 12,
        "max_depth": 4
    }
}