{
    "train": {
        "accuracy": 0.7799043062200957,
        "balanced_accuracy": 0.7225877192982456,
        "precision": 0.5964912280701754,
        "recall": 0.5964912280701754,
        "roc_auc": 0.8413550323176362
    },
    "test": {
        "accuracy": 0.717948717948718,
        "balanced_accuracy": 0.6593976226651175,
        "precision": 0.5072463768115942,
        "recall": 0.5223880597014925,
        "roc_auc": 0.6747698632585575
    },
    "hyperparameters": {
        "min_samples_split": 9,
        "min_samples_leaf": 7,
        "max_depth": 4
    }
}