{
    "train": {
        "accuracy": 0.7942583732057417,
        "balanced_accuracy": 0.7178531073446328,
        "precision": 0.6666666666666666,
        "recall": 0.5423728813559322,
        "roc_auc": 0.8275141242937852
    },
    "test": {
        "accuracy": 0.6495726495726496,
        "balanced_accuracy": 0.5489319867727231,
        "precision": 0.3684210526315789,
        "recall": 0.31343283582089554,
        "roc_auc": 0.6201626597551165
    },
    "hyperparameters": {
        "min_samples_split": 4,
        "min_samples_leaf": 3,
        "max_depth": 4
    }
}