{
    "train": {
        "accuracy": 0.717391304347826,
        "balanced_accuracy": 0.727812014052871,
        "precision": 0.5736434108527132,
        "recall": 0.7628865979381443,
        "roc_auc": 0.727812014052871
    },
    "test": {
        "accuracy": 0.711038961038961,
        "balanced_accuracy": 0.7008051148472649,
        "precision": 0.5564516129032258,
        "recall": 0.6699029126213593,
        "roc_auc": 0.700805114847265
    },
    "hyperparameters": {
        "regularization": 0.04230859464716792,
        "depth_budget": 4,
        "time_limit": 60,
        "diagnostics": true,
        "objective": "bacc",
        "theta": null,
        "w": null
    }
}