{
    "train": {
        "accuracy": 0.6992753623188406,
        "balanced_accuracy": 0.7011897412873899,
        "precision": 0.5793650793650794,
        "recall": 0.7087378640776699,
        "roc_auc": 0.70118974128739
    },
    "test": {
        "accuracy": 0.7337662337662337,
        "balanced_accuracy": 0.7154629410371773,
        "precision": 0.591304347826087,
        "recall": 0.6601941747572816,
        "roc_auc": 0.7154629410371774
    },
    "hyperparameters": {
        "regularization": 0.05508847403053525,
        "depth_budget": 4,
        "time_limit": 60,
        "diagnostics": true,
        "objective": "bacc",
        "theta": null,
        "w": null
    }
}