{
    "train": {
        "accuracy": 0.6992753623188406,
        "balanced_accuracy": 0.7327362782929217,
        "precision": 0.5466666666666666,
        "recall": 0.845360824742268,
        "roc_auc": 0.7672637217070782
    },
    "test": {
        "accuracy": 0.6525974025974026,
        "balanced_accuracy": 0.6858868103244139,
        "precision": 0.4879518072289157,
        "recall": 0.7864077669902912,
        "roc_auc": 0.7139947904333412
    },
    "hyperparameters": {
        "regularization": 0.006314845256226206,
        "depth_budget": 4,
        "time_limit": 60,
        "diagnostics": true,
        "objective": "bacc",
        "theta": null,
        "w": null
    }
}