{
    "train": {
        "accuracy": 0.75,
        "balanced_accuracy": 0.765222515292665,
        "precision": 0.625,
        "recall": 0.8252427184466019,
        "roc_auc": 0.7873898647511084
    },
    "test": {
        "accuracy": 0.685064935064935,
        "balanced_accuracy": 0.6957849869760834,
        "precision": 0.5208333333333334,
        "recall": 0.7281553398058253,
        "roc_auc": 0.7132843949798722
    },
    "hyperparameters": {
        "regularization": 0.0208316516298055,
        "depth_budget": 4,
        "time_limit": 60,
        "diagnostics": true,
        "objective": "bacc",
        "theta": null,
        "w": null
    }
}