{
    "train": {
        "accuracy": 1.0,
        "balanced_accuracy": 1.0,
        "precision": 1.0,
        "recall": 1.0,
        "roc_auc": 1.0
    },
    "test": {
        "accuracy": 0.9571428571428572,
        "balanced_accuracy": 0.9555555555555555,
        "precision": 0.9313725490196079,
        "recall": 0.95,
        "roc_auc": 0.9555555555555556
    },
    "hyperparameters": {
        "min_sup": 2,
        "max_depth": 4,
        "time_limit": 60
    },
    "training_time": 0.012650728225708008
}