{
    "train": {
        "accuracy": 1.0,
        "balanced_accuracy": 1.0,
        "precision": 1.0,
        "recall": 1.0,
        "roc_auc": 1.0
    },
    "test": {
        "accuracy": 0.9428571428571428,
        "balanced_accuracy": 0.9466666666666667,
        "precision": 0.8888888888888888,
        "recall": 0.96,
        "roc_auc": 0.9466666666666667
    },
    "hyperparameters": {
        "min_sup": 2,
        "max_depth": 4,
        "time_limit": 60
    },
    "training_time": 0.14060115814208984
}