{
    "train": {
        "accuracy": 0.9920318725099602,
        "balanced_accuracy": 0.9939024390243902,
        "precision": 0.9775280898876404,
        "recall": 1.0,
        "roc_auc": 0.9968110456966639
    },
    "test": {
        "accuracy": 0.9285714285714286,
        "balanced_accuracy": 0.9333333333333333,
        "precision": 0.8636363636363636,
        "recall": 0.95,
        "roc_auc": 0.9371944444444443
    },
    "hyperparameters": {
        "min_sup": 7,
        "max_depth": 4,
        "time_limit": 60
    },
    "training_time": 1.023648977279663
}