{
    "train": {
        "accuracy": 1.0,
        "balanced_accuracy": 1.0,
        "precision": 1.0,
        "recall": 1.0,
        "roc_auc": 1.0
    },
    "test": {
        "accuracy": 0.9357142857142857,
        "balanced_accuracy": 0.9255555555555556,
        "precision": 0.9270833333333334,
        "recall": 0.89,
        "roc_auc": 0.9255555555555557
    },
    "hyperparameters": {
        "min_sup": 1,
        "max_depth": 4,
        "time_limit": 60
    },
    "training_time": 0.17571115493774414
}