{
    "train": {
        "accuracy": 0.9920318725099602,
        "balanced_accuracy": 0.9937106918238994,
        "precision": 0.9787234042553191,
        "recall": 1.0,
        "roc_auc": 0.9993847415914684
    },
    "test": {
        "accuracy": 0.9357142857142857,
        "balanced_accuracy": 0.9344444444444444,
        "precision": 0.8942307692307693,
        "recall": 0.93,
        "roc_auc": 0.9355000000000001
    },
    "hyperparameters": {
        "min_sup": 7,
        "max_depth": 4,
        "time_limit": 60
    },
    "training_time": 0.9600105285644531
}