{
    "train": {
        "accuracy": 0.625,
        "balanced_accuracy": 0.7111744928412225,
        "precision": 0.9357142857142857,
        "recall": 0.5097276264591439,
        "roc_auc": 0.7663669676249482
    },
    "test": {
        "accuracy": 0.585,
        "balanced_accuracy": 0.6623422573416676,
        "precision": 0.8835616438356164,
        "recall": 0.46402877697841727,
        "roc_auc": 0.6540718245076071
    },
    "hyperparameters": {
        "min_samples_split": 11,
        "min_samples_leaf": 7,
        "criterion": "gini",
        "splitter": "best",
        "max_depth": 3,
        "class_weight": "balanced"
    },
    "parsed_tree": {
        "checking_status": {
            "<= 2.5000": {
                "credit_history": {
                    "<= 1.5000": {
                        "other_payment_plans": {
                            "<= 1.5000": {
                                "value": 0
                            },
                            "> 1.5000": {
                                "value": 0
                            }
                        }
                    },
                    "> 1.5000": {
                        "other_parties": {
                            "<= 1.5000": {
                                "value": 0
                            },
                            "> 1.5000": {
                                "value": 1
                            }
                        }
                    }
                }
            },
            "> 2.5000": {
                "age": {
                    "<= 28.5000": {
                        "purpose": {
                            "<= 5.5000": {
                                "value": 0
                            },
                            "> 5.5000": {
                                "value": 1
                            }
                        }
                    },
                    "> 28.5000": {
                        "existing_credits": {
                            "<= 1.5000": {
                                "value": 1
                            },
                            "> 1.5000": {
                                "value": 1
                            }
                        }
                    }
                }
            }
        }
    },
    "native_representation": "|--- checking_status <= 2.50\n|   |--- credit_history <= 1.50\n|   |   |--- other_payment_plans <= 1.50\n|   |   |   |--- class: 0\n|   |   |--- other_payment_plans >  1.50\n|   |   |   |--- class: 0\n|   |--- credit_history >  1.50\n|   |   |--- other_parties <= 1.50\n|   |   |   |--- class: 0\n|   |   |--- other_parties >  1.50\n|   |   |   |--- class: 1\n|--- checking_status >  2.50\n|   |--- age <= 28.50\n|   |   |--- purpose <= 5.50\n|   |   |   |--- class: 0\n|   |   |--- purpose >  5.50\n|   |   |   |--- class: 1\n|   |--- age >  28.50\n|   |   |--- existing_credits <= 1.50\n|   |   |   |--- class: 1\n|   |   |--- existing_credits >  1.50\n|   |   |   |--- class: 1\n"
}