{
    "train": {
        "accuracy": 0.6888888888888889,
        "balanced_accuracy": 0.7467787114845938,
        "precision": 0.9281437125748503,
        "recall": 0.6078431372549019,
        "roc_auc": 0.8110364145658263
    },
    "test": {
        "accuracy": 0.6475,
        "balanced_accuracy": 0.6820084915674018,
        "precision": 0.8549222797927462,
        "recall": 0.5935251798561151,
        "roc_auc": 0.6958662578134214
    },
    "hyperparameters": {
        "min_samples_split": 13,
        "min_samples_leaf": 12,
        "criterion": "gini",
        "splitter": "best",
        "max_depth": 3,
        "class_weight": "balanced"
    },
    "parsed_tree": {
        "checking_status": {
            "<= 1.5000": {
                "purpose": {
                    "<= 5.5000": {
                        "property_magnitude": {
                            "<= 0.5000": {
                                "value": 0
                            },
                            "> 0.5000": {
                                "value": 0
                            }
                        }
                    },
                    "> 5.5000": {
                        "duration": {
                            "<= 11.0000": {
                                "value": 1
                            },
                            "> 11.0000": {
                                "value": 0
                            }
                        }
                    }
                }
            },
            "> 1.5000": {
                "credit_history": {
                    "<= 2.5000": {
                        "purpose": {
                            "<= 5.5000": {
                                "value": 0
                            },
                            "> 5.5000": {
                                "value": 1
                            }
                        }
                    },
                    "> 2.5000": {
                        "purpose": {
                            "<= 6.5000": {
                                "value": 1
                            },
                            "> 6.5000": {
                                "value": 1
                            }
                        }
                    }
                }
            }
        }
    },
    "native_representation": "|--- checking_status <= 1.50\n|   |--- purpose <= 5.50\n|   |   |--- property_magnitude <= 0.50\n|   |   |   |--- class: 0\n|   |   |--- property_magnitude >  0.50\n|   |   |   |--- class: 0\n|   |--- purpose >  5.50\n|   |   |--- duration <= 11.00\n|   |   |   |--- class: 1\n|   |   |--- duration >  11.00\n|   |   |   |--- class: 0\n|--- checking_status >  1.50\n|   |--- credit_history <= 2.50\n|   |   |--- purpose <= 5.50\n|   |   |   |--- class: 0\n|   |   |--- purpose >  5.50\n|   |   |   |--- class: 1\n|   |--- credit_history >  2.50\n|   |   |--- purpose <= 6.50\n|   |   |   |--- class: 1\n|   |   |--- purpose >  6.50\n|   |   |   |--- class: 1\n"
}