{
    "train": {
        "accuracy": 0.675,
        "balanced_accuracy": 0.7400841346153846,
        "precision": 0.9316770186335404,
        "recall": 0.5859375,
        "roc_auc": 0.8051194411057692
    },
    "test": {
        "accuracy": 0.6225,
        "balanced_accuracy": 0.6709222785705862,
        "precision": 0.8587570621468926,
        "recall": 0.5467625899280576,
        "roc_auc": 0.7148838306404057
    },
    "hyperparameters": {
        "min_samples_split": 8,
        "min_samples_leaf": 4,
        "criterion": "gini",
        "splitter": "best",
        "max_depth": 3,
        "class_weight": "balanced"
    },
    "parsed_tree": {
        "checking_status": {
            "<= 1.5000": {
                "property_magnitude": {
                    "<= 2.5000": {
                        "credit_history": {
                            "<= 2.5000": {
                                "value": 0
                            },
                            "> 2.5000": {
                                "value": 0
                            }
                        }
                    },
                    "> 2.5000": {
                        "other_parties": {
                            "<= 1.5000": {
                                "value": 0
                            },
                            "> 1.5000": {
                                "value": 1
                            }
                        }
                    }
                }
            },
            "> 1.5000": {
                "purpose": {
                    "<= 4.5000": {
                        "employment": {
                            "<= 0.5000": {
                                "value": 0
                            },
                            "> 0.5000": {
                                "value": 1
                            }
                        }
                    },
                    "> 4.5000": {
                        "credit_amount": {
                            "<= 821.5000": {
                                "value": 1
                            },
                            "> 821.5000": {
                                "value": 1
                            }
                        }
                    }
                }
            }
        }
    },
    "native_representation": "|--- checking_status <= 1.50\n|   |--- property_magnitude <= 2.50\n|   |   |--- credit_history <= 2.50\n|   |   |   |--- class: 0\n|   |   |--- credit_history >  2.50\n|   |   |   |--- class: 0\n|   |--- property_magnitude >  2.50\n|   |   |--- other_parties <= 1.50\n|   |   |   |--- class: 0\n|   |   |--- other_parties >  1.50\n|   |   |   |--- class: 1\n|--- checking_status >  1.50\n|   |--- purpose <= 4.50\n|   |   |--- employment <= 0.50\n|   |   |   |--- class: 0\n|   |   |--- employment >  0.50\n|   |   |   |--- class: 1\n|   |--- purpose >  4.50\n|   |   |--- credit_amount <= 821.50\n|   |   |   |--- class: 1\n|   |   |--- credit_amount >  821.50\n|   |   |   |--- class: 1\n"
}