{
    "train": {
        "accuracy": 0.725,
        "balanced_accuracy": 0.7323814983339901,
        "precision": 0.8627450980392157,
        "recall": 0.7125506072874493,
        "roc_auc": 0.7877897603095553
    },
    "test": {
        "accuracy": 0.6375,
        "balanced_accuracy": 0.6357176553838897,
        "precision": 0.7982062780269058,
        "recall": 0.6402877697841727,
        "roc_auc": 0.7156651727798089
    },
    "hyperparameters": {
        "min_samples_split": 11,
        "min_samples_leaf": 16,
        "criterion": "gini",
        "splitter": "best",
        "max_depth": 3,
        "class_weight": "balanced"
    },
    "parsed_tree": {
        "checking_status": {
            "<= 1.5000": {
                "credit_history": {
                    "<= 2.5000": {
                        "property_magnitude": {
                            "<= 2.5000": {
                                "value": 0
                            },
                            "> 2.5000": {
                                "value": 1
                            }
                        }
                    },
                    "> 2.5000": {
                        "checking_status": {
                            "<= 0.5000": {
                                "value": 0
                            },
                            "> 0.5000": {
                                "value": 1
                            }
                        }
                    }
                }
            },
            "> 1.5000": {
                "purpose": {
                    "<= 3.5000": {
                        "credit_amount": {
                            "<= 2151.0000": {
                                "value": 1
                            },
                            "> 2151.0000": {
                                "value": 0
                            }
                        }
                    },
                    "> 3.5000": {
                        "age": {
                            "<= 34.5000": {
                                "value": 1
                            },
                            "> 34.5000": {
                                "value": 1
                            }
                        }
                    }
                }
            }
        }
    },
    "native_representation": "|--- checking_status <= 1.50\n|   |--- credit_history <= 2.50\n|   |   |--- property_magnitude <= 2.50\n|   |   |   |--- class: 0\n|   |   |--- property_magnitude >  2.50\n|   |   |   |--- class: 1\n|   |--- credit_history >  2.50\n|   |   |--- checking_status <= 0.50\n|   |   |   |--- class: 0\n|   |   |--- checking_status >  0.50\n|   |   |   |--- class: 1\n|--- checking_status >  1.50\n|   |--- purpose <= 3.50\n|   |   |--- credit_amount <= 2151.00\n|   |   |   |--- class: 1\n|   |   |--- credit_amount >  2151.00\n|   |   |   |--- class: 0\n|   |--- purpose >  3.50\n|   |   |--- age <= 34.50\n|   |   |   |--- class: 1\n|   |   |--- age >  34.50\n|   |   |   |--- class: 1\n"
}