{
    "train": {
        "accuracy": 0.7731958762886598,
        "balanced_accuracy": 0.7748936170212766,
        "precision": 0.7358490566037735,
        "recall": 0.8297872340425532,
        "roc_auc": 0.8676595744680852
    },
    "test": {
        "accuracy": 0.6666666666666666,
        "balanced_accuracy": 0.6816269284712483,
        "precision": 0.5806451612903226,
        "recall": 0.782608695652174,
        "roc_auc": 0.8110098176718092
    },
    "hyperparameters": {
        "min_samples_split": 3,
        "min_samples_leaf": 12,
        "max_depth": 4
    }
}