{
    "train": {
        "accuracy": 0.8041237113402062,
        "balanced_accuracy": 0.8017021276595745,
        "precision": 0.7719298245614035,
        "recall": 0.88,
        "roc_auc": 0.8897872340425532
    },
    "test": {
        "accuracy": 0.7129629629629629,
        "balanced_accuracy": 0.7331697054698457,
        "precision": 0.6153846153846154,
        "recall": 0.8695652173913043,
        "roc_auc": 0.7738429172510519
    },
    "hyperparameters": {
        "min_samples_split": 16,
        "min_samples_leaf": 12,
        "max_depth": 4
    }
}