{
    "train": {
        "accuracy": 0.8556701030927835,
        "balanced_accuracy": 0.8520886615515771,
        "precision": 0.9,
        "recall": 0.782608695652174,
        "roc_auc": 0.9249786871270247
    },
    "test": {
        "accuracy": 0.7037037037037037,
        "balanced_accuracy": 0.6942496493688639,
        "precision": 0.6590909090909091,
        "recall": 0.6304347826086957,
        "roc_auc": 0.7361500701262271
    },
    "hyperparameters": {
        "min_samples_split": 2,
        "min_samples_leaf": 12,
        "max_depth": 4
    }
}