{
    "train": {
        "accuracy": 0.8969072164948454,
        "balanced_accuracy": 0.8955319148936169,
        "precision": 0.9302325581395349,
        "recall": 0.851063829787234,
        "roc_auc": 0.9648936170212765
    },
    "test": {
        "accuracy": 0.7685185185185185,
        "balanced_accuracy": 0.759116409537167,
        "precision": 0.7441860465116279,
        "recall": 0.6956521739130435,
        "roc_auc": 0.7778751753155679
    },
    "hyperparameters": {
        "min_samples_split": 6,
        "min_samples_leaf": 3,
        "max_depth": 4
    }
}