{
    "train": {
        "accuracy": 0.865979381443299,
        "balanced_accuracy": 0.8598684210526315,
        "precision": 0.8461538461538461,
        "recall": 0.825,
        "roc_auc": 0.9469298245614035
    },
    "test": {
        "accuracy": 0.7037037037037037,
        "balanced_accuracy": 0.6998597475455821,
        "precision": 0.6458333333333334,
        "recall": 0.6739130434782609,
        "roc_auc": 0.7522791023842917
    },
    "hyperparameters": {
        "min_samples_split": 16,
        "min_samples_leaf": 5,
        "max_depth": 4
    }
}