{
    "train": {
        "accuracy": 0.6550816219062665,
        "balanced_accuracy": 0.6559887558868395,
        "precision": 0.6332665330661322,
        "recall": 0.6862106406080347,
        "roc_auc": 0.6723286904738114
    },
    "test": {
        "accuracy": 0.6349431818181818,
        "balanced_accuracy": 0.6393044128646224,
        "precision": 0.5856014047410009,
        "recall": 0.6904761904761905,
        "roc_auc": 0.6461858512279637
    },
    "hyperparameters": {
        "regularization": 0.005060213353336603,
        "depth_budget": 3,
        "time_limit": 60,
        "diagnostics": true,
        "objective": "bacc",
        "theta": null,
        "w": null
    }
}