{
    "train": {
        "accuracy": 0.6429699842022117,
        "balanced_accuracy": 0.6434475266153227,
        "precision": 0.6174004192872118,
        "recall": 0.6529933481152993,
        "roc_auc": 0.6434475266153227
    },
    "test": {
        "accuracy": 0.634469696969697,
        "balanced_accuracy": 0.6364291676151453,
        "precision": 0.5898148148148148,
        "recall": 0.6594202898550725,
        "roc_auc": 0.6364291676151453
    },
    "hyperparameters": {
        "regularization": 0.01941069798712276,
        "depth_budget": 3,
        "time_limit": 60,
        "diagnostics": true,
        "objective": "bacc",
        "theta": null,
        "w": null
    }
}