{
    "train": {
        "accuracy": 0.6519220642443391,
        "balanced_accuracy": 0.6518122163212607,
        "precision": 0.6756425948592412,
        "recall": 0.5822784810126582,
        "roc_auc": 0.6699920581045047
    },
    "test": {
        "accuracy": 0.6491477272727273,
        "balanced_accuracy": 0.6442636011837013,
        "precision": 0.6237623762376238,
        "recall": 0.5869565217391305,
        "roc_auc": 0.6551629757297865
    },
    "hyperparameters": {
        "regularization": 0.003984584072359997,
        "depth_budget": 3,
        "time_limit": 60,
        "diagnostics": true,
        "objective": "bacc",
        "theta": null,
        "w": null
    }
}