{
    "train": {
        "accuracy": 0.65086887835703,
        "balanced_accuracy": 0.6467434070135505,
        "precision": 0.6601049868766404,
        "recall": 0.5545755237045203,
        "roc_auc": 0.6486144947896291
    },
    "test": {
        "accuracy": 0.6482007575757576,
        "balanced_accuracy": 0.6404642667447129,
        "precision": 0.6328963051251489,
        "recall": 0.5496894409937888,
        "roc_auc": 0.6408815973464278
    },
    "hyperparameters": {
        "regularization": 0.0018634001737173585,
        "depth_budget": 3,
        "time_limit": 60,
        "diagnostics": true,
        "objective": "bacc",
        "theta": null,
        "w": null
    }
}