{
    "train": {
        "accuracy": 0.6477093206951027,
        "balanced_accuracy": 0.6500651890482398,
        "precision": 0.608433734939759,
        "recall": 0.6847457627118644,
        "roc_auc": 0.6545381606659313
    },
    "test": {
        "accuracy": 0.6415719696969697,
        "balanced_accuracy": 0.6454939134770685,
        "precision": 0.5927240461401952,
        "recall": 0.6915113871635611,
        "roc_auc": 0.6482426949078439
    },
    "hyperparameters": {
        "regularization": 0.0047360100133773215,
        "depth_budget": 3,
        "time_limit": 60,
        "diagnostics": true,
        "objective": "bacc",
        "theta": null,
        "w": null
    }
}