{
    "train": {
        "mse": 0.5518185664409739,
        "mae": 0.5327560628720959
    },
    "test": {
        "mse": 0.5658609375661472,
        "mae": 0.5288128373541955
    },
    "hyperparameters": {
        "min_samples_split": 11,
        "min_samples_leaf": 13,
        "criterion": "squared_error",
        "splitter": "best",
        "max_depth": 3
    },
    "parsed_tree": {
        "shell_weight": {
            "<= 0.1435": {
                "cisvera_weight": {
                    "<= 0.0312": {
                        "shell_weight": {
                            "<= 0.0220": {
                                "value": "-1.7628"
                            },
                            "> 0.0220": {
                                "value": "-1.3113"
                            }
                        }
                    },
                    "> 0.0312": {
                        "sex": {
                            "<= 0.5000": {
                                "value": "-0.8438"
                            },
                            "> 0.5000": {
                                "value": "-0.3278"
                            }
                        }
                    }
                }
            },
            "> 0.1435": {
                "shell_weight": {
                    "<= 0.3748": {
                        "shell_weight": {
                            "<= 0.2597": {
                                "value": "-0.0584"
                            },
                            "> 0.2597": {
                                "value": "0.3354"
                            }
                        }
                    },
                    "> 0.3748": {
                        "shucked_weight": {
                            "<= 0.5502": {
                                "value": "1.6059"
                            },
                            "> 0.5502": {
                                "value": "0.6965"
                            }
                        }
                    }
                }
            }
        }
    },
    "native_representation": "|--- shell_weight <= 0.14\n|   |--- cisvera_weight <= 0.03\n|   |   |--- shell_weight <= 0.02\n|   |   |   |--- value: [-1.76]\n|   |   |--- shell_weight >  0.02\n|   |   |   |--- value: [-1.31]\n|   |--- cisvera_weight >  0.03\n|   |   |--- sex <= 0.50\n|   |   |   |--- value: [-0.84]\n|   |   |--- sex >  0.50\n|   |   |   |--- value: [-0.33]\n|--- shell_weight >  0.14\n|   |--- shell_weight <= 0.37\n|   |   |--- shell_weight <= 0.26\n|   |   |   |--- value: [-0.06]\n|   |   |--- shell_weight >  0.26\n|   |   |   |--- value: [0.34]\n|   |--- shell_weight >  0.37\n|   |   |--- shucked_weight <= 0.55\n|   |   |   |--- value: [1.61]\n|   |   |--- shucked_weight >  0.55\n|   |   |   |--- value: [0.70]\n"
}