{
    "train": {
        "mse": 0.5449704428656323,
        "mae": 0.5326150293060461
    },
    "test": {
        "mse": 0.6259301845950446,
        "mae": 0.5503406603943682
    },
    "hyperparameters": {
        "min_samples_split": 8,
        "min_samples_leaf": 8,
        "criterion": "squared_error",
        "splitter": "best",
        "max_depth": 3
    },
    "parsed_tree": {
        "shell_weight": {
            "<= 0.1592": {
                "shell_weight": {
                    "<= 0.0652": {
                        "shell_weight": {
                            "<= 0.0235": {
                                "value": "-1.7769"
                            },
                            "> 0.0235": {
                                "value": "-1.1128"
                            }
                        }
                    },
                    "> 0.0652": {
                        "sex": {
                            "<= 0.5000": {
                                "value": "-0.7561"
                            },
                            "> 0.5000": {
                                "value": "-0.2642"
                            }
                        }
                    }
                }
            },
            "> 0.1592": {
                "shell_weight": {
                    "<= 0.3145": {
                        "shell_weight": {
                            "<= 0.2495": {
                                "value": "-0.0719"
                            },
                            "> 0.2495": {
                                "value": "0.2561"
                            }
                        }
                    },
                    "> 0.3145": {
                        "shucked_weight": {
                            "<= 0.4135": {
                                "value": "1.6425"
                            },
                            "> 0.4135": {
                                "value": "0.6376"
                            }
                        }
                    }
                }
            }
        }
    },
    "native_representation": "|--- shell_weight <= 0.16\n|   |--- shell_weight <= 0.07\n|   |   |--- shell_weight <= 0.02\n|   |   |   |--- value: [-1.78]\n|   |   |--- shell_weight >  0.02\n|   |   |   |--- value: [-1.11]\n|   |--- shell_weight >  0.07\n|   |   |--- sex <= 0.50\n|   |   |   |--- value: [-0.76]\n|   |   |--- sex >  0.50\n|   |   |   |--- value: [-0.26]\n|--- shell_weight >  0.16\n|   |--- shell_weight <= 0.31\n|   |   |--- shell_weight <= 0.25\n|   |   |   |--- value: [-0.07]\n|   |   |--- shell_weight >  0.25\n|   |   |   |--- value: [0.26]\n|   |--- shell_weight >  0.31\n|   |   |--- shucked_weight <= 0.41\n|   |   |   |--- value: [1.64]\n|   |   |--- shucked_weight >  0.41\n|   |   |   |--- value: [0.64]\n"
}