{
    "train": {
        "mse": 0.5372760984530623,
        "mae": 0.5273242629027693
    },
    "test": {
        "mse": 0.5624941962503517,
        "mae": 0.528604848055824
    },
    "hyperparameters": {
        "min_samples_split": 11,
        "min_samples_leaf": 14,
        "criterion": "squared_error",
        "splitter": "best",
        "max_depth": 3
    },
    "parsed_tree": {
        "shell_weight": {
            "<= 0.1538": {
                "shell_weight": {
                    "<= 0.0475": {
                        "cisvera_weight": {
                            "<= 0.0173": {
                                "value": "-1.7164"
                            },
                            "> 0.0173": {
                                "value": "-1.2158"
                            }
                        }
                    },
                    "> 0.0475": {
                        "sex": {
                            "<= 0.5000": {
                                "value": "-0.7847"
                            },
                            "> 0.5000": {
                                "value": "-0.2748"
                            }
                        }
                    }
                }
            },
            "> 0.1538": {
                "shell_weight": {
                    "<= 0.3748": {
                        "shell_weight": {
                            "<= 0.2597": {
                                "value": "-0.0066"
                            },
                            "> 0.2597": {
                                "value": "0.3450"
                            }
                        }
                    },
                    "> 0.3748": {
                        "shucked_weight": {
                            "<= 0.5502": {
                                "value": "1.6195"
                            },
                            "> 0.5502": {
                                "value": "0.6440"
                            }
                        }
                    }
                }
            }
        }
    },
    "native_representation": "|--- shell_weight <= 0.15\n|   |--- shell_weight <= 0.05\n|   |   |--- cisvera_weight <= 0.02\n|   |   |   |--- value: [-1.72]\n|   |   |--- cisvera_weight >  0.02\n|   |   |   |--- value: [-1.22]\n|   |--- shell_weight >  0.05\n|   |   |--- sex <= 0.50\n|   |   |   |--- value: [-0.78]\n|   |   |--- sex >  0.50\n|   |   |   |--- value: [-0.27]\n|--- shell_weight >  0.15\n|   |--- shell_weight <= 0.37\n|   |   |--- shell_weight <= 0.26\n|   |   |   |--- value: [-0.01]\n|   |   |--- shell_weight >  0.26\n|   |   |   |--- value: [0.34]\n|   |--- shell_weight >  0.37\n|   |   |--- shucked_weight <= 0.55\n|   |   |   |--- value: [1.62]\n|   |   |--- shucked_weight >  0.55\n|   |   |   |--- value: [0.64]\n"
}