{
    "train": {
        "mse": 0.5482377201905148,
        "mae": 0.532824356004393
    },
    "test": {
        "mse": 0.5986974004514829,
        "mae": 0.5489029948786299
    },
    "hyperparameters": {
        "min_samples_split": 13,
        "min_samples_leaf": 16,
        "criterion": "squared_error",
        "splitter": "best",
        "max_depth": 3
    },
    "parsed_tree": {
        "shell_weight": {
            "<= 0.1653": {
                "shell_weight": {
                    "<= 0.0475": {
                        "shell_weight": {
                            "<= 0.0270": {
                                "value": "-1.6886"
                            },
                            "> 0.0270": {
                                "value": "-1.1908"
                            }
                        }
                    },
                    "> 0.0475": {
                        "sex": {
                            "<= 0.5000": {
                                "value": "-0.7154"
                            },
                            "> 0.5000": {
                                "value": "-0.2572"
                            }
                        }
                    }
                }
            },
            "> 0.1653": {
                "shell_weight": {
                    "<= 0.3395": {
                        "shell_weight": {
                            "<= 0.2485": {
                                "value": "-0.0163"
                            },
                            "> 0.2485": {
                                "value": "0.3080"
                            }
                        }
                    },
                    "> 0.3395": {
                        "shell_weight": {
                            "<= 0.5135": {
                                "value": "0.6867"
                            },
                            "> 0.5135": {
                                "value": "1.9219"
                            }
                        }
                    }
                }
            }
        }
    },
    "native_representation": "|--- shell_weight <= 0.17\n|   |--- shell_weight <= 0.05\n|   |   |--- shell_weight <= 0.03\n|   |   |   |--- value: [-1.69]\n|   |   |--- shell_weight >  0.03\n|   |   |   |--- value: [-1.19]\n|   |--- shell_weight >  0.05\n|   |   |--- sex <= 0.50\n|   |   |   |--- value: [-0.72]\n|   |   |--- sex >  0.50\n|   |   |   |--- value: [-0.26]\n|--- shell_weight >  0.17\n|   |--- shell_weight <= 0.34\n|   |   |--- shell_weight <= 0.25\n|   |   |   |--- value: [-0.02]\n|   |   |--- shell_weight >  0.25\n|   |   |   |--- value: [0.31]\n|   |--- shell_weight >  0.34\n|   |   |--- shell_weight <= 0.51\n|   |   |   |--- value: [0.69]\n|   |   |--- shell_weight >  0.51\n|   |   |   |--- value: [1.92]\n"
}