{
    "train": {
        "mse": 0.5536981916245531,
        "mae": 0.5321662238817628
    },
    "test": {
        "mse": 0.6017183538211609,
        "mae": 0.5512101446469102
    },
    "hyperparameters": {
        "min_samples_split": 16,
        "min_samples_leaf": 10,
        "criterion": "squared_error",
        "splitter": "best",
        "max_depth": 3
    },
    "parsed_tree": {
        "shell_weight": {
            "<= 0.1425": {
                "shell_weight": {
                    "<= 0.0395": {
                        "height": {
                            "<= 0.0475": {
                                "value": "-1.8729"
                            },
                            "> 0.0475": {
                                "value": "-1.3748"
                            }
                        }
                    },
                    "> 0.0395": {
                        "sex": {
                            "<= 0.5000": {
                                "value": "-0.8264"
                            },
                            "> 0.5000": {
                                "value": "-0.3767"
                            }
                        }
                    }
                }
            },
            "> 0.1425": {
                "shell_weight": {
                    "<= 0.5232": {
                        "shell_weight": {
                            "<= 0.2597": {
                                "value": "-0.0442"
                            },
                            "> 0.2597": {
                                "value": "0.4907"
                            }
                        }
                    },
                    "> 0.5232": {
                        "length": {
                            "<= 0.6925": {
                                "value": "2.7953"
                            },
                            "> 0.6925": {
                                "value": "1.3656"
                            }
                        }
                    }
                }
            }
        }
    },
    "native_representation": "|--- shell_weight <= 0.14\n|   |--- shell_weight <= 0.04\n|   |   |--- height <= 0.05\n|   |   |   |--- value: [-1.87]\n|   |   |--- height >  0.05\n|   |   |   |--- value: [-1.37]\n|   |--- shell_weight >  0.04\n|   |   |--- sex <= 0.50\n|   |   |   |--- value: [-0.83]\n|   |   |--- sex >  0.50\n|   |   |   |--- value: [-0.38]\n|--- shell_weight >  0.14\n|   |--- shell_weight <= 0.52\n|   |   |--- shell_weight <= 0.26\n|   |   |   |--- value: [-0.04]\n|   |   |--- shell_weight >  0.26\n|   |   |   |--- value: [0.49]\n|   |--- shell_weight >  0.52\n|   |   |--- length <= 0.69\n|   |   |   |--- value: [2.80]\n|   |   |--- length >  0.69\n|   |   |   |--- value: [1.37]\n"
}