{
    "train": {
        "accuracy": 0.8421052631578947,
        "balanced_accuracy": 0.8842012744451768,
        "precision": 0.6349206349206349,
        "recall": 0.975609756097561,
        "roc_auc": 0.9356734783564051
    },
    "test": {
        "accuracy": 0.7817109144542773,
        "balanced_accuracy": 0.8477270570371074,
        "precision": 0.5263157894736842,
        "recall": 0.975609756097561,
        "roc_auc": 0.8867087406282623
    },
    "hyperparameters": {
        "regularization": 0.01941069798712276,
        "depth_budget": 3,
        "time_limit": 60,
        "diagnostics": true,
        "objective": "bacc",
        "theta": null,
        "w": null
    }
}