{
    "train": {
        "accuracy": 0.9046052631578947,
        "balanced_accuracy": 0.8982824834649029,
        "precision": 0.8,
        "recall": 0.8837209302325582,
        "roc_auc": 0.9158843609985066
    },
    "test": {
        "accuracy": 0.8790560471976401,
        "balanced_accuracy": 0.8745610705134288,
        "precision": 0.7029702970297029,
        "recall": 0.8658536585365854,
        "roc_auc": 0.8861393185916293
    },
    "hyperparameters": {
        "regularization": 0.04344515819796824,
        "depth_budget": 3,
        "time_limit": 60,
        "diagnostics": true,
        "objective": "bacc",
        "theta": null,
        "w": null
    }
}