{
    "train": {
        "accuracy": 0.7302631578947368,
        "balanced_accuracy": 0.8037793891452427,
        "precision": 0.5,
        "recall": 0.9634146341463414,
        "roc_auc": 0.8064161722698308
    },
    "test": {
        "accuracy": 0.7315634218289085,
        "balanced_accuracy": 0.8188051627597988,
        "precision": 0.47368421052631576,
        "recall": 0.9878048780487805,
        "roc_auc": 0.8198253772420993
    },
    "hyperparameters": {
        "regularization": 0.0010530162082548829,
        "depth_budget": 3,
        "time_limit": 60,
        "diagnostics": true,
        "objective": "bacc",
        "theta": null,
        "w": null
    }
}