{
    "train": {
        "accuracy": 0.7269736842105263,
        "balanced_accuracy": 0.7691539365452409,
        "precision": 0.4666666666666667,
        "recall": 0.8513513513513513,
        "roc_auc": 0.7691539365452409
    },
    "test": {
        "accuracy": 0.7610619469026548,
        "balanced_accuracy": 0.8008920945240581,
        "precision": 0.5034965034965035,
        "recall": 0.8780487804878049,
        "roc_auc": 0.8008920945240581
    },
    "hyperparameters": {
        "regularization": 0.17298997056784748,
        "depth_budget": 3,
        "time_limit": 60,
        "diagnostics": true,
        "objective": "bacc",
        "theta": null,
        "w": null
    }
}