{
    "train": {
        "accuracy": 0.722488038277512,
        "balanced_accuracy": 0.5712654924983692,
        "precision": 0.631578947368421,
        "recall": 0.19047619047619047,
        "roc_auc": 0.7448901935203305
    },
    "test": {
        "accuracy": 0.717948717948718,
        "balanced_accuracy": 0.5521494324783269,
        "precision": 0.5238095238095238,
        "recall": 0.16417910447761194,
        "roc_auc": 0.6982304048619179
    },
    "hyperparameters": {
        "min_samples_split": 11,
        "min_samples_leaf": 15,
        "max_depth": 3
    }
}