{
    "train": {
        "accuracy": 0.7894736842105263,
        "balanced_accuracy": 0.7730263157894737,
        "precision": 0.5915492957746479,
        "recall": 0.7368421052631579,
        "roc_auc": 0.8313134810710988
    },
    "test": {
        "accuracy": 0.6709401709401709,
        "balanced_accuracy": 0.6532755384752882,
        "precision": 0.44565217391304346,
        "recall": 0.6119402985074627,
        "roc_auc": 0.6417463580302082
    },
    "hyperparameters": {
        "min_samples_split": 7,
        "min_samples_leaf": 2,
        "max_depth": 3
    }
}