{
    "train": {
        "accuracy": 0.7272727272727273,
        "balanced_accuracy": 0.610100903931049,
        "precision": 0.6785714285714286,
        "recall": 0.2835820895522388,
        "roc_auc": 0.7521021652301871
    },
    "test": {
        "accuracy": 0.717948717948718,
        "balanced_accuracy": 0.5521494324783269,
        "precision": 0.5238095238095238,
        "recall": 0.16417910447761194,
        "roc_auc": 0.6901867905979087
    },
    "hyperparameters": {
        "min_samples_split": 10,
        "min_samples_leaf": 16,
        "max_depth": 3
    }
}