{
    "train": {
        "accuracy": 0.7416267942583732,
        "balanced_accuracy": 0.5732203389830508,
        "precision": 0.6470588235294118,
        "recall": 0.1864406779661017,
        "roc_auc": 0.7503954802259887
    },
    "test": {
        "accuracy": 0.7094017094017094,
        "balanced_accuracy": 0.5372240593439985,
        "precision": 0.47368421052631576,
        "recall": 0.13432835820895522,
        "roc_auc": 0.7083296094378408
    },
    "hyperparameters": {
        "min_samples_split": 16,
        "min_samples_leaf": 11,
        "max_depth": 3
    }
}