{
    "train": {
        "accuracy": 0.7942583732057417,
        "balanced_accuracy": 0.6228070175438596,
        "precision": 1.0,
        "recall": 0.24561403508771928,
        "roc_auc": 0.8182710064635271
    },
    "test": {
        "accuracy": 0.7222222222222222,
        "balanced_accuracy": 0.5506747698632586,
        "precision": 0.5555555555555556,
        "recall": 0.14925373134328357,
        "roc_auc": 0.6779873089641612
    },
    "hyperparameters": {
        "min_samples_split": 4,
        "min_samples_leaf": 3,
        "max_depth": 3
    }
}