{
    "train": {
        "accuracy": 0.9840637450199203,
        "balanced_accuracy": 0.9851312551271534,
        "precision": 0.9680851063829787,
        "recall": 0.9891304347826086,
        "roc_auc": 0.9931979764834563
    },
    "test": {
        "accuracy": 0.9357142857142857,
        "balanced_accuracy": 0.9344444444444444,
        "precision": 0.8942307692307693,
        "recall": 0.93,
        "roc_auc": 0.9355833333333334
    },
    "hyperparameters": {
        "min_samples_split": 8,
        "min_samples_leaf": 1,
        "criterion": "gini",
        "splitter": "best",
        "max_depth": 3,
        "class_weight": "balanced"
    },
    "parsed_tree": {
        "Cell_Shape_Uniformity": {
            "<= 3.5000": {
                "Bare_Nuclei": {
                    "<= 5.5000": {
                        "Clump_Thickness": {
                            "<= 9.0000": {
                                "value": 0
                            },
                            "> 9.0000": {
                                "value": 1
                            }
                        }
                    },
                    "> 5.5000": {
                        "value": 1
                    }
                }
            },
            "> 3.5000": {
                "Cell_Size_Uniformity": {
                    "<= 1.5000": {
                        "value": 0
                    },
                    "> 1.5000": {
                        "Marginal_Adhesion": {
                            "<= 1.5000": {
                                "value": 1
                            },
                            "> 1.5000": {
                                "value": 1
                            }
                        }
                    }
                }
            }
        }
    },
    "native_representation": "|--- Cell_Shape_Uniformity <= 3.50\n|   |--- Bare_Nuclei <= 5.50\n|   |   |--- Clump_Thickness <= 9.00\n|   |   |   |--- class: 0\n|   |   |--- Clump_Thickness >  9.00\n|   |   |   |--- class: 1\n|   |--- Bare_Nuclei >  5.50\n|   |   |--- class: 1\n|--- Cell_Shape_Uniformity >  3.50\n|   |--- Cell_Size_Uniformity <= 1.50\n|   |   |--- class: 0\n|   |--- Cell_Size_Uniformity >  1.50\n|   |   |--- Marginal_Adhesion <= 1.50\n|   |   |   |--- class: 1\n|   |   |--- Marginal_Adhesion >  1.50\n|   |   |   |--- class: 1\n"
}