{
    "train": {
        "accuracy": 0.9482071713147411,
        "balanced_accuracy": 0.9579730687455705,
        "precision": 0.875,
        "recall": 0.9882352941176471,
        "roc_auc": 0.9885896527285613
    },
    "test": {
        "accuracy": 0.9464285714285714,
        "balanced_accuracy": 0.9516666666666667,
        "precision": 0.8899082568807339,
        "recall": 0.97,
        "roc_auc": 0.9579444444444444
    },
    "hyperparameters": {
        "min_samples_split": 16,
        "min_samples_leaf": 1,
        "criterion": "gini",
        "splitter": "best",
        "max_depth": 3,
        "class_weight": "balanced"
    },
    "parsed_tree": {
        "Cell_Shape_Uniformity": {
            "<= 2.5000": {
                "Bare_Nuclei": {
                    "<= 5.5000": {
                        "value": 0
                    },
                    "> 5.5000": {
                        "value": 1
                    }
                }
            },
            "> 2.5000": {
                "Cell_Size_Uniformity": {
                    "<= 1.5000": {
                        "value": 0
                    },
                    "> 1.5000": {
                        "Bare_Nuclei": {
                            "<= 2.5000": {
                                "value": 1
                            },
                            "> 2.5000": {
                                "value": 1
                            }
                        }
                    }
                }
            }
        }
    },
    "native_representation": "|--- Cell_Shape_Uniformity <= 2.50\n|   |--- Bare_Nuclei <= 5.50\n|   |   |--- class: 0\n|   |--- Bare_Nuclei >  5.50\n|   |   |--- class: 1\n|--- Cell_Shape_Uniformity >  2.50\n|   |--- Cell_Size_Uniformity <= 1.50\n|   |   |--- class: 0\n|   |--- Cell_Size_Uniformity >  1.50\n|   |   |--- Bare_Nuclei <= 2.50\n|   |   |   |--- class: 1\n|   |   |--- Bare_Nuclei >  2.50\n|   |   |   |--- class: 1\n"
}