{
    "train": {
        "accuracy": 0.9721115537848606,
        "balanced_accuracy": 0.976045357902197,
        "precision": 0.9333333333333333,
        "recall": 0.9882352941176471,
        "roc_auc": 0.9968107725017717
    },
    "test": {
        "accuracy": 0.9392857142857143,
        "balanced_accuracy": 0.9438888888888889,
        "precision": 0.8807339449541285,
        "recall": 0.96,
        "roc_auc": 0.9584166666666667
    },
    "hyperparameters": {
        "min_samples_split": 11,
        "min_samples_leaf": 3,
        "criterion": "gini",
        "splitter": "best",
        "max_depth": 3,
        "class_weight": "balanced"
    },
    "parsed_tree": {
        "Cell_Size_Uniformity": {
            "<= 2.5000": {
                "Bare_Nuclei": {
                    "<= 3.5000": {
                        "Single_Epi_Cell_Size": {
                            "<= 1.5000": {
                                "value": 0
                            },
                            "> 1.5000": {
                                "value": 0
                            }
                        }
                    },
                    "> 3.5000": {
                        "Clump_Thickness": {
                            "<= 3.5000": {
                                "value": 0
                            },
                            "> 3.5000": {
                                "value": 1
                            }
                        }
                    }
                }
            },
            "> 2.5000": {
                "Cell_Shape_Uniformity": {
                    "<= 2.5000": {
                        "value": 0
                    },
                    "> 2.5000": {
                        "Marginal_Adhesion": {
                            "<= 2.5000": {
                                "value": 1
                            },
                            "> 2.5000": {
                                "value": 1
                            }
                        }
                    }
                }
            }
        }
    },
    "native_representation": "|--- Cell_Size_Uniformity <= 2.50\n|   |--- Bare_Nuclei <= 3.50\n|   |   |--- Single_Epi_Cell_Size <= 1.50\n|   |   |   |--- class: 0\n|   |   |--- Single_Epi_Cell_Size >  1.50\n|   |   |   |--- class: 0\n|   |--- Bare_Nuclei >  3.50\n|   |   |--- Clump_Thickness <= 3.50\n|   |   |   |--- class: 0\n|   |   |--- Clump_Thickness >  3.50\n|   |   |   |--- class: 1\n|--- Cell_Size_Uniformity >  2.50\n|   |--- Cell_Shape_Uniformity <= 2.50\n|   |   |--- class: 0\n|   |--- Cell_Shape_Uniformity >  2.50\n|   |   |--- Marginal_Adhesion <= 2.50\n|   |   |   |--- class: 1\n|   |   |--- Marginal_Adhesion >  2.50\n|   |   |   |--- class: 1\n"
}