{
    "train": {
        "accuracy": 0.9442231075697212,
        "balanced_accuracy": 0.9573170731707317,
        "precision": 0.8613861386138614,
        "recall": 1.0,
        "roc_auc": 0.9840201850294366
    },
    "test": {
        "accuracy": 0.9392857142857143,
        "balanced_accuracy": 0.9461111111111111,
        "precision": 0.8738738738738738,
        "recall": 0.97,
        "roc_auc": 0.9625277777777778
    },
    "hyperparameters": {
        "min_samples_split": 11,
        "min_samples_leaf": 4,
        "criterion": "gini",
        "splitter": "best",
        "max_depth": 3,
        "class_weight": "balanced"
    },
    "parsed_tree": {
        "Cell_Size_Uniformity": {
            "<= 1.5000": {
                "value": 0
            },
            "> 1.5000": {
                "Cell_Shape_Uniformity": {
                    "<= 2.5000": {
                        "Mitoses": {
                            "<= 1.5000": {
                                "value": 0
                            },
                            "> 1.5000": {
                                "value": 1
                            }
                        }
                    },
                    "> 2.5000": {
                        "Bare_Nuclei": {
                            "<= 1.5000": {
                                "value": 1
                            },
                            "> 1.5000": {
                                "value": 1
                            }
                        }
                    }
                }
            }
        }
    },
    "native_representation": "|--- Cell_Size_Uniformity <= 1.50\n|   |--- class: 0\n|--- Cell_Size_Uniformity >  1.50\n|   |--- Cell_Shape_Uniformity <= 2.50\n|   |   |--- Mitoses <= 1.50\n|   |   |   |--- class: 0\n|   |   |--- Mitoses >  1.50\n|   |   |   |--- class: 1\n|   |--- Cell_Shape_Uniformity >  2.50\n|   |   |--- Bare_Nuclei <= 1.50\n|   |   |   |--- class: 1\n|   |   |--- Bare_Nuclei >  1.50\n|   |   |   |--- class: 1\n"
}