{
    "train": {
        "accuracy": 0.6835176408636124,
        "balanced_accuracy": 0.6843346002530875,
        "precision": 0.656282450674974,
        "recall": 0.7006651884700665,
        "roc_auc": 0.7402412336788636
    },
    "test": {
        "accuracy": 0.6633522727272727,
        "balanced_accuracy": 0.6658076160124874,
        "precision": 0.6172953081876725,
        "recall": 0.6946169772256728,
        "roc_auc": 0.7019541369928349
    },
    "hyperparameters": {
        "min_samples_split": 8,
        "min_samples_leaf": 15,
        "max_depth": 4
    }
}