{
    "train": {
        "accuracy": 0.6766719325961033,
        "balanced_accuracy": 0.6766079010768145,
        "precision": 0.6915137614678899,
        "recall": 0.6360759493670886,
        "roc_auc": 0.740562343879638
    },
    "test": {
        "accuracy": 0.6571969696969697,
        "balanced_accuracy": 0.6546887364096561,
        "precision": 0.6252587991718427,
        "recall": 0.6252587991718427,
        "roc_auc": 0.7016316542551462
    },
    "hyperparameters": {
        "min_samples_split": 4,
        "min_samples_leaf": 15,
        "max_depth": 4
    }
}