{
    "train": {
        "accuracy": 0.6929963138493944,
        "balanced_accuracy": 0.6911282542589893,
        "precision": 0.689695550351288,
        "recall": 0.649393605292172,
        "roc_auc": 0.7497799374044173
    },
    "test": {
        "accuracy": 0.6685606060606061,
        "balanced_accuracy": 0.6661355186281205,
        "precision": 0.6376811594202898,
        "recall": 0.6376811594202898,
        "roc_auc": 0.7008959058242008
    },
    "hyperparameters": {
        "min_samples_split": 7,
        "min_samples_leaf": 1,
        "max_depth": 4
    }
}