{
    "train": {
        "accuracy": 0.6803580832016851,
        "balanced_accuracy": 0.6740965466519573,
        "precision": 0.6848404255319149,
        "recall": 0.5819209039548022,
        "roc_auc": 0.7435741427918743
    },
    "test": {
        "accuracy": 0.6666666666666666,
        "balanced_accuracy": 0.6590246387651351,
        "precision": 0.6563245823389021,
        "recall": 0.5693581780538303,
        "roc_auc": 0.7057543747448141
    },
    "hyperparameters": {
        "min_samples_split": 3,
        "min_samples_leaf": 15,
        "max_depth": 4
    }
}