{
    "train": {
        "accuracy": 0.6945760926803581,
        "balanced_accuracy": 0.6947120028243507,
        "precision": 0.6800422386483632,
        "recall": 0.6992399565689468,
        "roc_auc": 0.7525329230031375
    },
    "test": {
        "accuracy": 0.6524621212121212,
        "balanced_accuracy": 0.6547158357993779,
        "precision": 0.6070110701107011,
        "recall": 0.6811594202898551,
        "roc_auc": 0.697769087906807
    },
    "hyperparameters": {
        "min_samples_split": 8,
        "min_samples_leaf": 15,
        "max_depth": 4
    }
}