{
    "train": {
        "accuracy": 0.7305555555555555,
        "balanced_accuracy": 0.7789915966386555,
        "precision": 0.9388888888888889,
        "recall": 0.6627450980392157,
        "roc_auc": 0.8407843137254901
    },
    "test": {
        "accuracy": 0.6575,
        "balanced_accuracy": 0.675403939143767,
        "precision": 0.8373205741626795,
        "recall": 0.6294964028776978,
        "roc_auc": 0.6756840429295907
    },
    "hyperparameters": {
        "min_samples_split": 13,
        "min_samples_leaf": 1,
        "criterion": "gini",
        "splitter": "best",
        "max_depth": 4,
        "class_weight": "balanced"
    },
    "parsed_tree": {
        "checking_status": {
            "<= 1.5000": {
                "purpose": {
                    "<= 5.5000": {
                        "property_magnitude": {
                            "<= 0.5000": {
                                "age": {
                                    "<= 24.5000": {
                                        "value": 1
                                    },
                                    "> 24.5000": {
                                        "value": 0
                                    }
                                }
                            },
                            "> 0.5000": {
                                "age": {
                                    "<= 63.0000": {
                                        "value": 0
                                    },
                                    "> 63.0000": {
                                        "value": 1
                                    }
                                }
                            }
                        }
                    },
                    "> 5.5000": {
                        "duration": {
                            "<= 11.0000": {
                                "credit_amount": {
                                    "<= 2849.5000": {
                                        "value": 1
                                    },
                                    "> 2849.5000": {
                                        "value": 0
                                    }
                                }
                            },
                            "> 11.0000": {
                                "savings_status": {
                                    "<= 3.5000": {
                                        "value": 0
                                    },
                                    "> 3.5000": {
                                        "value": 1
                                    }
                                }
                            }
                        }
                    }
                }
            },
            "> 1.5000": {
                "credit_history": {
                    "<= 2.5000": {
                        "purpose": {
                            "<= 5.5000": {
                                "value": 0
                            },
                            "> 5.5000": {
                                "value": 1
                            }
                        }
                    },
                    "> 2.5000": {
                        "age": {
                            "<= 19.5000": {
                                "value": 0
                            },
                            "> 19.5000": {
                                "job": {
                                    "<= 1.5000": {
                                        "value": 1
                                    },
                                    "> 1.5000": {
                                        "value": 1
                                    }
                                }
                            }
                        }
                    }
                }
            }
        }
    },
    "native_representation": "|--- checking_status <= 1.50\n|   |--- purpose <= 5.50\n|   |   |--- property_magnitude <= 0.50\n|   |   |   |--- age <= 24.50\n|   |   |   |   |--- class: 1\n|   |   |   |--- age >  24.50\n|   |   |   |   |--- class: 0\n|   |   |--- property_magnitude >  0.50\n|   |   |   |--- age <= 63.00\n|   |   |   |   |--- class: 0\n|   |   |   |--- age >  63.00\n|   |   |   |   |--- class: 1\n|   |--- purpose >  5.50\n|   |   |--- duration <= 11.00\n|   |   |   |--- credit_amount <= 2849.50\n|   |   |   |   |--- class: 1\n|   |   |   |--- credit_amount >  2849.50\n|   |   |   |   |--- class: 0\n|   |   |--- duration >  11.00\n|   |   |   |--- savings_status <= 3.50\n|   |   |   |   |--- class: 0\n|   |   |   |--- savings_status >  3.50\n|   |   |   |   |--- class: 1\n|--- checking_status >  1.50\n|   |--- credit_history <= 2.50\n|   |   |--- purpose <= 5.50\n|   |   |   |--- class: 0\n|   |   |--- purpose >  5.50\n|   |   |   |--- class: 1\n|   |--- credit_history >  2.50\n|   |   |--- age <= 19.50\n|   |   |   |--- class: 0\n|   |   |--- age >  19.50\n|   |   |   |--- job <= 1.50\n|   |   |   |   |--- class: 1\n|   |   |   |--- job >  1.50\n|   |   |   |   |--- class: 1\n"
}