{
    "train": {
        "accuracy": 0.6944444444444444,
        "balanced_accuracy": 0.739450719655472,
        "precision": 0.9106145251396648,
        "recall": 0.6342412451361867,
        "roc_auc": 0.8111707151222091
    },
    "test": {
        "accuracy": 0.6025,
        "balanced_accuracy": 0.6450347918386602,
        "precision": 0.8324022346368715,
        "recall": 0.5359712230215827,
        "roc_auc": 0.6795760113220899
    },
    "hyperparameters": {
        "min_samples_split": 14,
        "min_samples_leaf": 2,
        "criterion": "gini",
        "splitter": "best",
        "max_depth": 4,
        "class_weight": "balanced"
    },
    "parsed_tree": {
        "checking_status": {
            "<= 2.5000": {
                "credit_history": {
                    "<= 1.5000": {
                        "other_payment_plans": {
                            "<= 1.5000": {
                                "value": 0
                            },
                            "> 1.5000": {
                                "checking_status": {
                                    "<= 0.5000": {
                                        "value": 0
                                    },
                                    "> 0.5000": {
                                        "value": 0
                                    }
                                }
                            }
                        }
                    },
                    "> 1.5000": {
                        "other_parties": {
                            "<= 1.5000": {
                                "savings_status": {
                                    "<= 2.5000": {
                                        "value": 0
                                    },
                                    "> 2.5000": {
                                        "value": 1
                                    }
                                }
                            },
                            "> 1.5000": {
                                "housing": {
                                    "<= 0.5000": {
                                        "value": 0
                                    },
                                    "> 0.5000": {
                                        "value": 1
                                    }
                                }
                            }
                        }
                    }
                }
            },
            "> 2.5000": {
                "age": {
                    "<= 28.5000": {
                        "purpose": {
                            "<= 5.5000": {
                                "credit_amount": {
                                    "<= 3056.5000": {
                                        "value": 0
                                    },
                                    "> 3056.5000": {
                                        "value": 0
                                    }
                                }
                            },
                            "> 5.5000": {
                                "value": 1
                            }
                        }
                    },
                    "> 28.5000": {
                        "existing_credits": {
                            "<= 1.5000": {
                                "employment": {
                                    "<= 0.5000": {
                                        "value": 1
                                    },
                                    "> 0.5000": {
                                        "value": 1
                                    }
                                }
                            },
                            "> 1.5000": {
                                "credit_history": {
                                    "<= 3.5000": {
                                        "value": 1
                                    },
                                    "> 3.5000": {
                                        "value": 1
                                    }
                                }
                            }
                        }
                    }
                }
            }
        }
    },
    "native_representation": "|--- checking_status <= 2.50\n|   |--- credit_history <= 1.50\n|   |   |--- other_payment_plans <= 1.50\n|   |   |   |--- class: 0\n|   |   |--- other_payment_plans >  1.50\n|   |   |   |--- checking_status <= 0.50\n|   |   |   |   |--- class: 0\n|   |   |   |--- checking_status >  0.50\n|   |   |   |   |--- class: 0\n|   |--- credit_history >  1.50\n|   |   |--- other_parties <= 1.50\n|   |   |   |--- savings_status <= 2.50\n|   |   |   |   |--- class: 0\n|   |   |   |--- savings_status >  2.50\n|   |   |   |   |--- class: 1\n|   |   |--- other_parties >  1.50\n|   |   |   |--- housing <= 0.50\n|   |   |   |   |--- class: 0\n|   |   |   |--- housing >  0.50\n|   |   |   |   |--- class: 1\n|--- checking_status >  2.50\n|   |--- age <= 28.50\n|   |   |--- purpose <= 5.50\n|   |   |   |--- credit_amount <= 3056.50\n|   |   |   |   |--- class: 0\n|   |   |   |--- credit_amount >  3056.50\n|   |   |   |   |--- class: 0\n|   |   |--- purpose >  5.50\n|   |   |   |--- class: 1\n|   |--- age >  28.50\n|   |   |--- existing_credits <= 1.50\n|   |   |   |--- employment <= 0.50\n|   |   |   |   |--- class: 1\n|   |   |   |--- employment >  0.50\n|   |   |   |   |--- class: 1\n|   |   |--- existing_credits >  1.50\n|   |   |   |--- credit_history <= 3.50\n|   |   |   |   |--- class: 1\n|   |   |   |--- credit_history >  3.50\n|   |   |   |   |--- class: 1\n"
}