{
    "train": {
        "accuracy": 0.7694444444444445,
        "balanced_accuracy": 0.7791730858801189,
        "precision": 0.8942307692307693,
        "recall": 0.7530364372469636,
        "roc_auc": 0.8547526064992297
    },
    "test": {
        "accuracy": 0.6825,
        "balanced_accuracy": 0.6910897511498997,
        "precision": 0.8416289592760181,
        "recall": 0.6690647482014388,
        "roc_auc": 0.6895712937846444
    },
    "hyperparameters": {
        "min_samples_split": 13,
        "min_samples_leaf": 2,
        "criterion": "gini",
        "splitter": "best",
        "max_depth": 4,
        "class_weight": "balanced"
    },
    "parsed_tree": {
        "checking_status": {
            "<= 1.5000": {
                "credit_history": {
                    "<= 2.5000": {
                        "property_magnitude": {
                            "<= 2.5000": {
                                "purpose": {
                                    "<= 5.5000": {
                                        "value": 0
                                    },
                                    "> 5.5000": {
                                        "value": 0
                                    }
                                }
                            },
                            "> 2.5000": {
                                "existing_credits": {
                                    "<= 1.5000": {
                                        "value": 1
                                    },
                                    "> 1.5000": {
                                        "value": 0
                                    }
                                }
                            }
                        }
                    },
                    "> 2.5000": {
                        "age": {
                            "<= 54.5000": {
                                "age": {
                                    "<= 34.5000": {
                                        "value": 0
                                    },
                                    "> 34.5000": {
                                        "value": 1
                                    }
                                }
                            },
                            "> 54.5000": {
                                "value": 0
                            }
                        }
                    }
                }
            },
            "> 1.5000": {
                "purpose": {
                    "<= 3.5000": {
                        "other_payment_plans": {
                            "<= 1.0000": {
                                "value": 0
                            },
                            "> 1.0000": {
                                "credit_amount": {
                                    "<= 6687.5000": {
                                        "value": 1
                                    },
                                    "> 6687.5000": {
                                        "value": 0
                                    }
                                }
                            }
                        }
                    },
                    "> 3.5000": {
                        "age": {
                            "<= 34.5000": {
                                "credit_amount": {
                                    "<= 4468.0000": {
                                        "value": 1
                                    },
                                    "> 4468.0000": {
                                        "value": 1
                                    }
                                }
                            },
                            "> 34.5000": {
                                "personal_status": {
                                    "<= 2.5000": {
                                        "value": 1
                                    },
                                    "> 2.5000": {
                                        "value": 1
                                    }
                                }
                            }
                        }
                    }
                }
            }
        }
    },
    "native_representation": "|--- checking_status <= 1.50\n|   |--- credit_history <= 2.50\n|   |   |--- property_magnitude <= 2.50\n|   |   |   |--- purpose <= 5.50\n|   |   |   |   |--- class: 0\n|   |   |   |--- purpose >  5.50\n|   |   |   |   |--- class: 0\n|   |   |--- property_magnitude >  2.50\n|   |   |   |--- existing_credits <= 1.50\n|   |   |   |   |--- class: 1\n|   |   |   |--- existing_credits >  1.50\n|   |   |   |   |--- class: 0\n|   |--- credit_history >  2.50\n|   |   |--- age <= 54.50\n|   |   |   |--- age <= 34.50\n|   |   |   |   |--- class: 0\n|   |   |   |--- age >  34.50\n|   |   |   |   |--- class: 1\n|   |   |--- age >  54.50\n|   |   |   |--- class: 0\n|--- checking_status >  1.50\n|   |--- purpose <= 3.50\n|   |   |--- other_payment_plans <= 1.00\n|   |   |   |--- class: 0\n|   |   |--- other_payment_plans >  1.00\n|   |   |   |--- credit_amount <= 6687.50\n|   |   |   |   |--- class: 1\n|   |   |   |--- credit_amount >  6687.50\n|   |   |   |   |--- class: 0\n|   |--- purpose >  3.50\n|   |   |--- age <= 34.50\n|   |   |   |--- credit_amount <= 4468.00\n|   |   |   |   |--- class: 1\n|   |   |   |--- credit_amount >  4468.00\n|   |   |   |   |--- class: 1\n|   |   |--- age >  34.50\n|   |   |   |--- personal_status <= 2.50\n|   |   |   |   |--- class: 1\n|   |   |   |--- personal_status >  2.50\n|   |   |   |   |--- class: 1\n"
}