{
    "train": {
        "accuracy": 0.7388888888888889,
        "balanced_accuracy": 0.7632275132275133,
        "precision": 0.9030612244897959,
        "recall": 0.7023809523809523,
        "roc_auc": 0.8341416813639037
    },
    "test": {
        "accuracy": 0.6875,
        "balanced_accuracy": 0.6900872744427409,
        "precision": 0.8370044052863436,
        "recall": 0.6834532374100719,
        "roc_auc": 0.7143973345913432
    },
    "hyperparameters": {
        "min_samples_split": 9,
        "min_samples_leaf": 16,
        "criterion": "gini",
        "splitter": "best",
        "max_depth": 4,
        "class_weight": "balanced"
    },
    "parsed_tree": {
        "checking_status": {
            "<= 1.5000": {
                "savings_status": {
                    "<= 1.5000": {
                        "duration": {
                            "<= 11.0000": {
                                "value": 1
                            },
                            "> 11.0000": {
                                "credit_history": {
                                    "<= 3.5000": {
                                        "value": 0
                                    },
                                    "> 3.5000": {
                                        "value": 0
                                    }
                                }
                            }
                        }
                    },
                    "> 1.5000": {
                        "property_magnitude": {
                            "<= 1.5000": {
                                "value": 0
                            },
                            "> 1.5000": {
                                "value": 1
                            }
                        }
                    }
                }
            },
            "> 1.5000": {
                "purpose": {
                    "<= 4.5000": {
                        "credit_amount": {
                            "<= 4558.5000": {
                                "own_telephone": {
                                    "<= 0.5000": {
                                        "value": 1
                                    },
                                    "> 0.5000": {
                                        "value": 1
                                    }
                                }
                            },
                            "> 4558.5000": {
                                "value": 0
                            }
                        }
                    },
                    "> 4.5000": {
                        "duration": {
                            "<= 10.5000": {
                                "value": 1
                            },
                            "> 10.5000": {
                                "credit_amount": {
                                    "<= 3608.0000": {
                                        "value": 1
                                    },
                                    "> 3608.0000": {
                                        "value": 1
                                    }
                                }
                            }
                        }
                    }
                }
            }
        }
    },
    "native_representation": "|--- checking_status <= 1.50\n|   |--- savings_status <= 1.50\n|   |   |--- duration <= 11.00\n|   |   |   |--- class: 1\n|   |   |--- duration >  11.00\n|   |   |   |--- credit_history <= 3.50\n|   |   |   |   |--- class: 0\n|   |   |   |--- credit_history >  3.50\n|   |   |   |   |--- class: 0\n|   |--- savings_status >  1.50\n|   |   |--- property_magnitude <= 1.50\n|   |   |   |--- class: 0\n|   |   |--- property_magnitude >  1.50\n|   |   |   |--- class: 1\n|--- checking_status >  1.50\n|   |--- purpose <= 4.50\n|   |   |--- credit_amount <= 4558.50\n|   |   |   |--- own_telephone <= 0.50\n|   |   |   |   |--- class: 1\n|   |   |   |--- own_telephone >  0.50\n|   |   |   |   |--- class: 1\n|   |   |--- credit_amount >  4558.50\n|   |   |   |--- class: 0\n|   |--- purpose >  4.50\n|   |   |--- duration <= 10.50\n|   |   |   |--- class: 1\n|   |   |--- duration >  10.50\n|   |   |   |--- credit_amount <= 3608.00\n|   |   |   |   |--- class: 1\n|   |   |   |--- credit_amount >  3608.00\n|   |   |   |   |--- class: 1\n"
}