{
    "train": {
        "accuracy": 0.7694444444444445,
        "balanced_accuracy": 0.7665264423076923,
        "precision": 0.8878923766816144,
        "recall": 0.7734375,
        "roc_auc": 0.8458345853365385
    },
    "test": {
        "accuracy": 0.6825,
        "balanced_accuracy": 0.6749911546172898,
        "precision": 0.8212765957446808,
        "recall": 0.6942446043165468,
        "roc_auc": 0.7178470338483312
    },
    "hyperparameters": {
        "min_samples_split": 7,
        "min_samples_leaf": 11,
        "criterion": "gini",
        "splitter": "best",
        "max_depth": 4,
        "class_weight": "balanced"
    },
    "parsed_tree": {
        "checking_status": {
            "<= 1.5000": {
                "property_magnitude": {
                    "<= 2.5000": {
                        "credit_history": {
                            "<= 2.5000": {
                                "residence_since": {
                                    "<= 1.5000": {
                                        "value": 1
                                    },
                                    "> 1.5000": {
                                        "value": 0
                                    }
                                }
                            },
                            "> 2.5000": {
                                "purpose": {
                                    "<= 7.5000": {
                                        "value": 0
                                    },
                                    "> 7.5000": {
                                        "value": 1
                                    }
                                }
                            }
                        }
                    },
                    "> 2.5000": {
                        "other_parties": {
                            "<= 1.5000": {
                                "personal_status": {
                                    "<= 1.5000": {
                                        "value": 0
                                    },
                                    "> 1.5000": {
                                        "value": 1
                                    }
                                }
                            },
                            "> 1.5000": {
                                "value": 1
                            }
                        }
                    }
                }
            },
            "> 1.5000": {
                "purpose": {
                    "<= 4.5000": {
                        "employment": {
                            "<= 0.5000": {
                                "value": 0
                            },
                            "> 0.5000": {
                                "credit_amount": {
                                    "<= 2151.0000": {
                                        "value": 1
                                    },
                                    "> 2151.0000": {
                                        "value": 1
                                    }
                                }
                            }
                        }
                    },
                    "> 4.5000": {
                        "job": {
                            "<= 1.5000": {
                                "value": 1
                            },
                            "> 1.5000": {
                                "housing": {
                                    "<= 1.5000": {
                                        "value": 1
                                    },
                                    "> 1.5000": {
                                        "value": 1
                                    }
                                }
                            }
                        }
                    }
                }
            }
        }
    },
    "native_representation": "|--- checking_status <= 1.50\n|   |--- property_magnitude <= 2.50\n|   |   |--- credit_history <= 2.50\n|   |   |   |--- residence_since <= 1.50\n|   |   |   |   |--- class: 1\n|   |   |   |--- residence_since >  1.50\n|   |   |   |   |--- class: 0\n|   |   |--- credit_history >  2.50\n|   |   |   |--- purpose <= 7.50\n|   |   |   |   |--- class: 0\n|   |   |   |--- purpose >  7.50\n|   |   |   |   |--- class: 1\n|   |--- property_magnitude >  2.50\n|   |   |--- other_parties <= 1.50\n|   |   |   |--- personal_status <= 1.50\n|   |   |   |   |--- class: 0\n|   |   |   |--- personal_status >  1.50\n|   |   |   |   |--- class: 1\n|   |   |--- other_parties >  1.50\n|   |   |   |--- class: 1\n|--- checking_status >  1.50\n|   |--- purpose <= 4.50\n|   |   |--- employment <= 0.50\n|   |   |   |--- class: 0\n|   |   |--- employment >  0.50\n|   |   |   |--- credit_amount <= 2151.00\n|   |   |   |   |--- class: 1\n|   |   |   |--- credit_amount >  2151.00\n|   |   |   |   |--- class: 1\n|   |--- purpose >  4.50\n|   |   |--- job <= 1.50\n|   |   |   |--- class: 1\n|   |   |--- job >  1.50\n|   |   |   |--- housing <= 1.50\n|   |   |   |   |--- class: 1\n|   |   |   |--- housing >  1.50\n|   |   |   |   |--- class: 1\n"
}