{
    "train": {
        "mse": 0.7039891521911837,
        "mae": 0.6627229277026486
    },
    "test": {
        "mse": 0.8101715733612858,
        "mae": 0.6988808412715287
    },
    "hyperparameters": {
        "min_samples_split": 15,
        "min_samples_leaf": 16,
        "criterion": "squared_error",
        "splitter": "best",
        "max_depth": 3
    },
    "parsed_tree": {
        "alcohol": {
            "<= 10.8500": {
                "volatile.acidity": {
                    "<= 0.2525": {
                        "volatile.acidity": {
                            "<= 0.2075": {
                                "value": "0.2352"
                            },
                            "> 0.2075": {
                                "value": "-0.0778"
                            }
                        }
                    },
                    "> 0.2525": {
                        "alcohol": {
                            "<= 9.8500": {
                                "value": "-0.6803"
                            },
                            "> 9.8500": {
                                "value": "-0.2834"
                            }
                        }
                    }
                }
            },
            "> 10.8500": {
                "volatile.acidity": {
                    "<= 0.5250": {
                        "alcohol": {
                            "<= 11.7417": {
                                "value": "0.4398"
                            },
                            "> 11.7417": {
                                "value": "0.8382"
                            }
                        }
                    },
                    "> 0.5250": {
                        "alcohol": {
                            "<= 11.1500": {
                                "value": "-1.2112"
                            },
                            "> 11.1500": {
                                "value": "0.1595"
                            }
                        }
                    }
                }
            }
        }
    },
    "native_representation": "|--- alcohol <= 10.85\n|   |--- volatile.acidity <= 0.25\n|   |   |--- volatile.acidity <= 0.21\n|   |   |   |--- value: [0.24]\n|   |   |--- volatile.acidity >  0.21\n|   |   |   |--- value: [-0.08]\n|   |--- volatile.acidity >  0.25\n|   |   |--- alcohol <= 9.85\n|   |   |   |--- value: [-0.68]\n|   |   |--- alcohol >  9.85\n|   |   |   |--- value: [-0.28]\n|--- alcohol >  10.85\n|   |--- volatile.acidity <= 0.52\n|   |   |--- alcohol <= 11.74\n|   |   |   |--- value: [0.44]\n|   |   |--- alcohol >  11.74\n|   |   |   |--- value: [0.84]\n|   |--- volatile.acidity >  0.52\n|   |   |--- alcohol <= 11.15\n|   |   |   |--- value: [-1.21]\n|   |   |--- alcohol >  11.15\n|   |   |   |--- value: [0.16]\n"
}