{
    "train": {
        "mse": 0.719913602353355,
        "mae": 0.6706516687035188
    },
    "test": {
        "mse": 0.8009772834684552,
        "mae": 0.7031938423415443
    },
    "hyperparameters": {
        "min_samples_split": 5,
        "min_samples_leaf": 10,
        "criterion": "squared_error",
        "splitter": "best",
        "max_depth": 3
    },
    "parsed_tree": {
        "alcohol": {
            "<= 11.0333": {
                "volatile.acidity": {
                    "<= 0.2350": {
                        "free.sulfur.dioxide": {
                            "<= 27.5000": {
                                "value": "-0.0855"
                            },
                            "> 27.5000": {
                                "value": "0.2728"
                            }
                        }
                    },
                    "> 0.2350": {
                        "alcohol": {
                            "<= 10.3500": {
                                "value": "-0.5644"
                            },
                            "> 10.3500": {
                                "value": "-0.1071"
                            }
                        }
                    }
                }
            },
            "> 11.0333": {
                "alcohol": {
                    "<= 12.0750": {
                        "volatile.acidity": {
                            "<= 0.7375": {
                                "value": "0.4532"
                            },
                            "> 0.7375": {
                                "value": "-0.7361"
                            }
                        }
                    },
                    "> 12.0750": {
                        "free.sulfur.dioxide": {
                            "<= 31.5000": {
                                "value": "0.7619"
                            },
                            "> 31.5000": {
                                "value": "1.2042"
                            }
                        }
                    }
                }
            }
        }
    },
    "native_representation": "|--- alcohol <= 11.03\n|   |--- volatile.acidity <= 0.23\n|   |   |--- free.sulfur.dioxide <= 27.50\n|   |   |   |--- value: [-0.09]\n|   |   |--- free.sulfur.dioxide >  27.50\n|   |   |   |--- value: [0.27]\n|   |--- volatile.acidity >  0.23\n|   |   |--- alcohol <= 10.35\n|   |   |   |--- value: [-0.56]\n|   |   |--- alcohol >  10.35\n|   |   |   |--- value: [-0.11]\n|--- alcohol >  11.03\n|   |--- alcohol <= 12.08\n|   |   |--- volatile.acidity <= 0.74\n|   |   |   |--- value: [0.45]\n|   |   |--- volatile.acidity >  0.74\n|   |   |   |--- value: [-0.74]\n|   |--- alcohol >  12.08\n|   |   |--- free.sulfur.dioxide <= 31.50\n|   |   |   |--- value: [0.76]\n|   |   |--- free.sulfur.dioxide >  31.50\n|   |   |   |--- value: [1.20]\n"
}