{
    "train": {
        "mse": 0.7092794205614806,
        "mae": 0.6509231635994654
    },
    "test": {
        "mse": 0.8225062557743266,
        "mae": 0.6969129162813937
    },
    "hyperparameters": {
        "min_samples_split": 10,
        "min_samples_leaf": 2,
        "criterion": "squared_error",
        "splitter": "best",
        "max_depth": 3
    },
    "parsed_tree": {
        "alcohol": {
            "<= 10.9167": {
                "volatile.acidity": {
                    "<= 0.2350": {
                        "free.sulfur.dioxide": {
                            "<= 24.5000": {
                                "value": "-0.1649"
                            },
                            "> 24.5000": {
                                "value": "0.2538"
                            }
                        }
                    },
                    "> 0.2350": {
                        "alcohol": {
                            "<= 9.8500": {
                                "value": "-0.6158"
                            },
                            "> 9.8500": {
                                "value": "-0.2210"
                            }
                        }
                    }
                }
            },
            "> 10.9167": {
                "alcohol": {
                    "<= 12.0750": {
                        "free.sulfur.dioxide": {
                            "<= 110.0000": {
                                "value": "0.3530"
                            },
                            "> 110.0000": {
                                "value": "-3.2700"
                            }
                        }
                    },
                    "> 12.0750": {
                        "free.sulfur.dioxide": {
                            "<= 17.5000": {
                                "value": "0.4912"
                            },
                            "> 17.5000": {
                                "value": "1.0750"
                            }
                        }
                    }
                }
            }
        }
    },
    "native_representation": "|--- alcohol <= 10.92\n|   |--- volatile.acidity <= 0.23\n|   |   |--- free.sulfur.dioxide <= 24.50\n|   |   |   |--- value: [-0.16]\n|   |   |--- free.sulfur.dioxide >  24.50\n|   |   |   |--- value: [0.25]\n|   |--- volatile.acidity >  0.23\n|   |   |--- alcohol <= 9.85\n|   |   |   |--- value: [-0.62]\n|   |   |--- alcohol >  9.85\n|   |   |   |--- value: [-0.22]\n|--- alcohol >  10.92\n|   |--- alcohol <= 12.08\n|   |   |--- free.sulfur.dioxide <= 110.00\n|   |   |   |--- value: [0.35]\n|   |   |--- free.sulfur.dioxide >  110.00\n|   |   |   |--- value: [-3.27]\n|   |--- alcohol >  12.08\n|   |   |--- free.sulfur.dioxide <= 17.50\n|   |   |   |--- value: [0.49]\n|   |   |--- free.sulfur.dioxide >  17.50\n|   |   |   |--- value: [1.08]\n"
}