{
    "train": {
        "mse": 0.716511414152666,
        "mae": 0.6637626649101239
    },
    "test": {
        "mse": 0.8049826007291675,
        "mae": 0.699231646784392
    },
    "hyperparameters": {
        "min_samples_split": 5,
        "min_samples_leaf": 8,
        "criterion": "squared_error",
        "splitter": "best",
        "max_depth": 3
    },
    "parsed_tree": {
        "alcohol": {
            "<= 10.6500": {
                "volatile.acidity": {
                    "<= 0.2375": {
                        "free.sulfur.dioxide": {
                            "<= 24.5000": {
                                "value": "-0.2068"
                            },
                            "> 24.5000": {
                                "value": "0.2705"
                            }
                        }
                    },
                    "> 0.2375": {
                        "alcohol": {
                            "<= 10.0167": {
                                "value": "-0.6032"
                            },
                            "> 10.0167": {
                                "value": "-0.2312"
                            }
                        }
                    }
                }
            },
            "> 10.6500": {
                "alcohol": {
                    "<= 11.7667": {
                        "citric.acid": {
                            "<= 0.2350": {
                                "value": "-0.2491"
                            },
                            "> 0.2350": {
                                "value": "0.3477"
                            }
                        }
                    },
                    "> 11.7667": {
                        "free.sulfur.dioxide": {
                            "<= 21.5000": {
                                "value": "0.5096"
                            },
                            "> 21.5000": {
                                "value": "0.9551"
                            }
                        }
                    }
                }
            }
        }
    },
    "native_representation": "|--- alcohol <= 10.65\n|   |--- volatile.acidity <= 0.24\n|   |   |--- free.sulfur.dioxide <= 24.50\n|   |   |   |--- value: [-0.21]\n|   |   |--- free.sulfur.dioxide >  24.50\n|   |   |   |--- value: [0.27]\n|   |--- volatile.acidity >  0.24\n|   |   |--- alcohol <= 10.02\n|   |   |   |--- value: [-0.60]\n|   |   |--- alcohol >  10.02\n|   |   |   |--- value: [-0.23]\n|--- alcohol >  10.65\n|   |--- alcohol <= 11.77\n|   |   |--- citric.acid <= 0.23\n|   |   |   |--- value: [-0.25]\n|   |   |--- citric.acid >  0.23\n|   |   |   |--- value: [0.35]\n|   |--- alcohol >  11.77\n|   |   |--- free.sulfur.dioxide <= 21.50\n|   |   |   |--- value: [0.51]\n|   |   |--- free.sulfur.dioxide >  21.50\n|   |   |   |--- value: [0.96]\n"
}