{
    "train": {
        "mse": 0.7092719077047323,
        "mae": 0.6677741819290142
    },
    "test": {
        "mse": 0.8161639287679872,
        "mae": 0.7076334226770599
    },
    "hyperparameters": {
        "min_samples_split": 14,
        "min_samples_leaf": 11,
        "criterion": "squared_error",
        "splitter": "best",
        "max_depth": 3
    },
    "parsed_tree": {
        "alcohol": {
            "<= 10.8500": {
                "volatile.acidity": {
                    "<= 0.2425": {
                        "free.sulfur.dioxide": {
                            "<= 28.5000": {
                                "value": "-0.1574"
                            },
                            "> 28.5000": {
                                "value": "0.2402"
                            }
                        }
                    },
                    "> 0.2425": {
                        "alcohol": {
                            "<= 10.0500": {
                                "value": "-0.6027"
                            },
                            "> 10.0500": {
                                "value": "-0.1824"
                            }
                        }
                    }
                }
            },
            "> 10.8500": {
                "citric.acid": {
                    "<= 0.2350": {
                        "alcohol": {
                            "<= 11.6500": {
                                "value": "-0.6436"
                            },
                            "> 11.6500": {
                                "value": "0.3172"
                            }
                        }
                    },
                    "> 0.2350": {
                        "alcohol": {
                            "<= 11.8750": {
                                "value": "0.4501"
                            },
                            "> 11.8750": {
                                "value": "0.9113"
                            }
                        }
                    }
                }
            }
        }
    },
    "native_representation": "|--- alcohol <= 10.85\n|   |--- volatile.acidity <= 0.24\n|   |   |--- free.sulfur.dioxide <= 28.50\n|   |   |   |--- value: [-0.16]\n|   |   |--- free.sulfur.dioxide >  28.50\n|   |   |   |--- value: [0.24]\n|   |--- volatile.acidity >  0.24\n|   |   |--- alcohol <= 10.05\n|   |   |   |--- value: [-0.60]\n|   |   |--- alcohol >  10.05\n|   |   |   |--- value: [-0.18]\n|--- alcohol >  10.85\n|   |--- citric.acid <= 0.23\n|   |   |--- alcohol <= 11.65\n|   |   |   |--- value: [-0.64]\n|   |   |--- alcohol >  11.65\n|   |   |   |--- value: [0.32]\n|   |--- citric.acid >  0.23\n|   |   |--- alcohol <= 11.88\n|   |   |   |--- value: [0.45]\n|   |   |--- alcohol >  11.88\n|   |   |   |--- value: [0.91]\n"
}