{
    "train": {
        "accuracy": 0.8350515463917526,
        "balanced_accuracy": 0.8329787234042554,
        "precision": 0.8035714285714286,
        "recall": 0.9,
        "roc_auc": 0.8763829787234042
    },
    "test": {
        "accuracy": 0.6388888888888888,
        "balanced_accuracy": 0.6546283309957924,
        "precision": 0.5555555555555556,
        "recall": 0.7608695652173914,
        "roc_auc": 0.6209677419354839
    },
    "hyperparameters": {
        "regularization": 0.014770217661081286,
        "depth_budget": 4,
        "time_limit": 60,
        "diagnostics": true,
        "objective": "bacc",
        "theta": null,
        "w": null
    }
}