{
    "train": {
        "accuracy": 0.8041237113402062,
        "balanced_accuracy": 0.8055319148936171,
        "precision": 0.7692307692307693,
        "recall": 0.851063829787234,
        "roc_auc": 0.8029787234042552
    },
    "test": {
        "accuracy": 0.6574074074074074,
        "balanced_accuracy": 0.676367461430575,
        "precision": 0.5692307692307692,
        "recall": 0.8043478260869565,
        "roc_auc": 0.63937587657784
    },
    "hyperparameters": {
        "regularization": 0.029548846855125818,
        "depth_budget": 4,
        "time_limit": 60,
        "diagnostics": true,
        "objective": "bacc",
        "theta": null,
        "w": null
    }
}