{
    "train": {
        "accuracy": 0.8144329896907216,
        "balanced_accuracy": 0.7861842105263157,
        "precision": 0.8928571428571429,
        "recall": 0.625,
        "roc_auc": 0.7861842105263158
    },
    "test": {
        "accuracy": 0.6666666666666666,
        "balanced_accuracy": 0.6451612903225806,
        "precision": 0.6388888888888888,
        "recall": 0.5,
        "roc_auc": 0.6451612903225806
    },
    "hyperparameters": {
        "regularization": 0.07212390071222675,
        "depth_budget": 4,
        "time_limit": 60,
        "diagnostics": true,
        "objective": "bacc",
        "theta": null,
        "w": null
    }
}