{
    "train": {
        "accuracy": 0.8144329896907216,
        "balanced_accuracy": 0.8118073316283035,
        "precision": 0.8333333333333334,
        "recall": 0.7608695652173914,
        "roc_auc": 0.8118073316283035
    },
    "test": {
        "accuracy": 0.7037037037037037,
        "balanced_accuracy": 0.7054698457223001,
        "precision": 0.6346153846153846,
        "recall": 0.717391304347826,
        "roc_auc": 0.7054698457223002
    },
    "hyperparameters": {
        "regularization": 0.04506082602705127,
        "depth_budget": 4,
        "time_limit": 60,
        "diagnostics": true,
        "objective": "bacc",
        "theta": null,
        "w": null
    }
}