{
    "train": {
        "accuracy": 0.9144736842105263,
        "balanced_accuracy": 0.9222148978246538,
        "precision": 0.7857142857142857,
        "recall": 0.9390243902439024,
        "roc_auc": 0.9480059327620304
    },
    "test": {
        "accuracy": 0.8702064896755162,
        "balanced_accuracy": 0.8811806016892854,
        "precision": 0.6727272727272727,
        "recall": 0.9024390243902439,
        "roc_auc": 0.9037914017272468
    },
    "hyperparameters": {
        "min_samples_split": 13,
        "min_samples_leaf": 4,
        "criterion": "gini",
        "splitter": "best",
        "max_depth": 3,
        "class_weight": "balanced"
    },
    "parsed_tree": {
        "MAX.LENGTH ASPECT RATIO": {
            "<= 8.5000": {
                "SCATTER RATIO": {
                    "<= 142.5000": {
                        "value": 0
                    },
                    "> 142.5000": {
                        "SKEWNESS ABOUT_MAJOR": {
                            "<= 67.5000": {
                                "value": 0
                            },
                            "> 67.5000": {
                                "value": 1
                            }
                        }
                    }
                }
            },
            "> 8.5000": {
                "HOLLOWS RATIO": {
                    "<= 189.5000": {
                        "value": 1
                    },
                    "> 189.5000": {
                        "value": 0
                    }
                }
            }
        }
    },
    "native_representation": "|--- MAX.LENGTH ASPECT RATIO <= 8.50\n|   |--- SCATTER RATIO <= 142.50\n|   |   |--- class: 0\n|   |--- SCATTER RATIO >  142.50\n|   |   |--- SKEWNESS ABOUT_MAJOR <= 67.50\n|   |   |   |--- class: 0\n|   |   |--- SKEWNESS ABOUT_MAJOR >  67.50\n|   |   |   |--- class: 1\n|--- MAX.LENGTH ASPECT RATIO >  8.50\n|   |--- HOLLOWS RATIO <= 189.50\n|   |   |--- class: 1\n|   |--- HOLLOWS RATIO >  189.50\n|   |   |--- class: 0\n"
}