{
    "train": {
        "accuracy": 0.9243421052631579,
        "balanced_accuracy": 0.9366622720281257,
        "precision": 0.797979797979798,
        "recall": 0.9634146341463414,
        "roc_auc": 0.9755548231157987
    },
    "test": {
        "accuracy": 0.887905604719764,
        "balanced_accuracy": 0.9177659675429439,
        "precision": 0.6896551724137931,
        "recall": 0.975609756097561,
        "roc_auc": 0.946403150801936
    },
    "hyperparameters": {
        "min_samples_split": 9,
        "min_samples_leaf": 8,
        "criterion": "gini",
        "splitter": "best",
        "max_depth": 3,
        "class_weight": "balanced"
    },
    "parsed_tree": {
        "MAX.LENGTH ASPECT RATIO": {
            "<= 7.5000": {
                "ELONGATEDNESS": {
                    "<= 46.5000": {
                        "MAX.LENGTH RECTANGULARITY": {
                            "<= 134.5000": {
                                "value": 1
                            },
                            "> 134.5000": {
                                "value": 1
                            }
                        }
                    },
                    "> 46.5000": {
                        "PR.AXIS RECTANGULARITY": {
                            "<= 17.5000": {
                                "value": 0
                            },
                            "> 17.5000": {
                                "value": 0
                            }
                        }
                    }
                }
            },
            "> 7.5000": {
                "HOLLOWS RATIO": {
                    "<= 188.5000": {
                        "value": 1
                    },
                    "> 188.5000": {
                        "DISTANCE CIRCULARITY": {
                            "<= 75.5000": {
                                "value": 0
                            },
                            "> 75.5000": {
                                "value": 0
                            }
                        }
                    }
                }
            }
        }
    },
    "native_representation": "|--- MAX.LENGTH ASPECT RATIO <= 7.50\n|   |--- ELONGATEDNESS <= 46.50\n|   |   |--- MAX.LENGTH RECTANGULARITY <= 134.50\n|   |   |   |--- class: 1\n|   |   |--- MAX.LENGTH RECTANGULARITY >  134.50\n|   |   |   |--- class: 1\n|   |--- ELONGATEDNESS >  46.50\n|   |   |--- PR.AXIS RECTANGULARITY <= 17.50\n|   |   |   |--- class: 0\n|   |   |--- PR.AXIS RECTANGULARITY >  17.50\n|   |   |   |--- class: 0\n|--- MAX.LENGTH ASPECT RATIO >  7.50\n|   |--- HOLLOWS RATIO <= 188.50\n|   |   |--- class: 1\n|   |--- HOLLOWS RATIO >  188.50\n|   |   |--- DISTANCE CIRCULARITY <= 75.50\n|   |   |   |--- class: 0\n|   |   |--- DISTANCE CIRCULARITY >  75.50\n|   |   |   |--- class: 0\n"
}