{
    "train": {
        "accuracy": 0.8585526315789473,
        "balanced_accuracy": 0.9065217391304348,
        "precision": 0.6324786324786325,
        "recall": 1.0,
        "roc_auc": 0.9578437132784958
    },
    "test": {
        "accuracy": 0.831858407079646,
        "balanced_accuracy": 0.8808009869981968,
        "precision": 0.5925925925925926,
        "recall": 0.975609756097561,
        "roc_auc": 0.9147290500142355
    },
    "hyperparameters": {
        "min_samples_split": 15,
        "min_samples_leaf": 1,
        "criterion": "gini",
        "splitter": "best",
        "max_depth": 3,
        "class_weight": "balanced"
    },
    "parsed_tree": {
        "MAX.LENGTH ASPECT RATIO": {
            "<= 8.5000": {
                "SCALED VARIANCE_MINOR": {
                    "<= 306.0000": {
                        "value": 0
                    },
                    "> 306.0000": {
                        "PR.AXIS ASPECT RATIO": {
                            "<= 63.5000": {
                                "value": 1
                            },
                            "> 63.5000": {
                                "value": 1
                            }
                        }
                    }
                }
            },
            "> 8.5000": {
                "HOLLOWS RATIO": {
                    "<= 187.0000": {
                        "value": 1
                    },
                    "> 187.0000": {
                        "value": 0
                    }
                }
            }
        }
    },
    "native_representation": "|--- MAX.LENGTH ASPECT RATIO <= 8.50\n|   |--- SCALED VARIANCE_MINOR <= 306.00\n|   |   |--- class: 0\n|   |--- SCALED VARIANCE_MINOR >  306.00\n|   |   |--- PR.AXIS ASPECT RATIO <= 63.50\n|   |   |   |--- class: 1\n|   |   |--- PR.AXIS ASPECT RATIO >  63.50\n|   |   |   |--- class: 1\n|--- MAX.LENGTH ASPECT RATIO >  8.50\n|   |--- HOLLOWS RATIO <= 187.00\n|   |   |--- class: 1\n|   |--- HOLLOWS RATIO >  187.00\n|   |   |--- class: 0\n"
}