{
    "train": {
        "accuracy": 0.9605263157894737,
        "balanced_accuracy": 0.969047619047619,
        "precision": 0.8829787234042553,
        "recall": 0.9880952380952381,
        "roc_auc": 0.9768939393939394
    },
    "test": {
        "accuracy": 0.9144542772861357,
        "balanced_accuracy": 0.9228195881180601,
        "precision": 0.7623762376237624,
        "recall": 0.9390243902439024,
        "roc_auc": 0.9418715004270665
    },
    "hyperparameters": {
        "min_samples_split": 2,
        "min_samples_leaf": 1,
        "criterion": "gini",
        "splitter": "best",
        "max_depth": 3,
        "class_weight": "balanced"
    },
    "parsed_tree": {
        "MAX.LENGTH ASPECT RATIO": {
            "<= 7.5000": {
                "ELONGATEDNESS": {
                    "<= 46.5000": {
                        "SKEWNESS ABOUT_MINOR": {
                            "<= 11.5000": {
                                "value": 1
                            },
                            "> 11.5000": {
                                "value": 0
                            }
                        }
                    },
                    "> 46.5000": {
                        "value": 0
                    }
                }
            },
            "> 7.5000": {
                "HOLLOWS RATIO": {
                    "<= 190.0000": {
                        "SCALED VARIANCE_MINOR": {
                            "<= 299.0000": {
                                "value": 0
                            },
                            "> 299.0000": {
                                "value": 1
                            }
                        }
                    },
                    "> 190.0000": {
                        "value": 0
                    }
                }
            }
        }
    },
    "native_representation": "|--- MAX.LENGTH ASPECT RATIO <= 7.50\n|   |--- ELONGATEDNESS <= 46.50\n|   |   |--- SKEWNESS ABOUT_MINOR <= 11.50\n|   |   |   |--- class: 1\n|   |   |--- SKEWNESS ABOUT_MINOR >  11.50\n|   |   |   |--- class: 0\n|   |--- ELONGATEDNESS >  46.50\n|   |   |--- class: 0\n|--- MAX.LENGTH ASPECT RATIO >  7.50\n|   |--- HOLLOWS RATIO <= 190.00\n|   |   |--- SCALED VARIANCE_MINOR <= 299.00\n|   |   |   |--- class: 0\n|   |   |--- SCALED VARIANCE_MINOR >  299.00\n|   |   |   |--- class: 1\n|   |--- HOLLOWS RATIO >  190.00\n|   |   |--- class: 0\n"
}