{
    "train": {
        "accuracy": 0.9375,
        "balanced_accuracy": 0.942340516321741,
        "precision": 0.845360824742268,
        "recall": 0.9534883720930233,
        "roc_auc": 0.9678365692340516
    },
    "test": {
        "accuracy": 0.8997050147492626,
        "balanced_accuracy": 0.9130919616589162,
        "precision": 0.7264150943396226,
        "recall": 0.9390243902439024,
        "roc_auc": 0.9372449463794248
    },
    "hyperparameters": {
        "min_samples_split": 6,
        "min_samples_leaf": 8,
        "criterion": "gini",
        "splitter": "best",
        "max_depth": 3,
        "class_weight": "balanced"
    },
    "parsed_tree": {
        "MAX.LENGTH ASPECT RATIO": {
            "<= 7.5000": {
                "SCALED VARIANCE_MINOR": {
                    "<= 305.5000": {
                        "value": 0
                    },
                    "> 305.5000": {
                        "SKEWNESS ABOUT_MINOR": {
                            "<= 11.5000": {
                                "value": 1
                            },
                            "> 11.5000": {
                                "value": 0
                            }
                        }
                    }
                }
            },
            "> 7.5000": {
                "HOLLOWS RATIO": {
                    "<= 189.5000": {
                        "value": 1
                    },
                    "> 189.5000": {
                        "DISTANCE CIRCULARITY": {
                            "<= 71.0000": {
                                "value": 0
                            },
                            "> 71.0000": {
                                "value": 0
                            }
                        }
                    }
                }
            }
        }
    },
    "native_representation": "|--- MAX.LENGTH ASPECT RATIO <= 7.50\n|   |--- SCALED VARIANCE_MINOR <= 305.50\n|   |   |--- class: 0\n|   |--- SCALED VARIANCE_MINOR >  305.50\n|   |   |--- SKEWNESS ABOUT_MINOR <= 11.50\n|   |   |   |--- class: 1\n|   |   |--- SKEWNESS ABOUT_MINOR >  11.50\n|   |   |   |--- class: 0\n|--- MAX.LENGTH ASPECT RATIO >  7.50\n|   |--- HOLLOWS RATIO <= 189.50\n|   |   |--- class: 1\n|   |--- HOLLOWS RATIO >  189.50\n|   |   |--- DISTANCE CIRCULARITY <= 71.00\n|   |   |   |--- class: 0\n|   |   |--- DISTANCE CIRCULARITY >  71.00\n|   |   |   |--- class: 0\n"
}