{
    "train": {
        "accuracy": 0.7611111111111111,
        "balanced_accuracy": 0.703486080756691,
        "precision": 0.8060836501901141,
        "recall": 0.8582995951417004,
        "roc_auc": 0.7875568772168678
    },
    "test": {
        "accuracy": 0.6425,
        "balanced_accuracy": 0.5542221960136808,
        "precision": 0.725752508361204,
        "recall": 0.7805755395683454,
        "roc_auc": 0.6510938789951646
    },
    "hyperparameters": {
        "min_sup": 5,
        "max_depth": 4,
        "time_limit": 60
    },
    "training_time": 60.04035401344299
}