{
    "train": {
        "accuracy": 0.7777777777777778,
        "balanced_accuracy": 0.7095853365384616,
        "precision": 0.825925925925926,
        "recall": 0.87109375,
        "roc_auc": 0.8082181490384616
    },
    "test": {
        "accuracy": 0.6625,
        "balanced_accuracy": 0.5801096827456068,
        "precision": 0.7407407407407407,
        "recall": 0.7913669064748201,
        "roc_auc": 0.6682981483665527
    },
    "hyperparameters": {
        "min_sup": 3,
        "max_depth": 4,
        "time_limit": 60
    },
    "training_time": 60.14742374420166
}