{
    "train": {
        "accuracy": 0.7666666666666667,
        "balanced_accuracy": 0.7064425770308123,
        "precision": 0.8250950570342205,
        "recall": 0.8509803921568627,
        "roc_auc": 0.8093557422969188
    },
    "test": {
        "accuracy": 0.675,
        "balanced_accuracy": 0.6006014860242953,
        "precision": 0.7534246575342466,
        "recall": 0.7913669064748201,
        "roc_auc": 0.6949669772378817
    },
    "hyperparameters": {
        "min_sup": 6,
        "max_depth": 4,
        "time_limit": 60
    },
    "training_time": 60.100831747055054
}