{
    "train": {
        "accuracy": 0.7666666666666667,
        "balanced_accuracy": 0.7222222222222223,
        "precision": 0.8333333333333334,
        "recall": 0.8333333333333334,
        "roc_auc": 0.8072457378012935
    },
    "test": {
        "accuracy": 0.65,
        "balanced_accuracy": 0.5688170774855525,
        "precision": 0.7346938775510204,
        "recall": 0.7769784172661871,
        "roc_auc": 0.6583913197311003
    },
    "hyperparameters": {
        "min_sup": 7,
        "max_depth": 4,
        "time_limit": 60
    },
    "training_time": 60.12779092788696
}