{
    "train": {
        "accuracy": 0.7583333333333333,
        "balanced_accuracy": 0.6765705866797628,
        "precision": 0.8079710144927537,
        "recall": 0.867704280155642,
        "roc_auc": 0.7919799025348495
    },
    "test": {
        "accuracy": 0.6675,
        "balanced_accuracy": 0.5745076070291308,
        "precision": 0.7361563517915309,
        "recall": 0.8129496402877698,
        "roc_auc": 0.6331377520934073
    },
    "hyperparameters": {
        "min_sup": 4,
        "max_depth": 4,
        "time_limit": 60
    },
    "training_time": 60.09451460838318
}