{
    "train": {
        "accuracy": 0.7862318840579711,
        "balanced_accuracy": 0.7974140413523009,
        "precision": 0.6532258064516129,
        "recall": 0.8350515463917526,
        "roc_auc": 0.8644819443644531
    },
    "test": {
        "accuracy": 0.7305194805194806,
        "balanced_accuracy": 0.7226852948141131,
        "precision": 0.5806451612903226,
        "recall": 0.6990291262135923,
        "roc_auc": 0.7684584418659721
    },
    "hyperparameters": {
        "min_samples_split": 9,
        "min_samples_leaf": 1,
        "max_depth": 3
    }
}