{
    "train": {
        "accuracy": 0.7789855072463768,
        "balanced_accuracy": 0.7020964119103841,
        "precision": 0.86,
        "recall": 0.44329896907216493,
        "roc_auc": 0.8584921960490699
    },
    "test": {
        "accuracy": 0.7402597402597403,
        "balanced_accuracy": 0.6333885863130475,
        "precision": 0.7804878048780488,
        "recall": 0.3106796116504854,
        "roc_auc": 0.7571631541558133
    },
    "hyperparameters": {
        "min_samples_split": 9,
        "min_samples_leaf": 9,
        "max_depth": 3
    }
}