{
    "train": {
        "accuracy": 0.7789855072463768,
        "balanced_accuracy": 0.7706661428811943,
        "precision": 0.6909090909090909,
        "recall": 0.7378640776699029,
        "roc_auc": 0.8292272293619171
    },
    "test": {
        "accuracy": 0.7305194805194806,
        "balanced_accuracy": 0.7057778830215486,
        "precision": 0.5909090909090909,
        "recall": 0.6310679611650486,
        "roc_auc": 0.7946483542505328
    },
    "hyperparameters": {
        "min_samples_split": 6,
        "min_samples_leaf": 13,
        "max_depth": 3
    }
}