{
    "train": {
        "accuracy": 0.7934782608695652,
        "balanced_accuracy": 0.7649391856160761,
        "precision": 0.7,
        "recall": 0.6774193548387096,
        "roc_auc": 0.8563957929373054
    },
    "test": {
        "accuracy": 0.7792207792207793,
        "balanced_accuracy": 0.7278711816244376,
        "precision": 0.7108433734939759,
        "recall": 0.5728155339805825,
        "roc_auc": 0.7799905280606203
    },
    "hyperparameters": {
        "min_samples_split": 6,
        "min_samples_leaf": 13,
        "max_depth": 3
    }
}