{
    "train": {
        "accuracy": 0.7572463768115942,
        "balanced_accuracy": 0.6865424546832033,
        "precision": 0.875,
        "recall": 0.4077669902912621,
        "roc_auc": 0.8435377967338235
    },
    "test": {
        "accuracy": 0.7467532467532467,
        "balanced_accuracy": 0.6430973241771253,
        "precision": 0.7906976744186046,
        "recall": 0.3300970873786408,
        "roc_auc": 0.7853184939616387
    },
    "hyperparameters": {
        "min_samples_split": 7,
        "min_samples_leaf": 8,
        "max_depth": 3
    }
}