{
    "train": {
        "accuracy": 0.8277511961722488,
        "balanced_accuracy": 0.8180582735377255,
        "precision": 0.684931506849315,
        "recall": 0.7936507936507936,
        "roc_auc": 0.8995977386388345
    },
    "test": {
        "accuracy": 0.6324786324786325,
        "balanced_accuracy": 0.5369559388685317,
        "precision": 0.3442622950819672,
        "recall": 0.31343283582089554,
        "roc_auc": 0.5057199034766289
    },
    "hyperparameters": {
        "min_sup": 9,
        "max_depth": 4,
        "time_limit": 60
    },
    "training_time": 60.03490996360779
}