{
    "train": {
        "accuracy": 0.8708133971291866,
        "balanced_accuracy": 0.8694555392053815,
        "precision": 0.7631578947368421,
        "recall": 0.8656716417910447,
        "roc_auc": 0.9017237754887535
    },
    "test": {
        "accuracy": 0.6367521367521367,
        "balanced_accuracy": 0.5756993475735097,
        "precision": 0.3815789473684211,
        "recall": 0.43283582089552236,
        "roc_auc": 0.5876307087317902
    },
    "hyperparameters": {
        "min_sup": 4,
        "max_depth": 4,
        "time_limit": 60
    },
    "training_time": 60.04475998878479
}