{
    "train": {
        "accuracy": 0.8325358851674641,
        "balanced_accuracy": 0.7642543859649122,
        "precision": 0.7291666666666666,
        "recall": 0.6140350877192983,
        "roc_auc": 0.8594182825484764
    },
    "test": {
        "accuracy": 0.6752136752136753,
        "balanced_accuracy": 0.5847707569934757,
        "precision": 0.423728813559322,
        "recall": 0.373134328358209,
        "roc_auc": 0.5928590580033962
    },
    "hyperparameters": {
        "min_sup": 1,
        "max_depth": 4,
        "time_limit": 60
    },
    "training_time": 60.14315342903137
}