{
    "train": {
        "accuracy": 0.8229665071770335,
        "balanced_accuracy": 0.8289473684210527,
        "precision": 0.631578947368421,
        "recall": 0.8421052631578947,
        "roc_auc": 0.8886772853185595
    },
    "test": {
        "accuracy": 0.5982905982905983,
        "balanced_accuracy": 0.5532219143801949,
        "precision": 0.3448275862068966,
        "recall": 0.44776119402985076,
        "roc_auc": 0.5707391187773707
    },
    "hyperparameters": {
        "min_sup": 10,
        "max_depth": 4,
        "time_limit": 60
    },
    "training_time": 60.05780386924744
}