{
    "train": {
        "accuracy": 0.8181818181818182,
        "balanced_accuracy": 0.8013559322033899,
        "precision": 0.6521739130434783,
        "recall": 0.7627118644067796,
        "roc_auc": 0.8589830508474576
    },
    "test": {
        "accuracy": 0.6324786324786325,
        "balanced_accuracy": 0.5548306372329967,
        "precision": 0.36231884057971014,
        "recall": 0.373134328358209,
        "roc_auc": 0.4672446152471177
    },
    "hyperparameters": {
        "min_sup": 10,
        "max_depth": 4,
        "time_limit": 60
    },
    "training_time": 60.03854179382324
}