{
    "train": {
        "accuracy": 0.6507177033492823,
        "balanced_accuracy": 0.7001129943502825,
        "precision": 0.43636363636363634,
        "recall": 0.8135593220338984,
        "roc_auc": 0.7019774011299434
    },
    "test": {
        "accuracy": 0.6410256410256411,
        "balanced_accuracy": 0.6635981767807668,
        "precision": 0.4247787610619469,
        "recall": 0.7164179104477612,
        "roc_auc": 0.677093574045938
    },
    "hyperparameters": {
        "regularization": 0.01942426120133732,
        "depth_budget": 3,
        "time_limit": 60,
        "diagnostics": true,
        "objective": "bacc",
        "theta": null,
        "w": null
    }
}