{
    "train": {
        "accuracy": 0.645933014354067,
        "balanced_accuracy": 0.6803132226192978,
        "precision": 0.46846846846846846,
        "recall": 0.7761194029850746,
        "roc_auc": 0.7178894261088922
    },
    "test": {
        "accuracy": 0.6452991452991453,
        "balanced_accuracy": 0.6844668871212798,
        "precision": 0.43333333333333335,
        "recall": 0.7761194029850746,
        "roc_auc": 0.689158995441952
    },
    "hyperparameters": {
        "regularization": 0.01941069798712276,
        "depth_budget": 3,
        "time_limit": 60,
        "diagnostics": true,
        "objective": "bacc",
        "theta": null,
        "w": null
    }
}