{
    "train": {
        "accuracy": 0.6602870813397129,
        "balanced_accuracy": 0.7207545118504023,
        "precision": 0.4661016949152542,
        "recall": 0.873015873015873,
        "roc_auc": 0.7229288975864318
    },
    "test": {
        "accuracy": 0.5982905982905983,
        "balanced_accuracy": 0.6425954062025203,
        "precision": 0.3937007874015748,
        "recall": 0.746268656716418,
        "roc_auc": 0.6416122977924749
    },
    "hyperparameters": {
        "regularization": 0.0013684994871897603,
        "depth_budget": 3,
        "time_limit": 60,
        "diagnostics": true,
        "objective": "bacc",
        "theta": null,
        "w": null
    }
}