{
    "train": {
        "accuracy": 0.6746411483253588,
        "balanced_accuracy": 0.7050438596491229,
        "precision": 0.4444444444444444,
        "recall": 0.7719298245614035,
        "roc_auc": 0.7216643582640812
    },
    "test": {
        "accuracy": 0.6538461538461539,
        "balanced_accuracy": 0.6412994905710966,
        "precision": 0.4270833333333333,
        "recall": 0.6119402985074627,
        "roc_auc": 0.632630261864331
    },
    "hyperparameters": {
        "regularization": 0.004218175054682687,
        "depth_budget": 3,
        "time_limit": 60,
        "diagnostics": true,
        "objective": "bacc",
        "theta": null,
        "w": null
    }
}