{
    "train": {
        "accuracy": 0.9072164948453608,
        "balanced_accuracy": 0.9080851063829787,
        "precision": 0.88,
        "recall": 0.9361702127659575,
        "roc_auc": 0.9768085106382979
    },
    "test": {
        "accuracy": 0.6851851851851852,
        "balanced_accuracy": 0.6977559607293128,
        "precision": 0.6,
        "recall": 0.782608695652174,
        "roc_auc": 0.7366760168302946
    },
    "hyperparameters": {
        "min_samples_split": 12,
        "min_samples_leaf": 5,
        "criterion": "gini",
        "splitter": "best",
        "max_depth": 4,
        "class_weight": "balanced"
    },
    "parsed_tree": {
        "chest": {
            "<= 2.5000": {
                "oldpeak": {
                    "<= 0.2500": {
                        "resting_blood_pressure": {
                            "<= 109.0000": {
                                "value": 0
                            },
                            "> 109.0000": {
                                "value": 0
                            }
                        }
                    },
                    "> 0.2500": {
                        "thal": {
                            "<= 0.5000": {
                                "age": {
                                    "<= 52.5000": {
                                        "value": 0
                                    },
                                    "> 52.5000": {
                                        "value": 0
                                    }
                                }
                            },
                            "> 0.5000": {
                                "value": 1
                            }
                        }
                    }
                }
            },
            "> 2.5000": {
                "oldpeak": {
                    "<= 0.7000": {
                        "age": {
                            "<= 50.5000": {
                                "value": 0
                            },
                            "> 50.5000": {
                                "value": 1
                            }
                        }
                    },
                    "> 0.7000": {
                        "age": {
                            "<= 65.5000": {
                                "value": 1
                            },
                            "> 65.5000": {
                                "value": 1
                            }
                        }
                    }
                }
            }
        }
    },
    "native_representation": "|--- chest <= 2.50\n|   |--- oldpeak <= 0.25\n|   |   |--- resting_blood_pressure <= 109.00\n|   |   |   |--- class: 0\n|   |   |--- resting_blood_pressure >  109.00\n|   |   |   |--- class: 0\n|   |--- oldpeak >  0.25\n|   |   |--- thal <= 0.50\n|   |   |   |--- age <= 52.50\n|   |   |   |   |--- class: 0\n|   |   |   |--- age >  52.50\n|   |   |   |   |--- class: 0\n|   |   |--- thal >  0.50\n|   |   |   |--- class: 1\n|--- chest >  2.50\n|   |--- oldpeak <= 0.70\n|   |   |--- age <= 50.50\n|   |   |   |--- class: 0\n|   |   |--- age >  50.50\n|   |   |   |--- class: 1\n|   |--- oldpeak >  0.70\n|   |   |--- age <= 65.50\n|   |   |   |--- class: 1\n|   |   |--- age >  65.50\n|   |   |   |--- class: 1\n"
}