{
    "train": {
        "accuracy": 0.8762886597938144,
        "balanced_accuracy": 0.8748936170212767,
        "precision": 0.9069767441860465,
        "recall": 0.8297872340425532,
        "roc_auc": 0.937872340425532
    },
    "test": {
        "accuracy": 0.7870370370370371,
        "balanced_accuracy": 0.7780504908835905,
        "precision": 0.7674418604651163,
        "recall": 0.717391304347826,
        "roc_auc": 0.8087307152875176
    },
    "hyperparameters": {
        "min_samples_split": 12,
        "min_samples_leaf": 3,
        "criterion": "gini",
        "splitter": "best",
        "max_depth": 4,
        "class_weight": "balanced"
    },
    "parsed_tree": {
        "chest": {
            "<= 2.5000": {
                "oldpeak": {
                    "<= 1.7000": {
                        "number_of_major_vessels": {
                            "<= 2.5000": {
                                "age": {
                                    "<= 63.5000": {
                                        "value": 0
                                    },
                                    "> 63.5000": {
                                        "value": 0
                                    }
                                }
                            },
                            "> 2.5000": {
                                "value": 1
                            }
                        }
                    },
                    "> 1.7000": {
                        "value": 1
                    }
                }
            },
            "> 2.5000": {
                "number_of_major_vessels": {
                    "<= 0.5000": {
                        "thal": {
                            "<= 1.5000": {
                                "value": 0
                            },
                            "> 1.5000": {
                                "oldpeak": {
                                    "<= 0.7000": {
                                        "value": 0
                                    },
                                    "> 0.7000": {
                                        "value": 1
                                    }
                                }
                            }
                        }
                    },
                    "> 0.5000": {
                        "oldpeak": {
                            "<= 0.0500": {
                                "value": 1
                            },
                            "> 0.0500": {
                                "value": 1
                            }
                        }
                    }
                }
            }
        }
    },
    "native_representation": "|--- chest <= 2.50\n|   |--- oldpeak <= 1.70\n|   |   |--- number_of_major_vessels <= 2.50\n|   |   |   |--- age <= 63.50\n|   |   |   |   |--- class: 0\n|   |   |   |--- age >  63.50\n|   |   |   |   |--- class: 0\n|   |   |--- number_of_major_vessels >  2.50\n|   |   |   |--- class: 1\n|   |--- oldpeak >  1.70\n|   |   |--- class: 1\n|--- chest >  2.50\n|   |--- number_of_major_vessels <= 0.50\n|   |   |--- thal <= 1.50\n|   |   |   |--- class: 0\n|   |   |--- thal >  1.50\n|   |   |   |--- oldpeak <= 0.70\n|   |   |   |   |--- class: 0\n|   |   |   |--- oldpeak >  0.70\n|   |   |   |   |--- class: 1\n|   |--- number_of_major_vessels >  0.50\n|   |   |--- oldpeak <= 0.05\n|   |   |   |--- class: 1\n|   |   |--- oldpeak >  0.05\n|   |   |   |--- class: 1\n"
}