{
    "train": {
        "accuracy": 0.9278350515463918,
        "balanced_accuracy": 0.9236842105263158,
        "precision": 0.9230769230769231,
        "recall": 0.9,
        "roc_auc": 0.9730263157894737
    },
    "test": {
        "accuracy": 0.6296296296296297,
        "balanced_accuracy": 0.6269284712482468,
        "precision": 0.56,
        "recall": 0.6086956521739131,
        "roc_auc": 0.7010869565217392
    },
    "hyperparameters": {
        "min_samples_split": 12,
        "min_samples_leaf": 1,
        "criterion": "gini",
        "splitter": "best",
        "max_depth": 4,
        "class_weight": "balanced"
    },
    "parsed_tree": {
        "exercise_induced_angina": {
            "<= 0.5000": {
                "chest": {
                    "<= 2.5000": {
                        "oldpeak": {
                            "<= 3.5500": {
                                "age": {
                                    "<= 56.5000": {
                                        "value": 0
                                    },
                                    "> 56.5000": {
                                        "value": 0
                                    }
                                }
                            },
                            "> 3.5500": {
                                "value": 1
                            }
                        }
                    },
                    "> 2.5000": {
                        "age": {
                            "<= 59.5000": {
                                "oldpeak": {
                                    "<= 0.8000": {
                                        "value": 0
                                    },
                                    "> 0.8000": {
                                        "value": 1
                                    }
                                }
                            },
                            "> 59.5000": {
                                "value": 1
                            }
                        }
                    }
                }
            },
            "> 0.5000": {
                "oldpeak": {
                    "<= 1.5500": {
                        "maximum_heart_rate_achieved": {
                            "<= 170.0000": {
                                "value": 1
                            },
                            "> 170.0000": {
                                "value": 0
                            }
                        }
                    },
                    "> 1.5500": {
                        "value": 1
                    }
                }
            }
        }
    },
    "native_representation": "|--- exercise_induced_angina <= 0.50\n|   |--- chest <= 2.50\n|   |   |--- oldpeak <= 3.55\n|   |   |   |--- age <= 56.50\n|   |   |   |   |--- class: 0\n|   |   |   |--- age >  56.50\n|   |   |   |   |--- class: 0\n|   |   |--- oldpeak >  3.55\n|   |   |   |--- class: 1\n|   |--- chest >  2.50\n|   |   |--- age <= 59.50\n|   |   |   |--- oldpeak <= 0.80\n|   |   |   |   |--- class: 0\n|   |   |   |--- oldpeak >  0.80\n|   |   |   |   |--- class: 1\n|   |   |--- age >  59.50\n|   |   |   |--- class: 1\n|--- exercise_induced_angina >  0.50\n|   |--- oldpeak <= 1.55\n|   |   |--- maximum_heart_rate_achieved <= 170.00\n|   |   |   |--- class: 1\n|   |   |--- maximum_heart_rate_achieved >  170.00\n|   |   |   |--- class: 0\n|   |--- oldpeak >  1.55\n|   |   |--- class: 1\n"
}