{
    "train": {
        "accuracy": 0.9587628865979382,
        "balanced_accuracy": 0.9580851063829787,
        "precision": 0.9423076923076923,
        "recall": 0.98,
        "roc_auc": 0.9936170212765957
    },
    "test": {
        "accuracy": 0.75,
        "balanced_accuracy": 0.7570126227208976,
        "precision": 0.6727272727272727,
        "recall": 0.8043478260869565,
        "roc_auc": 0.7691093969144461
    },
    "hyperparameters": {
        "min_samples_split": 4,
        "min_samples_leaf": 1,
        "criterion": "gini",
        "splitter": "best",
        "max_depth": 4,
        "class_weight": "balanced"
    },
    "parsed_tree": {
        "chest": {
            "<= 2.5000": {
                "maximum_heart_rate_achieved": {
                    "<= 148.0000": {
                        "oldpeak": {
                            "<= 0.2000": {
                                "number_of_major_vessels": {
                                    "<= 2.0000": {
                                        "value": 0
                                    },
                                    "> 2.0000": {
                                        "value": 1
                                    }
                                }
                            },
                            "> 0.2000": {
                                "value": 1
                            }
                        }
                    },
                    "> 148.0000": {
                        "number_of_major_vessels": {
                            "<= 0.5000": {
                                "maximum_heart_rate_achieved": {
                                    "<= 152.5000": {
                                        "value": 0
                                    },
                                    "> 152.5000": {
                                        "value": 0
                                    }
                                }
                            },
                            "> 0.5000": {
                                "slope": {
                                    "<= 0.5000": {
                                        "value": 0
                                    },
                                    "> 0.5000": {
                                        "value": 1
                                    }
                                }
                            }
                        }
                    }
                }
            },
            "> 2.5000": {
                "number_of_major_vessels": {
                    "<= 0.5000": {
                        "serum_cholestoral": {
                            "<= 276.5000": {
                                "thal": {
                                    "<= 1.5000": {
                                        "value": 0
                                    },
                                    "> 1.5000": {
                                        "value": 1
                                    }
                                }
                            },
                            "> 276.5000": {
                                "value": 1
                            }
                        }
                    },
                    "> 0.5000": {
                        "value": 1
                    }
                }
            }
        }
    },
    "native_representation": "|--- chest <= 2.50\n|   |--- maximum_heart_rate_achieved <= 148.00\n|   |   |--- oldpeak <= 0.20\n|   |   |   |--- number_of_major_vessels <= 2.00\n|   |   |   |   |--- class: 0\n|   |   |   |--- number_of_major_vessels >  2.00\n|   |   |   |   |--- class: 1\n|   |   |--- oldpeak >  0.20\n|   |   |   |--- class: 1\n|   |--- maximum_heart_rate_achieved >  148.00\n|   |   |--- number_of_major_vessels <= 0.50\n|   |   |   |--- maximum_heart_rate_achieved <= 152.50\n|   |   |   |   |--- class: 0\n|   |   |   |--- maximum_heart_rate_achieved >  152.50\n|   |   |   |   |--- class: 0\n|   |   |--- number_of_major_vessels >  0.50\n|   |   |   |--- slope <= 0.50\n|   |   |   |   |--- class: 0\n|   |   |   |--- slope >  0.50\n|   |   |   |   |--- class: 1\n|--- chest >  2.50\n|   |--- number_of_major_vessels <= 0.50\n|   |   |--- serum_cholestoral <= 276.50\n|   |   |   |--- thal <= 1.50\n|   |   |   |   |--- class: 0\n|   |   |   |--- thal >  1.50\n|   |   |   |   |--- class: 1\n|   |   |--- serum_cholestoral >  276.50\n|   |   |   |--- class: 1\n|   |--- number_of_major_vessels >  0.50\n|   |   |--- class: 1\n"
}