{
    "train": {
        "accuracy": 0.8144329896907216,
        "balanced_accuracy": 0.8118073316283035,
        "precision": 0.8333333333333334,
        "recall": 0.7608695652173914,
        "roc_auc": 0.9117647058823529
    },
    "test": {
        "accuracy": 0.7037037037037037,
        "balanced_accuracy": 0.7054698457223001,
        "precision": 0.6346153846153846,
        "recall": 0.717391304347826,
        "roc_auc": 0.738078541374474
    },
    "hyperparameters": {
        "min_samples_split": 13,
        "min_samples_leaf": 13,
        "criterion": "gini",
        "splitter": "best",
        "max_depth": 4,
        "class_weight": "balanced"
    },
    "parsed_tree": {
        "chest": {
            "<= 2.5000": {
                "oldpeak": {
                    "<= 0.2500": {
                        "resting_blood_pressure": {
                            "<= 127.0000": {
                                "value": 0
                            },
                            "> 127.0000": {
                                "value": 0
                            }
                        }
                    },
                    "> 0.2500": {
                        "value": 0
                    }
                }
            },
            "> 2.5000": {
                "oldpeak": {
                    "<= 0.5500": {
                        "value": 1
                    },
                    "> 0.5500": {
                        "serum_cholestoral": {
                            "<= 242.5000": {
                                "value": 1
                            },
                            "> 242.5000": {
                                "value": 1
                            }
                        }
                    }
                }
            }
        }
    },
    "native_representation": "|--- chest <= 2.50\n|   |--- oldpeak <= 0.25\n|   |   |--- resting_blood_pressure <= 127.00\n|   |   |   |--- class: 0\n|   |   |--- resting_blood_pressure >  127.00\n|   |   |   |--- class: 0\n|   |--- oldpeak >  0.25\n|   |   |--- class: 0\n|--- chest >  2.50\n|   |--- oldpeak <= 0.55\n|   |   |--- class: 1\n|   |--- oldpeak >  0.55\n|   |   |--- serum_cholestoral <= 242.50\n|   |   |   |--- class: 1\n|   |   |--- serum_cholestoral >  242.50\n|   |   |   |--- class: 1\n"
}