{
    "train": {
        "accuracy": 0.7555555555555555,
        "balanced_accuracy": 0.7126050420168067,
        "precision": 0.8353413654618473,
        "recall": 0.8156862745098039,
        "roc_auc": 0.7963772175536882
    },
    "test": {
        "accuracy": 0.67,
        "balanced_accuracy": 0.6131029602547471,
        "precision": 0.7644927536231884,
        "recall": 0.7589928057553957,
        "roc_auc": 0.6559440971812713
    },
    "hyperparameters": {
        "min_sup": 10,
        "max_depth": 3,
        "time_limit": 60
    },
    "training_time": 60.180359840393066
}