{
    "train": {
        "accuracy": 0.7166666666666667,
        "balanced_accuracy": 0.5252162744135092,
        "precision": 0.7246376811594203,
        "recall": 0.9727626459143969,
        "roc_auc": 0.7697291375467492
    },
    "test": {
        "accuracy": 0.6925,
        "balanced_accuracy": 0.5097004363722137,
        "precision": 0.699228791773779,
        "recall": 0.9784172661870504,
        "roc_auc": 0.6871977827574005
    },
    "hyperparameters": {
        "min_sup": 6,
        "max_depth": 3,
        "time_limit": 60
    },
    "training_time": 60.06922173500061
}