{
    "train": {
        "accuracy": 0.7833333333333333,
        "balanced_accuracy": 0.787037037037037,
        "precision": 0.8990825688073395,
        "recall": 0.7777777777777778,
        "roc_auc": 0.8096340388007054
    },
    "test": {
        "accuracy": 0.6475,
        "balanced_accuracy": 0.6061151079136691,
        "precision": 0.7644787644787645,
        "recall": 0.7122302158273381,
        "roc_auc": 0.6091372803396627
    },
    "hyperparameters": {
        "min_sup": 1,
        "max_depth": 3,
        "time_limit": 60
    },
    "training_time": 60.095543384552
}