{
    "train": {
        "accuracy": 0.7555555555555555,
        "balanced_accuracy": 0.7522482175486367,
        "precision": 0.8663594470046083,
        "recall": 0.7611336032388664,
        "roc_auc": 0.7687470889613414
    },
    "test": {
        "accuracy": 0.6275,
        "balanced_accuracy": 0.6009258167236702,
        "precision": 0.7654320987654321,
        "recall": 0.6690647482014388,
        "roc_auc": 0.6288182568699139
    },
    "hyperparameters": {
        "min_sup": 7,
        "max_depth": 3,
        "time_limit": 60
    },
    "training_time": 60.049126386642456
}