{
    "train": {
        "accuracy": 0.7583333333333333,
        "balanced_accuracy": 0.7244591346153846,
        "precision": 0.8477366255144033,
        "recall": 0.8046875,
        "roc_auc": 0.7952974759615384
    },
    "test": {
        "accuracy": 0.67,
        "balanced_accuracy": 0.6200023587687227,
        "precision": 0.7703703703703704,
        "recall": 0.7482014388489209,
        "roc_auc": 0.6850601486024295
    },
    "hyperparameters": {
        "min_sup": 9,
        "max_depth": 3,
        "time_limit": 60
    },
    "training_time": 60.14180874824524
}