{
    "train": {
        "accuracy": 0.8914473684210527,
        "balanced_accuracy": 0.8333882663150955,
        "precision": 0.8656716417910447,
        "recall": 0.7073170731707317,
        "roc_auc": 0.9658316853438804
    },
    "test": {
        "accuracy": 0.9144542772861357,
        "balanced_accuracy": 0.8729951599126886,
        "precision": 0.8441558441558441,
        "recall": 0.7926829268292683,
        "roc_auc": 0.9607810572269146
    },
    "hyperparameters": {
        "min_samples_split": 9,
        "min_samples_leaf": 9,
        "max_depth": 3
    }
}