{
    "train": {
        "accuracy": 0.9473684210526315,
        "balanced_accuracy": 0.9231601731601732,
        "precision": 0.9358974358974359,
        "recall": 0.8690476190476191,
        "roc_auc": 0.9838744588744588
    },
    "test": {
        "accuracy": 0.8938053097345132,
        "balanced_accuracy": 0.8759846256050109,
        "precision": 0.75,
        "recall": 0.8414634146341463,
        "roc_auc": 0.937956723925216
    },
    "hyperparameters": {
        "min_samples_split": 12,
        "min_samples_leaf": 4,
        "max_depth": 3
    }
}