{
    "train": {
        "accuracy": 0.9210526315789473,
        "balanced_accuracy": 0.8515863689776733,
        "precision": 0.9464285714285714,
        "recall": 0.7162162162162162,
        "roc_auc": 0.9747943595769684
    },
    "test": {
        "accuracy": 0.8790560471976401,
        "balanced_accuracy": 0.7873683211540287,
        "precision": 0.847457627118644,
        "recall": 0.6097560975609756,
        "roc_auc": 0.9529277783050204
    },
    "hyperparameters": {
        "min_samples_split": 7,
        "min_samples_leaf": 5,
        "max_depth": 3
    }
}