{
    "train": {
        "accuracy": 0.9342105263157895,
        "balanced_accuracy": 0.9280377938914525,
        "precision": 0.8522727272727273,
        "recall": 0.9146341463414634,
        "roc_auc": 0.9724785761371127
    },
    "test": {
        "accuracy": 0.8938053097345132,
        "balanced_accuracy": 0.8801366612887919,
        "precision": 0.7446808510638298,
        "recall": 0.8536585365853658,
        "roc_auc": 0.9431764259276835
    },
    "hyperparameters": {
        "min_samples_split": 12,
        "min_samples_leaf": 12,
        "max_depth": 3
    }
}