{
    "train": {
        "accuracy": 0.9473684210526315,
        "balanced_accuracy": 0.9140174951994879,
        "precision": 0.972972972972973,
        "recall": 0.8372093023255814,
        "roc_auc": 0.9717303179005761
    },
    "test": {
        "accuracy": 0.9262536873156342,
        "balanced_accuracy": 0.8683211540286608,
        "precision": 0.9253731343283582,
        "recall": 0.7560975609756098,
        "roc_auc": 0.9284900825661953
    },
    "hyperparameters": {
        "min_samples_split": 5,
        "min_samples_leaf": 2,
        "max_depth": 3
    }
}