{
    "train": {
        "accuracy": 0.7055555555555556,
        "balanced_accuracy": 0.730532212885154,
        "precision": 0.8860103626943006,
        "recall": 0.6705882352941176,
        "roc_auc": 0.748720821661998
    },
    "test": {
        "accuracy": 0.6675,
        "balanced_accuracy": 0.6756987852341079,
        "precision": 0.8310502283105022,
        "recall": 0.6546762589928058,
        "roc_auc": 0.6673693831819791
    },
    "hyperparameters": {
        "regularization": 0.005462088437993624,
        "depth_budget": 4,
        "time_limit": 60,
        "diagnostics": true,
        "objective": "bacc",
        "theta": null,
        "w": null
    }
}