{
    "train": {
        "accuracy": 0.6111111111111112,
        "balanced_accuracy": 0.669449586339768,
        "precision": 0.8726114649681529,
        "recall": 0.5330739299610895,
        "roc_auc": 0.669449586339768
    },
    "test": {
        "accuracy": 0.64,
        "balanced_accuracy": 0.6812124071234815,
        "precision": 0.8602150537634409,
        "recall": 0.5755395683453237,
        "roc_auc": 0.6812124071234815
    },
    "hyperparameters": {
        "regularization": 0.03550891364759313,
        "depth_budget": 4,
        "time_limit": 60,
        "diagnostics": true,
        "objective": "bacc",
        "theta": null,
        "w": null
    }
}