{
    "train": {
        "mse": 0.46919458521393664,
        "mae": 0.4870640265239085
    },
    "test": {
        "mse": 0.5883924893676072,
        "mae": 0.5399321361895655
    },
    "hyperparameters": {
        "min_samples_split": 14,
        "min_samples_leaf": 1,
        "criterion": "squared_error",
        "splitter": "best",
        "max_depth": 4
    },
    "parsed_tree": {
        "shell_weight": {
            "<= 0.1592": {
                "shell_weight": {
                    "<= 0.0652": {
                        "shell_weight": {
                            "<= 0.0235": {
                                "cisvera_weight": {
                                    "<= 0.0115": {
                                        "value": "-1.8562"
                                    },
                                    "> 0.0115": {
                                        "value": "-1.6181"
                                    }
                                }
                            },
                            "> 0.0235": {
                                "shell_weight": {
                                    "<= 0.0392": {
                                        "value": "-1.2881"
                                    },
                                    "> 0.0392": {
                                        "value": "-1.0284"
                                    }
                                }
                            }
                        }
                    },
                    "> 0.0652": {
                        "sex": {
                            "<= 0.5000": {
                                "shell_weight": {
                                    "<= 0.1353": {
                                        "value": "-0.8158"
                                    },
                                    "> 0.1353": {
                                        "value": "-0.4673"
                                    }
                                }
                            },
                            "> 0.5000": {
                                "shucked_weight": {
                                    "<= 0.2330": {
                                        "value": "-0.1498"
                                    },
                                    "> 0.2330": {
                                        "value": "-0.6478"
                                    }
                                }
                            }
                        }
                    }
                }
            },
            "> 0.1592": {
                "shell_weight": {
                    "<= 0.3145": {
                        "shell_weight": {
                            "<= 0.2495": {
                                "shucked_weight": {
                                    "<= 0.3317": {
                                        "value": "0.1050"
                                    },
                                    "> 0.3317": {
                                        "value": "-0.3300"
                                    }
                                }
                            },
                            "> 0.2495": {
                                "shucked_weight": {
                                    "<= 0.4443": {
                                        "value": "0.5997"
                                    },
                                    "> 0.4443": {
                                        "value": "-0.0769"
                                    }
                                }
                            }
                        }
                    },
                    "> 0.3145": {
                        "shucked_weight": {
                            "<= 0.4135": {
                                "diameter": {
                                    "<= 0.4000": {
                                        "value": "-0.4805"
                                    },
                                    "> 0.4000": {
                                        "value": "1.7841"
                                    }
                                }
                            },
                            "> 0.4135": {
                                "shell_weight": {
                                    "<= 0.5513": {
                                        "value": "0.5435"
                                    },
                                    "> 0.5513": {
                                        "value": "1.8220"
                                    }
                                }
                            }
                        }
                    }
                }
            }
        }
    },
    "native_representation": "|--- shell_weight <= 0.16\n|   |--- shell_weight <= 0.07\n|   |   |--- shell_weight <= 0.02\n|   |   |   |--- cisvera_weight <= 0.01\n|   |   |   |   |--- value: [-1.86]\n|   |   |   |--- cisvera_weight >  0.01\n|   |   |   |   |--- value: [-1.62]\n|   |   |--- shell_weight >  0.02\n|   |   |   |--- shell_weight <= 0.04\n|   |   |   |   |--- value: [-1.29]\n|   |   |   |--- shell_weight >  0.04\n|   |   |   |   |--- value: [-1.03]\n|   |--- shell_weight >  0.07\n|   |   |--- sex <= 0.50\n|   |   |   |--- shell_weight <= 0.14\n|   |   |   |   |--- value: [-0.82]\n|   |   |   |--- shell_weight >  0.14\n|   |   |   |   |--- value: [-0.47]\n|   |   |--- sex >  0.50\n|   |   |   |--- shucked_weight <= 0.23\n|   |   |   |   |--- value: [-0.15]\n|   |   |   |--- shucked_weight >  0.23\n|   |   |   |   |--- value: [-0.65]\n|--- shell_weight >  0.16\n|   |--- shell_weight <= 0.31\n|   |   |--- shell_weight <= 0.25\n|   |   |   |--- shucked_weight <= 0.33\n|   |   |   |   |--- value: [0.10]\n|   |   |   |--- shucked_weight >  0.33\n|   |   |   |   |--- value: [-0.33]\n|   |   |--- shell_weight >  0.25\n|   |   |   |--- shucked_weight <= 0.44\n|   |   |   |   |--- value: [0.60]\n|   |   |   |--- shucked_weight >  0.44\n|   |   |   |   |--- value: [-0.08]\n|   |--- shell_weight >  0.31\n|   |   |--- shucked_weight <= 0.41\n|   |   |   |--- diameter <= 0.40\n|   |   |   |   |--- value: [-0.48]\n|   |   |   |--- diameter >  0.40\n|   |   |   |   |--- value: [1.78]\n|   |   |--- shucked_weight >  0.41\n|   |   |   |--- shell_weight <= 0.55\n|   |   |   |   |--- value: [0.54]\n|   |   |   |--- shell_weight >  0.55\n|   |   |   |   |--- value: [1.82]\n"
}