{
    "train": {
        "mse": 0.4833312559877207,
        "mae": 0.4970587911239958
    },
    "test": {
        "mse": 0.5528419844838514,
        "mae": 0.5265252690025263
    },
    "hyperparameters": {
        "min_samples_split": 15,
        "min_samples_leaf": 3,
        "criterion": "squared_error",
        "splitter": "best",
        "max_depth": 4
    },
    "parsed_tree": {
        "shell_weight": {
            "<= 0.1435": {
                "cisvera_weight": {
                    "<= 0.0312": {
                        "shell_weight": {
                            "<= 0.0220": {
                                "cisvera_weight": {
                                    "<= 0.0115": {
                                        "value": "-1.8633"
                                    },
                                    "> 0.0115": {
                                        "value": "-1.5701"
                                    }
                                }
                            },
                            "> 0.0220": {
                                "sex": {
                                    "<= 0.5000": {
                                        "value": "-1.3834"
                                    },
                                    "> 0.5000": {
                                        "value": "-1.0649"
                                    }
                                }
                            }
                        }
                    },
                    "> 0.0312": {
                        "sex": {
                            "<= 0.5000": {
                                "height": {
                                    "<= 0.1375": {
                                        "value": "-0.8633"
                                    },
                                    "> 0.1375": {
                                        "value": "0.1727"
                                    }
                                }
                            },
                            "> 0.5000": {
                                "diameter": {
                                    "<= 0.2775": {
                                        "value": "-0.6539"
                                    },
                                    "> 0.2775": {
                                        "value": "-0.2347"
                                    }
                                }
                            }
                        }
                    }
                }
            },
            "> 0.1435": {
                "shell_weight": {
                    "<= 0.3748": {
                        "shell_weight": {
                            "<= 0.2597": {
                                "shucked_weight": {
                                    "<= 0.3355": {
                                        "value": "0.0566"
                                    },
                                    "> 0.3355": {
                                        "value": "-0.2651"
                                    }
                                }
                            },
                            "> 0.2597": {
                                "shucked_weight": {
                                    "<= 0.4143": {
                                        "value": "0.8251"
                                    },
                                    "> 0.4143": {
                                        "value": "0.1374"
                                    }
                                }
                            }
                        }
                    },
                    "> 0.3748": {
                        "shucked_weight": {
                            "<= 0.5502": {
                                "length": {
                                    "<= 0.5675": {
                                        "value": "3.4310"
                                    },
                                    "> 0.5675": {
                                        "value": "1.4953"
                                    }
                                }
                            },
                            "> 0.5502": {
                                "shell_weight": {
                                    "<= 0.5393": {
                                        "value": "0.5208"
                                    },
                                    "> 0.5393": {
                                        "value": "1.6765"
                                    }
                                }
                            }
                        }
                    }
                }
            }
        }
    },
    "native_representation": "|--- shell_weight <= 0.14\n|   |--- cisvera_weight <= 0.03\n|   |   |--- shell_weight <= 0.02\n|   |   |   |--- cisvera_weight <= 0.01\n|   |   |   |   |--- value: [-1.86]\n|   |   |   |--- cisvera_weight >  0.01\n|   |   |   |   |--- value: [-1.57]\n|   |   |--- shell_weight >  0.02\n|   |   |   |--- sex <= 0.50\n|   |   |   |   |--- value: [-1.38]\n|   |   |   |--- sex >  0.50\n|   |   |   |   |--- value: [-1.06]\n|   |--- cisvera_weight >  0.03\n|   |   |--- sex <= 0.50\n|   |   |   |--- height <= 0.14\n|   |   |   |   |--- value: [-0.86]\n|   |   |   |--- height >  0.14\n|   |   |   |   |--- value: [0.17]\n|   |   |--- sex >  0.50\n|   |   |   |--- diameter <= 0.28\n|   |   |   |   |--- value: [-0.65]\n|   |   |   |--- diameter >  0.28\n|   |   |   |   |--- value: [-0.23]\n|--- shell_weight >  0.14\n|   |--- shell_weight <= 0.37\n|   |   |--- shell_weight <= 0.26\n|   |   |   |--- shucked_weight <= 0.34\n|   |   |   |   |--- value: [0.06]\n|   |   |   |--- shucked_weight >  0.34\n|   |   |   |   |--- value: [-0.27]\n|   |   |--- shell_weight >  0.26\n|   |   |   |--- shucked_weight <= 0.41\n|   |   |   |   |--- value: [0.83]\n|   |   |   |--- shucked_weight >  0.41\n|   |   |   |   |--- value: [0.14]\n|   |--- shell_weight >  0.37\n|   |   |--- shucked_weight <= 0.55\n|   |   |   |--- length <= 0.57\n|   |   |   |   |--- value: [3.43]\n|   |   |   |--- length >  0.57\n|   |   |   |   |--- value: [1.50]\n|   |   |--- shucked_weight >  0.55\n|   |   |   |--- shell_weight <= 0.54\n|   |   |   |   |--- value: [0.52]\n|   |   |   |--- shell_weight >  0.54\n|   |   |   |   |--- value: [1.68]\n"
}