{
    "train": {
        "mse": 0.45482598440450833,
        "mae": 0.48247801140445096
    },
    "test": {
        "mse": 0.5434827178918832,
        "mae": 0.5155975569295077
    },
    "hyperparameters": {
        "min_samples_split": 5,
        "min_samples_leaf": 13,
        "criterion": "squared_error",
        "splitter": "best",
        "max_depth": 4
    },
    "parsed_tree": {
        "shell_weight": {
            "<= 0.1538": {
                "shell_weight": {
                    "<= 0.0475": {
                        "cisvera_weight": {
                            "<= 0.0173": {
                                "cisvera_weight": {
                                    "<= 0.0112": {
                                        "value": "-1.8304"
                                    },
                                    "> 0.0112": {
                                        "value": "-1.5553"
                                    }
                                }
                            },
                            "> 0.0173": {
                                "diameter": {
                                    "<= 0.2225": {
                                        "value": "-1.3229"
                                    },
                                    "> 0.2225": {
                                        "value": "-1.0810"
                                    }
                                }
                            }
                        }
                    },
                    "> 0.0475": {
                        "sex": {
                            "<= 0.5000": {
                                "length": {
                                    "<= 0.4425": {
                                        "value": "-0.9050"
                                    },
                                    "> 0.4425": {
                                        "value": "-0.5344"
                                    }
                                }
                            },
                            "> 0.5000": {
                                "shucked_weight": {
                                    "<= 0.2330": {
                                        "value": "-0.1799"
                                    },
                                    "> 0.2330": {
                                        "value": "-0.6888"
                                    }
                                }
                            }
                        }
                    }
                }
            },
            "> 0.1538": {
                "shell_weight": {
                    "<= 0.3748": {
                        "shell_weight": {
                            "<= 0.2597": {
                                "shucked_weight": {
                                    "<= 0.2158": {
                                        "value": "0.4676"
                                    },
                                    "> 0.2158": {
                                        "value": "-0.1009"
                                    }
                                }
                            },
                            "> 0.2597": {
                                "shucked_weight": {
                                    "<= 0.3515": {
                                        "value": "1.1401"
                                    },
                                    "> 0.3515": {
                                        "value": "0.2175"
                                    }
                                }
                            }
                        }
                    },
                    "> 0.3748": {
                        "shucked_weight": {
                            "<= 0.5502": {
                                "whole_weight": {
                                    "<= 1.4255": {
                                        "value": "1.4173"
                                    },
                                    "> 1.4255": {
                                        "value": "2.4417"
                                    }
                                }
                            },
                            "> 0.5502": {
                                "shell_weight": {
                                    "<= 0.5725": {
                                        "value": "0.4591"
                                    },
                                    "> 0.5725": {
                                        "value": "1.8746"
                                    }
                                }
                            }
                        }
                    }
                }
            }
        }
    },
    "native_representation": "|--- shell_weight <= 0.15\n|   |--- shell_weight <= 0.05\n|   |   |--- cisvera_weight <= 0.02\n|   |   |   |--- cisvera_weight <= 0.01\n|   |   |   |   |--- value: [-1.83]\n|   |   |   |--- cisvera_weight >  0.01\n|   |   |   |   |--- value: [-1.56]\n|   |   |--- cisvera_weight >  0.02\n|   |   |   |--- diameter <= 0.22\n|   |   |   |   |--- value: [-1.32]\n|   |   |   |--- diameter >  0.22\n|   |   |   |   |--- value: [-1.08]\n|   |--- shell_weight >  0.05\n|   |   |--- sex <= 0.50\n|   |   |   |--- length <= 0.44\n|   |   |   |   |--- value: [-0.90]\n|   |   |   |--- length >  0.44\n|   |   |   |   |--- value: [-0.53]\n|   |   |--- sex >  0.50\n|   |   |   |--- shucked_weight <= 0.23\n|   |   |   |   |--- value: [-0.18]\n|   |   |   |--- shucked_weight >  0.23\n|   |   |   |   |--- value: [-0.69]\n|--- shell_weight >  0.15\n|   |--- shell_weight <= 0.37\n|   |   |--- shell_weight <= 0.26\n|   |   |   |--- shucked_weight <= 0.22\n|   |   |   |   |--- value: [0.47]\n|   |   |   |--- shucked_weight >  0.22\n|   |   |   |   |--- value: [-0.10]\n|   |   |--- shell_weight >  0.26\n|   |   |   |--- shucked_weight <= 0.35\n|   |   |   |   |--- value: [1.14]\n|   |   |   |--- shucked_weight >  0.35\n|   |   |   |   |--- value: [0.22]\n|   |--- shell_weight >  0.37\n|   |   |--- shucked_weight <= 0.55\n|   |   |   |--- whole_weight <= 1.43\n|   |   |   |   |--- value: [1.42]\n|   |   |   |--- whole_weight >  1.43\n|   |   |   |   |--- value: [2.44]\n|   |   |--- shucked_weight >  0.55\n|   |   |   |--- shell_weight <= 0.57\n|   |   |   |   |--- value: [0.46]\n|   |   |   |--- shell_weight >  0.57\n|   |   |   |   |--- value: [1.87]\n"
}