{
    "train": {
        "mse": 0.45998470536206176,
        "mae": 0.4760736275158238
    },
    "test": {
        "mse": 0.5515119448032421,
        "mae": 0.5124656989406612
    },
    "hyperparameters": {
        "min_samples_split": 7,
        "min_samples_leaf": 15,
        "criterion": "squared_error",
        "splitter": "best",
        "max_depth": 4
    },
    "parsed_tree": {
        "shell_weight": {
            "<= 0.1653": {
                "shell_weight": {
                    "<= 0.0475": {
                        "shell_weight": {
                            "<= 0.0270": {
                                "cisvera_weight": {
                                    "<= 0.0133": {
                                        "value": "-1.7864"
                                    },
                                    "> 0.0133": {
                                        "value": "-1.5289"
                                    }
                                }
                            },
                            "> 0.0270": {
                                "sex": {
                                    "<= 0.5000": {
                                        "value": "-1.2549"
                                    },
                                    "> 0.5000": {
                                        "value": "-1.0116"
                                    }
                                }
                            }
                        }
                    },
                    "> 0.0475": {
                        "sex": {
                            "<= 0.5000": {
                                "shell_weight": {
                                    "<= 0.1148": {
                                        "value": "-0.8375"
                                    },
                                    "> 0.1148": {
                                        "value": "-0.5267"
                                    }
                                }
                            },
                            "> 0.5000": {
                                "height": {
                                    "<= 0.1275": {
                                        "value": "-0.3293"
                                    },
                                    "> 0.1275": {
                                        "value": "0.0976"
                                    }
                                }
                            }
                        }
                    }
                }
            },
            "> 0.1653": {
                "shell_weight": {
                    "<= 0.3395": {
                        "shell_weight": {
                            "<= 0.2485": {
                                "shucked_weight": {
                                    "<= 0.3003": {
                                        "value": "0.2151"
                                    },
                                    "> 0.3003": {
                                        "value": "-0.2236"
                                    }
                                }
                            },
                            "> 0.2485": {
                                "shucked_weight": {
                                    "<= 0.3493": {
                                        "value": "1.0230"
                                    },
                                    "> 0.3493": {
                                        "value": "0.1366"
                                    }
                                }
                            }
                        }
                    },
                    "> 0.3395": {
                        "shell_weight": {
                            "<= 0.5135": {
                                "shucked_weight": {
                                    "<= 0.4900": {
                                        "value": "1.3119"
                                    },
                                    "> 0.4900": {
                                        "value": "0.4803"
                                    }
                                }
                            },
                            "> 0.5135": {
                                "length": {
                                    "<= 0.6825": {
                                        "value": "2.9159"
                                    },
                                    "> 0.6825": {
                                        "value": "1.2593"
                                    }
                                }
                            }
                        }
                    }
                }
            }
        }
    },
    "native_representation": "|--- shell_weight <= 0.17\n|   |--- shell_weight <= 0.05\n|   |   |--- shell_weight <= 0.03\n|   |   |   |--- cisvera_weight <= 0.01\n|   |   |   |   |--- value: [-1.79]\n|   |   |   |--- cisvera_weight >  0.01\n|   |   |   |   |--- value: [-1.53]\n|   |   |--- shell_weight >  0.03\n|   |   |   |--- sex <= 0.50\n|   |   |   |   |--- value: [-1.25]\n|   |   |   |--- sex >  0.50\n|   |   |   |   |--- value: [-1.01]\n|   |--- shell_weight >  0.05\n|   |   |--- sex <= 0.50\n|   |   |   |--- shell_weight <= 0.11\n|   |   |   |   |--- value: [-0.84]\n|   |   |   |--- shell_weight >  0.11\n|   |   |   |   |--- value: [-0.53]\n|   |   |--- sex >  0.50\n|   |   |   |--- height <= 0.13\n|   |   |   |   |--- value: [-0.33]\n|   |   |   |--- height >  0.13\n|   |   |   |   |--- value: [0.10]\n|--- shell_weight >  0.17\n|   |--- shell_weight <= 0.34\n|   |   |--- shell_weight <= 0.25\n|   |   |   |--- shucked_weight <= 0.30\n|   |   |   |   |--- value: [0.22]\n|   |   |   |--- shucked_weight >  0.30\n|   |   |   |   |--- value: [-0.22]\n|   |   |--- shell_weight >  0.25\n|   |   |   |--- shucked_weight <= 0.35\n|   |   |   |   |--- value: [1.02]\n|   |   |   |--- shucked_weight >  0.35\n|   |   |   |   |--- value: [0.14]\n|   |--- shell_weight >  0.34\n|   |   |--- shell_weight <= 0.51\n|   |   |   |--- shucked_weight <= 0.49\n|   |   |   |   |--- value: [1.31]\n|   |   |   |--- shucked_weight >  0.49\n|   |   |   |   |--- value: [0.48]\n|   |   |--- shell_weight >  0.51\n|   |   |   |--- length <= 0.68\n|   |   |   |   |--- value: [2.92]\n|   |   |   |--- length >  0.68\n|   |   |   |   |--- value: [1.26]\n"
}