{
    "train": {
        "mse": 0.5047111134121093,
        "mae": 0.4899475523873636
    },
    "test": {
        "mse": 0.5698751803319476,
        "mae": 0.5238792049171145
    },
    "hyperparameters": {
        "min_samples_split": 6,
        "min_samples_leaf": 5,
        "criterion": "squared_error",
        "splitter": "best",
        "max_depth": 4
    },
    "parsed_tree": {
        "shell_weight": {
            "<= 0.1425": {
                "shell_weight": {
                    "<= 0.0395": {
                        "height": {
                            "<= 0.0475": {
                                "length": {
                                    "<= 0.1500": {
                                        "value": "-2.1063"
                                    },
                                    "> 0.1500": {
                                        "value": "-1.7757"
                                    }
                                }
                            },
                            "> 0.0475": {
                                "length": {
                                    "<= 0.2625": {
                                        "value": "-1.5264"
                                    },
                                    "> 0.2625": {
                                        "value": "-1.2951"
                                    }
                                }
                            }
                        }
                    },
                    "> 0.0395": {
                        "sex": {
                            "<= 0.5000": {
                                "shell_weight": {
                                    "<= 0.1148": {
                                        "value": "-0.9035"
                                    },
                                    "> 0.1148": {
                                        "value": "-0.5748"
                                    }
                                }
                            },
                            "> 0.5000": {
                                "diameter": {
                                    "<= 0.2825": {
                                        "value": "-0.6290"
                                    },
                                    "> 0.2825": {
                                        "value": "-0.2915"
                                    }
                                }
                            }
                        }
                    }
                }
            },
            "> 0.1425": {
                "shell_weight": {
                    "<= 0.5232": {
                        "shell_weight": {
                            "<= 0.2597": {
                                "shucked_weight": {
                                    "<= 0.3317": {
                                        "value": "0.0804"
                                    },
                                    "> 0.3317": {
                                        "value": "-0.2675"
                                    }
                                }
                            },
                            "> 0.2597": {
                                "shucked_weight": {
                                    "<= 0.4447": {
                                        "value": "0.9198"
                                    },
                                    "> 0.4447": {
                                        "value": "0.3097"
                                    }
                                }
                            }
                        }
                    },
                    "> 0.5232": {
                        "length": {
                            "<= 0.6925": {
                                "cisvera_weight": {
                                    "<= 0.3063": {
                                        "value": "3.4488"
                                    },
                                    "> 0.3063": {
                                        "value": "2.5229"
                                    }
                                }
                            },
                            "> 0.6925": {
                                "shucked_weight": {
                                    "<= 0.9410": {
                                        "value": "1.6073"
                                    },
                                    "> 0.9410": {
                                        "value": "0.6407"
                                    }
                                }
                            }
                        }
                    }
                }
            }
        }
    },
    "native_representation": "|--- shell_weight <= 0.14\n|   |--- shell_weight <= 0.04\n|   |   |--- height <= 0.05\n|   |   |   |--- length <= 0.15\n|   |   |   |   |--- value: [-2.11]\n|   |   |   |--- length >  0.15\n|   |   |   |   |--- value: [-1.78]\n|   |   |--- height >  0.05\n|   |   |   |--- length <= 0.26\n|   |   |   |   |--- value: [-1.53]\n|   |   |   |--- length >  0.26\n|   |   |   |   |--- value: [-1.30]\n|   |--- shell_weight >  0.04\n|   |   |--- sex <= 0.50\n|   |   |   |--- shell_weight <= 0.11\n|   |   |   |   |--- value: [-0.90]\n|   |   |   |--- shell_weight >  0.11\n|   |   |   |   |--- value: [-0.57]\n|   |   |--- sex >  0.50\n|   |   |   |--- diameter <= 0.28\n|   |   |   |   |--- value: [-0.63]\n|   |   |   |--- diameter >  0.28\n|   |   |   |   |--- value: [-0.29]\n|--- shell_weight >  0.14\n|   |--- shell_weight <= 0.52\n|   |   |--- shell_weight <= 0.26\n|   |   |   |--- shucked_weight <= 0.33\n|   |   |   |   |--- value: [0.08]\n|   |   |   |--- shucked_weight >  0.33\n|   |   |   |   |--- value: [-0.27]\n|   |   |--- shell_weight >  0.26\n|   |   |   |--- shucked_weight <= 0.44\n|   |   |   |   |--- value: [0.92]\n|   |   |   |--- shucked_weight >  0.44\n|   |   |   |   |--- value: [0.31]\n|   |--- shell_weight >  0.52\n|   |   |--- length <= 0.69\n|   |   |   |--- cisvera_weight <= 0.31\n|   |   |   |   |--- value: [3.45]\n|   |   |   |--- cisvera_weight >  0.31\n|   |   |   |   |--- value: [2.52]\n|   |   |--- length >  0.69\n|   |   |   |--- shucked_weight <= 0.94\n|   |   |   |   |--- value: [1.61]\n|   |   |   |--- shucked_weight >  0.94\n|   |   |   |   |--- value: [0.64]\n"
}